segment_onset,segment_offset,speaker_type,vcm_type
11991,15017,NA,NA
12359,12484,FEM,NA
12823,13986,OCH,NA
13993,14133,FEM,NA
14141,14399,OCH,NA
14631,14835,FEM,NA
16492,18431,NA,NA
17714,18075,OCH,NA
18566,23510,NA,NA
18694,21062,FEM,NA
18745,19871,OCH,NA
20667,21992,OCH,NA
21536,23374,FEM,NA
24992,25888,CHI,N
24992,26011,NA,NA
28397,36956,NA,NA
28492,29749,CHI,N
30993,36933,FEM,NA
32587,33171,CHI,C
37960,40010,NA,NA
37992,39858,CHI,Y
40620,43031,NA,NA
40790,41011,CHI,N
41070,42511,FEM,NA
43581,44838,NA,NA
43657,44295,CHI,N
47576,47993,FEM,NA
58492,61248,NA,NA
58507,61254,FEM,NA
71467,72311,OCH,NA
71474,72834,NA,NA
73428,77709,NA,NA
73492,77604,FEM,NA
106118,106511,FEM,NA
106174,106511,NA,NA
110492,113992,NA,NA
110511,113533,FEM,NA
115428,116677,NA,NA
115474,116512,FEM,NA
119546,120602,NA,NA
119698,119853,FEM,NA
120211,120437,FEM,NA
123491,124011,FEM,NA
123491,124011,NA,NA
138574,138790,NA,NA
138584,138786,FEM,NA
144266,145100,FEM,NA
144271,145553,NA,NA
161440,163018,NA,NA
161474,162665,FEM,NA
165011,165132,NA,NA
165012,165118,FEM,NA
165491,169492,FEM,NA
165491,169492,NA,NA
173134,173244,NA,NA
173510,175569,NA,NA
174012,175536,FEM,NA
176970,187411,NA,NA
176992,187137,FEM,NA
186133,186983,MAL,NA
237389,238194,NA,NA
237411,238101,CHI,N
250042,251076,CHI,C
250086,251041,NA,NA
256760,259377,NA,NA
256763,258891,CHI,N
261492,263701,NA,NA
262011,263511,FEM,NA
264899,267511,NA,NA
265489,266010,CHI,N
266124,266510,OCH,NA
266492,267218,FEM,NA
269462,271079,NA,NA
269511,270915,FEM,NA
272450,277431,NA,NA
272575,272992,CHI,N
272589,273011,OCH,NA
274413,274712,CHI,N
275336,275456,CHI,N
275339,277273,FEM,NA
279622,280633,NA,NA
279632,280545,FEM,NA
281792,282661,NA,NA
281915,282651,FEM,NA
286634,288511,NA,NA
286727,287623,CHI,N
287670,288510,FEM,NA
293075,294496,NA,NA
293087,294111,FEM,NA
293782,294079,CHI,N
297829,297993,NA,NA
298423,299493,NA,NA
298510,299433,FEM,NA
316992,317684,NA,NA
331012,332664,NA,NA
331034,332603,FEM,NA
350256,355167,NA,NA
350465,354993,FEM,NA
362011,363493,FEM,NA
362011,363518,NA,NA
363872,363992,NA,NA
364132,364510,NA,NA
372581,372701,NA,NA
372769,377941,FEM,NA
372840,377992,NA,NA
380492,381832,FEM,NA
380492,381992,NA,NA
382992,385346,NA,NA
383010,383201,OCH,NA
383403,385011,OCH,NA
384510,384969,CHI,N
401492,402012,NA,NA
401492,402024,FEM,NA
404992,406516,FEM,NA
404992,411511,NA,NA
406510,408921,CHI,N
408522,410010,FEM,NA
409826,411448,CHI,N
456666,461011,NA,NA
456914,459246,FEM,NA
459938,460950,FEM,NA
466997,469351,NA,NA
467011,468992,FEM,NA
469584,471012,NA,NA
469652,470818,FEM,NA
474299,475992,NA,NA
474485,475511,FEM,NA
476992,477378,NA,NA
478882,483863,NA,NA
478992,480543,FEM,NA
481589,482510,FEM,NA
482276,483476,CHI,N
484184,486492,NA,NA
484564,485060,CHI,N
484670,485782,FEM,NA
485264,486010,CHI,N
492904,495992,NA,NA
492991,493492,FEM,NA
494492,495589,FEM,NA
497011,497185,NA,NA
497492,499215,NA,NA
497492,499227,FEM,NA
502889,504148,NA,NA
502895,504105,FEM,NA
506512,508869,FEM,NA
506512,508993,NA,NA
519946,521011,NA,NA
519991,521572,OCH,NA
563497,574611,NA,NA
563914,564241,FEM,NA
564545,565492,CHI,N
564648,564808,FEM,NA
565171,569992,FEM,NA
570129,570360,NA,J
570166,571079,OCH,NA
570620,570735,CHI,N
570981,571511,FEM,NA
571278,571496,OCH,NA
572570,573510,OCH,NA
572626,574011,CHI,N
573510,574226,FEM,NA
575578,582163,NA,NA
575687,577050,FEM,NA
577591,578955,CHI,N
577623,577993,FEM,NA
578510,579188,FEM,NA
580080,581837,FEM,NA
580446,580993,OCH,NA
582901,584992,NA,NA
583165,583432,FEM,NA
583511,584493,OCH,NA
583551,584445,FEM,NA
586605,587484,NA,NA
586616,587011,FEM,NA
591214,592061,NA,NA
598006,601497,NA,NA
598011,599737,CHI,N
599670,601079,FEM,NA
602424,603895,NA,NA
602492,603385,FEM,NA
604987,606830,NA,NA
604992,606511,FEM,NA
608511,610492,NA,NA
608570,610511,FEM,NA
614135,615510,NA,NA
614167,615492,FEM,NA
625509,627510,FEM,NA
625511,627511,NA,NA
658002,658527,NA,NA
658010,658511,FEM,NA
675253,675493,NA,NA
685194,687011,NA,NA
685432,686878,FEM,NA
685493,686511,OCH,NA
693510,694371,NA,NA
716418,723502,NA,NA
717058,720011,FEM,NA
719511,720510,OCH,NA
721492,723158,FEM,NA
727805,729010,NA,NA
727846,728992,FEM,NA
730684,740269,NA,NA
730735,731992,FEM,NA
732407,733590,FEM,NA
732736,733450,OCH,NA
734511,735259,FEM,NA
734608,735455,MAL,NA
735875,737836,MAL,NA
737512,738511,OCH,NA
738835,740239,FEM,NA
746047,747046,NA,NA
746052,746374,OCH,NA
748973,749621,OCH,NA
749010,749277,NA,NA
752615,756770,NA,NA
752698,753012,OCH,NA
753511,756884,OCH,NA
753791,754431,FEM,NA
759684,766512,NA,NA
760605,762564,MAL,NA
762991,765887,OCH,NA
763170,763371,CHI,N
764993,766024,CHI,N
768791,769724,NA,NA
768795,776026,OCH,NA
770011,770207,NA,NA
770492,770689,NA,NA
770835,776174,NA,NA
773263,773670,CHI,N
775511,775948,CHI,N
778538,782650,NA,NA
778587,779772,FEM,NA
779969,782510,FEM,NA
785012,785382,NA,NA
785492,790992,NA,NA
785680,787351,FEM,NA
786547,786884,OCH,NA
787008,787119,OCH,NA
787541,787652,OCH,NA
787992,790663,OCH,NA
791704,792713,NA,NA
799991,801893,NA,NA
800032,801174,OCH,NA
804497,806519,MAL,NA
804691,805658,NA,NA
808108,810572,NA,NA
808226,810268,FEM,NA
809426,809623,MAL,NA
811242,814492,NA,NA
811433,814011,FEM,NA
813567,813852,MAL,NA
814649,817492,NA,NA
814841,815977,CHI,N
814917,815842,OCH,NA
816402,817129,OCH,NA
817705,821812,NA,NA
818492,820063,CHI,Y
818621,819510,OCH,NA
819707,820011,OCH,NA
820012,821760,FEM,NA
823510,830491,NA,NA
823689,823993,FEM,NA
824972,826508,OCH,NA
825881,826011,CHI,N
826492,829805,FEM,NA
830243,831237,MAL,NA
831058,831242,NA,NA
831414,831846,MAL,NA
831425,831712,NA,NA
832214,834644,NA,NA
832240,832976,MAL,NA
837338,837492,MAL,NA
847010,849470,FEM,NA
847010,851991,NA,NA
849867,851992,FEM,NA
853355,856663,NA,NA
853470,854012,OCH,NA
853983,855443,FEM,NA
854187,854293,OCH,NA
855492,855926,MAL,NA
855714,855913,CHI,N
856138,856423,MAL,NA
856852,858173,NA,NA
856951,857877,CHI,N
856992,857416,OCH,NA
859140,859493,NA,NA
859240,859402,FEM,NA
859724,866231,NA,NA
859832,861660,CHI,Y
861511,863772,FEM,NA
864201,864846,FEM,NA
864527,865356,CHI,N
864599,865271,OCH,NA
866344,866911,NA,NA
868988,870011,NA,NA
869493,869993,FEM,NA
871236,872011,MAL,NA
871275,873165,NA,NA
871984,873012,CHI,N
873988,885492,NA,NA
874025,875264,CHI,C
875462,878012,OCH,NA
876292,876570,FEM,NA
878342,880018,OCH,NA
878676,880731,FEM,NA
880841,882574,FEM,NA
882608,882794,MAL,NA
883691,883814,OCH,NA
884766,885011,FEM,NA
887249,905623,NA,NA
887470,889672,FEM,NA
889993,892668,FEM,NA
893433,893943,CHI,N
894075,894225,MAL,NA
894421,896635,MAL,NA
896788,900990,MAL,NA
901339,902991,FEM,NA
901635,901991,MAL,NA
904026,904250,MAL,NA
908143,913312,NA,NA
908174,909406,FEM,NA
909637,914011,MAL,NA
914512,919011,MAL,NA
915391,921782,NA,NA
919288,919511,CHI,N
919595,920012,FEM,NA
920314,920493,FEM,NA
921903,925357,MAL,NA
921908,931508,NA,NA
925012,926492,CHI,Y
926512,931011,MAL,NA
930278,931476,OCH,NA
931807,932195,OCH,NA
931927,932438,NA,NA
933010,935492,NA,NA
933672,935511,OCH,NA
936993,938497,NA,NA
937492,938010,FEM,NA
938235,938417,FEM,NA
943993,944970,NA,NA
944492,944872,FEM,NA
949511,952876,NA,NA
949745,951492,CHI,C
950570,950904,OCH,NA
951100,951230,FEM,NA
951492,952511,FEM,NA
951855,952322,MAL,NA
959511,961990,MAL,NA
959992,961511,NA,NA
965609,966510,FEM,NA
965630,967481,NA,NA
968510,971230,MAL,NA
969059,970991,NA,NA
977992,978318,OCH,NA
987491,988011,NA,NA
988242,988507,NA,NA
988784,988995,NA,NA
992512,992736,NA,NA
995492,1006187,NA,NA
996492,998269,CHI,Y
998268,1001079,MAL,NA
998335,998767,FEM,NA
1001185,1002992,CHI,Y
1003082,1004790,MAL,NA
1005011,1006012,FEM,NA
1008992,1010992,FEM,NA
1008992,1010992,NA,NA
1012925,1015510,MAL,NA
1013347,1015991,NA,NA
1016830,1016962,OCH,NA
1019778,1021363,NA,NA
1020062,1021132,FEM,NA
1021570,1025581,NA,NA
1021812,1023127,FEM,NA
1023303,1024491,OCH,NA
1023773,1024956,FEM,NA
1026010,1034993,NA,NA
1026385,1028040,FEM,NA
1028619,1028992,FEM,NA
1028658,1030011,CHI,N
1030568,1034491,FEM,NA
1033557,1034765,MAL,NA
1040850,1049296,NA,NA
1041263,1041990,FEM,NA
1041878,1045769,CHI,Y
1045011,1047060,OCH,NA
1047306,1048823,MAL,NA
1047379,1047490,OCH,NA
1047511,1047729,FEM,NA
1047990,1048959,FEM,NA
1050492,1051272,NA,NA
1050659,1050816,FEM,NA
1057264,1058010,NA,NA
1059779,1061169,NA,NA
1059991,1060492,CHI,N
1060391,1061068,OCH,NA
1063010,1065001,NA,NA
1064031,1064510,CHI,N
1076672,1079011,NA,NA
1076779,1078492,CHI,Y
1078351,1078511,FEM,NA
1080992,1081147,NA,NA
1083395,1083628,MAL,NA
1086492,1086769,MAL,NA
1086492,1088524,NA,NA
1087015,1087871,CHI,N
1089534,1094991,NA,NA
1092555,1094398,CHI,C
1096087,1096367,OCH,NA
1097511,1100491,NA,NA
1098011,1098246,FEM,NA
1098152,1098942,CHI,N
1098492,1098787,FEM,NA
1099184,1099493,FEM,NA
1100699,1101193,OCH,NA
1100726,1103610,NA,NA
1101462,1102316,OCH,NA
1101492,1103235,CHI,Y
1103826,1104992,NA,NA
1108060,1112010,NA,NA
1108492,1109992,OCH,NA
1110326,1111992,OCH,NA
1114788,1118011,NA,NA
1115492,1117512,CHI,C
1132100,1134753,OCH,NA
1132491,1134492,NA,NA
1135546,1137077,MAL,NA
1136000,1140992,NA,NA
1138131,1140078,CHI,N
1142245,1143511,OCH,NA
1143010,1143359,NA,NA
1149491,1151332,CHI,C
1149491,1151492,NA,NA
1187863,1187991,NA,NA
1205138,1205481,NA,NA
1205251,1205384,FEM,NA
1208454,1208645,OCH,NA
1214011,1216492,NA,NA
1214030,1216192,MAL,NA
1224492,1226492,NA,NA
1224511,1226028,FEM,NA
1229011,1231991,NA,NA
1229511,1229631,FEM,NA
1230010,1231589,FEM,NA
1231698,1231855,FEM,NA
1236691,1239511,NA,NA
1237984,1239012,OCH,NA
1242319,1243946,NA,NA
1242493,1243796,CHI,N
1250011,1250338,NA,NA
1250141,1250342,FEM,NA
1250468,1251492,FEM,NA
1250488,1251858,NA,NA
1252336,1252446,NA,NA
1260495,1261668,NA,NA
1261011,1261232,FEM,NA
1273047,1273280,MAL,NA
1287266,1287993,NA,NA
1288394,1289474,NA,NA
1294621,1297842,NA,NA
1297991,1301493,NA,NA
1299135,1301010,FEM,NA
1313393,1315992,MAL,NA
1313785,1315586,NA,NA
1316512,1316784,NA,NA
1329441,1329743,MAL,NA
1329980,1332720,MAL,NA
1330493,1332737,NA,NA
1343414,1344553,OCH,NA
1343491,1344520,NA,NA
1349912,1351085,OCH,NA
1349992,1350959,NA,NA
1360884,1364818,OCH,NA
1360992,1364568,NA,NA
1365871,1367715,NA,NA
1365992,1367462,FEM,NA
1369405,1370492,OCH,NA
1369511,1370557,NA,NA
1374492,1375391,NA,NA
1374648,1374992,FEM,NA
1375993,1378035,OCH,NA
1376156,1383891,NA,NA
1377992,1378102,CHI,N
1378011,1383492,FEM,NA
1378389,1378492,OCH,NA
1384992,1385606,NA,NA
1385886,1389627,NA,NA
1386023,1386301,MAL,NA
1386511,1389012,FEM,NA
1388178,1388332,MAL,NA
1391992,1400511,NA,NA
1392010,1395792,OCH,NA
1395767,1396003,FEM,NA
1395903,1396011,OCH,NA
1396155,1396493,OCH,NA
1396167,1398862,CHI,N
1399407,1400035,FEM,NA
1407011,1417865,NA,NA
1407193,1411493,CHI,N
1407399,1409996,OCH,NA
1410809,1411511,OCH,NA
1411378,1412271,FEM,NA
1412819,1415426,MAL,NA
1415492,1417510,FEM,NA
1419002,1420873,NA,NA
1419255,1420510,FEM,NA
1424000,1425991,NA,NA
1424213,1425511,FEM,NA
1428229,1438759,NA,NA
1428481,1429718,FEM,NA
1431511,1432166,CHI,N
1431712,1431837,OCH,NA
1434011,1435366,FEM,NA
1436010,1437468,OCH,NA
1439492,1448142,NA,NA
1440443,1440880,OCH,NA
1440993,1441222,OCH,NA
1441707,1443521,FEM,NA
1443022,1443145,OCH,NA
1443842,1444718,OCH,NA
1444011,1446865,FEM,NA
1449198,1454993,NA,NA
1450285,1450439,OCH,NA
1450508,1454511,FEM,NA
1455133,1465992,NA,NA
1455165,1456886,MAL,NA
1456993,1457580,FEM,NA
1457504,1459018,MAL,NA
1458825,1463999,FEM,NA
1469510,1471690,OCH,NA
1469991,1473514,NA,NA
1470234,1470514,CHI,N
1472624,1472734,OCH,NA
1475297,1479512,NA,NA
1475570,1477656,OCH,NA
1477757,1477992,OCH,NA
1478010,1478653,CHI,N
1478510,1479016,OCH,NA
1486490,1487209,NA,NA
1487317,1490221,NA,NA
1488372,1489518,FEM,NA
1490491,1493530,NA,NA
1490653,1492035,FEM,NA
1492602,1494077,MAL,NA
1496755,1499096,NA,NA
1497493,1498468,FEM,NA
1498573,1498802,FEM,NA
1499484,1503212,NA,NA
1499735,1503010,FEM,NA
1503537,1503993,NA,NA
1505507,1505726,NA,NA
1507012,1507140,NA,NA
1507493,1513511,NA,NA
1507726,1509893,FEM,NA
1509492,1509841,OCH,NA
1510144,1512029,FEM,NA
1512262,1513094,FEM,NA
1514822,1522043,NA,NA
1516511,1516784,FEM,NA
1517010,1517842,FEM,NA
1518011,1520993,OCH,NA
1520011,1520512,CHI,N
1522199,1522511,NA,NA
1524012,1529193,NA,NA
1524228,1525065,OCH,NA
1525011,1527633,FEM,NA
1528392,1528718,MAL,NA
1528863,1528996,MAL,NA
1531492,1542268,NA,NA
1531511,1532469,OCH,NA
1533376,1533543,MAL,NA
1537010,1537587,FEM,NA
1538372,1542091,OCH,NA
1542713,1547993,NA,NA
1542814,1543167,OCH,NA
1543501,1546012,OCH,NA
1546511,1547512,FEM,NA
1549511,1551511,OCH,NA
1549751,1559243,NA,NA
1551992,1555878,OCH,NA
1556177,1558992,FEM,NA
1560944,1563072,MAL,NA
1561012,1565403,NA,NA
1566228,1573030,NA,NA
1566992,1572400,OCH,NA
1574804,1576810,NA,NA
1578035,1580630,NA,NA
1578501,1579492,FEM,NA
1581353,1583493,NA,NA
1582011,1582991,FEM,NA
1583818,1588492,NA,NA
1586512,1588012,FEM,NA
1589417,1595870,NA,NA
1590312,1591011,OCH,NA
1590634,1591010,CHI,N
1592079,1592322,FEM,NA
1593270,1595516,FEM,NA
1599180,1601510,NA,NA
1599507,1601088,FEM,NA
1615044,1615447,NA,NA
1619992,1628139,NA,NA
1620010,1624011,MAL,NA
1622992,1624318,FEM,NA
1625307,1627511,FEM,NA
1628512,1632307,FEM,NA
1628512,1632879,NA,NA
1633071,1638010,NA,NA
1633510,1637992,FEM,NA
1642577,1644519,MAL,NA
1642616,1644577,NA,NA
1645572,1648910,NA,NA
1645711,1645902,OCH,NA
1646011,1647990,MAL,NA
1658264,1659000,MAL,NA
1662512,1666996,NA,NA
1663642,1663752,MAL,NA
1664952,1665490,MAL,NA
1665490,1666341,FEM,NA
1669493,1672993,NA,NA
1671020,1671211,FEM,NA
1671737,1671992,FEM,NA
1672706,1672851,MAL,NA
1675510,1677872,NA,NA
1675888,1676511,OCH,NA
1680333,1681472,NA,NA
1685087,1685511,MAL,NA
1687011,1687300,OCH,NA
1687011,1688992,NA,NA
1687485,1688992,OCH,NA
1689944,1693989,MAL,NA
1690092,1690232,NA,NA
1690372,1692011,NA,NA
1693226,1693363,NA,NA
1693482,1693585,NA,NA
1693992,1694151,NA,NA
1694993,1696022,NA,NA
1695016,1695424,MAL,NA
1698125,1698284,NA,NA
1698636,1699076,OCH,NA
1698735,1698904,NA,NA
1704998,1705378,NA,NA
1705492,1705986,FEM,NA
1705492,1706003,NA,NA
1718511,1719993,NA,NA
1718796,1719834,OCH,NA
1722011,1723110,MAL,NA
1722249,1722992,NA,NA
1723982,1724765,NA,NA
1725157,1726262,NA,NA
1725254,1725883,MAL,NA
1727011,1729991,NA,NA
1727941,1729991,FEM,NA
1737983,1739991,NA,NA
1737992,1739985,FEM,NA
1741719,1741829,NA,NA
1741993,1747511,NA,NA
1742492,1744492,FEM,NA
1744646,1745836,OCH,NA
1745511,1746532,FEM,NA
1746065,1747012,OCH,NA
1746895,1747371,FEM,NA
1757012,1757117,NA,NA
1758500,1761510,NA,NA
1758512,1760775,FEM,NA
1760992,1761510,FEM,NA
1761791,1761992,NA,NA
1762673,1764511,NA,NA
1763983,1764503,FEM,NA
1766492,1767511,OCH,NA
1766510,1768010,NA,NA
1768191,1768296,NA,NA
1774492,1775491,NA,NA
1774992,1775294,FEM,NA
1786749,1786855,OCH,NA
1786992,1788511,OCH,NA
1787009,1789971,NA,NA
1788330,1788511,CHI,N
1789013,1789396,FEM,NA
1793011,1795584,MAL,NA
1793953,1795801,NA,NA
1797706,1797811,NA,NA
1799491,1802594,NA,NA
1800492,1802512,FEM,NA
1802724,1802992,NA,NA
1806011,1807010,OCH,NA
1806011,1808493,NA,NA
1809165,1810395,NA,NA
1809290,1810011,CHI,N
1826007,1826311,NA,NA
1828457,1831164,OCH,NA
1829007,1831493,NA,NA
1835784,1839842,MAL,NA
1835987,1837615,NA,NA
1840166,1841892,NA,NA
1840204,1841925,OCH,NA
1840274,1840991,CHI,N
1844492,1848485,NA,NA
1844567,1844763,OCH,NA
1844949,1845072,OCH,NA
1845217,1846511,OCH,NA
1846476,1848012,FEM,NA
1846721,1848522,OCH,NA
1848984,1850234,OCH,NA
1848992,1850293,NA,NA
1850690,1852237,NA,NA
1850710,1852234,OCH,NA
1860511,1875582,NA,NA
1860992,1861762,CHI,N
1860992,1861775,OCH,NA
1862008,1865867,OCH,NA
1865511,1865617,FEM,NA
1866434,1875120,OCH,NA
1876811,1891209,NA,NA
1876993,1887246,OCH,NA
1880720,1880914,FEM,NA
1880764,1880938,CHI,N
1881316,1881495,FEM,NA
1881681,1881905,CHI,N
1882047,1882167,CHI,N
1883064,1883752,CHI,N
1883993,1884492,FEM,NA
1889607,1889811,FEM,NA
1901546,1903993,NA,NA
1924628,1925025,NA,NA
1924678,1925500,MAL,NA
1938011,1940492,OCH,NA
1938117,1941011,NA,NA
1939992,1940159,CHI,N
1940492,1940673,MAL,NA
1942151,1944512,NA,NA
1942264,1944783,OCH,NA
1942491,1943318,CHI,N
1945991,1948991,NA,NA
1946246,1948511,OCH,NA
1950991,1952015,NA,NA
1953217,1955428,NA,NA
1953273,1955511,OCH,NA
1956994,1957100,NA,NA
1957488,1958511,NA,NA
1957832,1958338,OCH,NA
1962878,1963992,OCH,NA
1964010,1965908,NA,NA
1964265,1964491,OCH,NA
1964765,1965499,OCH,NA
1968268,1974492,OCH,NA
1968346,1981976,NA,NA
1974034,1974402,FEM,NA
1975477,1981992,OCH,NA
1982510,1982822,NA,NA
1982961,1984291,NA,NA
1989011,1989114,NA,NA
1989492,1999835,NA,NA
1991122,1991556,FEM,NA
1992902,1993839,OCH,NA
1995011,1995860,FEM,NA
1997303,1999132,MAL,NA
2000492,2002137,NA,NA
2007992,2008512,NA,NA
2008010,2010852,OCH,NA
2009011,2010395,NA,NA
2010992,2011999,OCH,NA
2011510,2011706,NA,NA
2012523,2012992,OCH,NA
2012735,2018282,NA,NA
2013751,2017558,OCH,NA
2015148,2016010,CHI,N
2019188,2020204,NA,NA
2020586,2020993,NA,NA
2021853,2022649,NA,NA
2022800,2022972,NA,NA
2025005,2025692,NA,NA
2025164,2025341,OCH,NA
2026510,2030511,NA,NA
2027643,2028011,OCH,NA
2036912,2039134,NA,NA
2036991,2039011,OCH,NA
2042368,2043892,MAL,NA
2042369,2042492,NA,NA
2042992,2043348,NA,NA
2050279,2050993,NA,NA
2058193,2060888,MAL,NA
2058492,2060492,NA,NA
2062623,2063011,NA,NA
2067827,2069884,MAL,NA
2068241,2070011,NA,NA
2074879,2082992,NA,NA
2074992,2079010,MAL,NA
2075011,2076162,FEM,NA
2078992,2082742,FEM,NA
2084493,2087011,NA,NA
2084527,2085172,FEM,NA
2085278,2086329,FEM,NA
2090510,2092351,OCH,NA
2090667,2099766,NA,NA
2092993,2093599,CHI,N
2093268,2093492,OCH,NA
2093983,2094849,FEM,NA
2094512,2097489,MAL,NA
2097542,2097994,FEM,NA
2099993,2101512,NA,NA
2100360,2100591,FEM,NA
2100752,2101520,MAL,NA
2102500,2103047,MAL,NA
2104586,2106036,MAL,NA
2110011,2112011,FEM,NA
2110011,2113810,NA,NA
2113987,2122178,NA,NA
2115889,2116014,MAL,NA
2117077,2117673,OCH,NA
2117917,2118516,OCH,NA
2118020,2119193,CHI,N
2118724,2121491,FEM,NA
2121749,2121952,OCH,NA
2123511,2123622,NA,NA
2123982,2124925,NA,NA
2125295,2130511,NA,NA
2125492,2129510,OCH,NA
2130246,2130391,FEM,NA
2131799,2136637,OCH,NA
2131991,2137003,NA,NA
2135511,2136512,CHI,N
2137281,2142025,NA,NA
2137403,2142133,OCH,NA
2144988,2146993,OCH,NA
2144991,2147193,NA,NA
2146026,2146655,CHI,N
2149694,2150624,MAL,NA
2151110,2151437,MAL,NA
2154016,2154139,MAL,NA
2154264,2154372,MAL,NA
2157175,2157513,NA,NA
2165827,2166512,NA,NA
2167098,2167382,NA,NA
2167491,2167992,NA,NA
2168513,2168773,NA,NA
2168927,2169305,NA,NA
2169823,2175145,NA,NA
2170441,2171992,OCH,NA
2171991,2173967,MAL,NA
2174533,2174649,OCH,NA
2182029,2182145,MAL,NA
2183011,2183350,NA,NA
2183011,2185036,MAL,NA
2183492,2185287,NA,NA
2186544,2186650,NA,NA
2186863,2190398,OCH,NA
2186992,2191965,NA,NA
2187493,2189208,CHI,N
2189492,2190216,FEM,NA
2190967,2191939,OCH,NA
2193991,2194772,OCH,NA
2197461,2199680,MAL,NA
2197984,2199511,NA,NA
2203772,2206163,NA,NA
2203877,2204854,FEM,NA
2205223,2205534,OCH,NA
2207221,2210993,NA,NA
2207264,2209012,MAL,NA
2210120,2210463,FEM,NA
2214486,2216153,NA,NA
2214716,2216618,OCH,NA
2229010,2230517,NA,NA
2229491,2229670,MAL,NA
2229992,2230573,MAL,NA
2231791,2242991,NA,NA
2231992,2234368,FEM,NA
2236013,2236511,FEM,NA
2237706,2241105,OCH,NA
2240826,2242510,MAL,NA
2243233,2243511,NA,NA
2243275,2243555,OCH,NA
2246493,2249009,NA,NA
2246960,2248405,OCH,NA
2247259,2247894,CHI,N
2249159,2254621,NA,NA
2249210,2252720,OCH,NA
2251515,2252281,CHI,N
2255011,2255376,NA,NA
2265086,2265511,NA,NA
2268160,2268273,MAL,NA
2268992,2269169,NA,NA
2269492,2269703,NA,NA
2269848,2270012,NA,NA
2273511,2273984,NA,NA
2301472,2306492,NA,NA
2301492,2303422,FEM,NA
2303559,2305765,OCH,NA
2308011,2310011,OCH,NA
2308287,2309510,NA,NA
2315469,2316991,MAL,NA
2315540,2315862,NA,NA
2315993,2316717,NA,NA
2317012,2317214,NA,NA
2317012,2317263,OCH,NA
2317435,2322010,OCH,NA
2317449,2326124,NA,NA
2322012,2322474,MAL,NA
2322608,2322767,MAL,NA
2323618,2324981,OCH,NA
2324012,2324493,CHI,N
2326340,2329887,NA,NA
2326544,2327681,OCH,NA
2328807,2329079,OCH,NA
2333510,2336011,MAL,NA
2333880,2335510,NA,NA
2338991,2341499,NA,NA
2339167,2341413,FEM,NA
2339180,2339418,MAL,NA
2343693,2345563,MAL,NA
2343983,2345566,NA,NA
2349714,2352492,NA,NA
2349992,2351033,CHI,N
2350078,2351031,OCH,NA
2353600,2353831,NA,NA
2353953,2354793,NA,NA
2355510,2359493,OCH,NA
2355983,2359390,NA,NA
2357139,2357934,CHI,N
2361607,2361798,OCH,NA
2361992,2364449,OCH,NA
2361992,2364491,NA,NA
2362751,2363441,CHI,N
2369329,2370063,OCH,NA
2369512,2371262,NA,NA
2373049,2373181,NA,NA
2375695,2377521,OCH,NA
2375698,2377510,NA,NA
2390523,2391993,OCH,NA
2403366,2403671,NA,NA
2438117,2438752,MAL,NA
2438270,2438457,NA,NA
2444011,2444281,NA,NA
2444492,2454011,NA,NA
2444511,2446057,FEM,NA
2446227,2446492,FEM,NA
2446492,2448809,MAL,NA
2449032,2449155,FEM,NA
2449492,2452511,FEM,NA
2453446,2453778,OCH,NA
2454791,2455491,NA,NA
2455287,2455483,FEM,NA
2455674,2455880,NA,NA
2481992,2482252,NA,NA
2482010,2482277,FEM,NA
2485428,2487143,NA,NA
2486012,2486690,FEM,NA
2487480,2487777,NA,NA
2503099,2504511,NA,NA
2503492,2504017,FEM,NA
2504238,2504491,FEM,NA
2515757,2516368,OCH,NA
2519762,2519873,NA,NA
2526992,2528602,MAL,NA
2527094,2528459,NA,NA
2553539,2556011,MAL,NA
2553609,2556792,NA,NA
2555052,2555192,FEM,NA
2555493,2556777,FEM,NA
2557786,2560729,NA,NA
2558343,2560992,MAL,NA
2562006,2564124,MAL,NA
2562492,2569914,NA,NA
2564107,2565428,CHI,N
2565554,2566359,FEM,NA
2566083,2566265,MAL,NA
2566563,2569811,FEM,NA
2566851,2569011,OCH,NA
2571011,2573571,FEM,NA
2571011,2575383,NA,NA
2573492,2576286,MAL,NA
2577012,2578011,OCH,NA
2577268,2577847,NA,NA
2578924,2579268,NA,NA
2581067,2584504,NA,NA
2581549,2581728,OCH,NA
2581991,2584070,FEM,NA
2584752,2584992,NA,NA
2586468,2588128,NA,NA
2586492,2588151,FEM,NA
2590873,2591016,NA,NA
2592797,2594857,MAL,NA
2593011,2593127,NA,NA
2593401,2595011,NA,NA
2597525,2598991,NA,NA
2597992,2598527,MAL,NA
2599050,2600945,OCH,NA
2599170,2600940,NA,NA
2601776,2605266,NA,NA
2602493,2605239,OCH,NA
2604209,2604540,FEM,NA
2606138,2608082,MAL,NA
2606568,2610142,NA,NA
2608352,2609992,FEM,NA
2610245,2610387,NA,NA
2611011,2611924,NA,NA
2611681,2611787,FEM,NA
2613713,2616639,NA,NA
2613755,2615993,OCH,NA
2615492,2616459,CHI,N
2617307,2622715,NA,NA
2617491,2617992,CHI,N
2618188,2618328,OCH,NA
2618435,2621012,OCH,NA
2618705,2618992,FEM,NA
2620011,2621022,CHI,N
2621207,2621433,OCH,NA
2621783,2622671,FEM,NA
2628352,2630492,OCH,NA
2628511,2630286,NA,NA
2635085,2637010,NA,NA
2635146,2636714,FEM,NA
2652011,2654051,MAL,NA
2652414,2653934,NA,NA
2660717,2660864,NA,NA
2660749,2662160,OCH,NA
2660992,2661512,NA,NA
2661734,2661852,NA,NA
2668992,2669510,NA,NA
2672431,2674010,NA,NA
2672492,2673992,FEM,NA
2813147,2815511,OCH,NA
2813508,2816011,NA,NA
2820511,2820967,OCH,NA
2828193,2828529,OCH,NA
2832369,2832487,MAL,NA
2895991,2896553,NA,NA
2895991,2896889,FEM,NA
2900718,2902723,NA,NA
2900764,2902511,FEM,NA
2903511,2905987,MAL,NA
2904010,2905066,NA,NA
2905492,2906020,NA,NA
2914208,2915809,MAL,NA
2914512,2915330,NA,NA
2915470,2916926,NA,NA
2916214,2916400,FEM,NA
2918830,2919198,FEM,NA
2918992,2919201,NA,NA
2919510,2920416,NA,NA
2931272,2932082,MAL,NA
2931434,2932335,NA,NA
2932511,2932646,NA,NA
2935646,2937511,NA,NA
2935992,2937511,FEM,NA
2983492,2984174,NA,NA
2983633,2984011,FEM,NA
2993939,2994054,NA,NA
2994437,2995087,NA,NA
2994469,2995011,OCH,NA
3001293,3002309,NA,NA
3001377,3002147,CHI,N
3001833,3002000,OCH,NA
3006492,3009992,FEM,NA
3006511,3010492,NA,NA
3010978,3011493,NA,NA
3011003,3012010,MAL,NA
3011609,3011913,NA,NA
3013595,3013948,NA,NA
3017188,3017296,MAL,NA
3018992,3026380,NA,NA
3018992,3026479,FEM,NA
3028470,3029511,FEM,NA
3028492,3029526,NA,NA
3029992,3030306,FEM,NA
3029992,3030404,NA,NA
3035824,3038011,MAL,NA
3036420,3037039,NA,NA
3041140,3043894,MAL,NA
3041493,3041641,NA,NA
3042510,3046457,NA,NA
3044037,3046472,FEM,NA
3048617,3050153,MAL,NA
3049010,3049503,NA,NA
3050492,3052328,NA,NA
3050762,3051867,FEM,NA
3053383,3053683,NA,NA
3055992,3057104,NA,NA
3056010,3056774,FEM,NA
3057796,3057992,NA,NA
3059446,3059957,MAL,NA
3060512,3060758,MAL,NA
3060874,3061028,MAL,NA
3061157,3061263,MAL,NA
3063496,3066991,MAL,NA
3063602,3065033,NA,NA
3066010,3066861,NA,NA
3071576,3072801,MAL,NA
3071905,3072803,NA,NA
3073493,3076289,NA,NA
3073992,3076486,MAL,NA
3077367,3077492,MAL,NA
3077951,3078348,NA,NA
3078511,3079010,MAL,NA
3080967,3084511,NA,NA
3080992,3081443,FEM,NA
3081696,3084511,FEM,NA
3090992,3093994,NA,NA
3091011,3094011,FEM,NA
3109570,3109924,FEM,NA
3126291,3127283,NA,NA
3126362,3127012,CHI,N
3127795,3128610,NA,NA
3128139,3128492,CHI,N
3129261,3130997,NA,NA
3129492,3130010,CHI,N
3132297,3132462,NA,NA
3187991,3189115,NA,NA
3188055,3189010,FEM,NA
3194512,3195605,NA,NA
3194993,3195511,FEM,NA
3205487,3206010,NA,NA
3211810,3211992,FEM,NA
3224030,3224511,NA,NA
3224060,3224242,MAL,NA
3224377,3224922,MAL,NA
3235008,3236243,MAL,NA
3245469,3246011,NA,NA
3245565,3245860,OCH,NA
3249968,3250734,NA,NA
3249995,3250511,FEM,NA
3253853,3256890,NA,NA
3254511,3256511,FEM,NA
3260010,3261011,NA,NA
3339492,3340511,CHI,N
3339492,3340518,NA,NA
3351385,3352252,NA,NA
3351412,3352011,CHI,N
3356306,3357492,CHI,C
3356308,3357493,NA,NA
3364603,3364704,MAL,NA
3364922,3365361,MAL,NA
3370493,3372955,MAL,NA
3370923,3372052,NA,NA
3378772,3383894,MAL,NA
3379161,3379274,NA,NA
3380493,3381357,NA,NA
3383011,3383213,NA,NA
3388711,3389011,NA,NA
3407280,3408205,NA,NA
3407287,3408127,CHI,N
3413991,3415010,CHI,N
3413991,3415024,NA,NA
3420473,3421767,NA,NA
3420640,3421155,CHI,N
3429918,3446511,MAL,NA
3430164,3451016,NA,NA
3432512,3432672,FEM,NA
3432868,3433227,FEM,NA
3447012,3448404,FEM,NA
3447752,3447884,MAL,NA
3448011,3451511,MAL,NA
3454427,3456491,MAL,NA
3454669,3456011,NA,NA
3457331,3459019,MAL,NA
3457492,3463656,NA,NA
3458617,3460488,FEM,NA
3461010,3463700,OCH,NA
3461565,3461992,CHI,N
3465492,3465840,NA,NA
3465985,3469492,NA,NA
3467715,3469073,OCH,NA
3467878,3468011,CHI,N
3470492,3472598,NA,NA
3470511,3472492,FEM,NA
3474179,3475011,NA,NA
3479549,3479772,NA,NA
3479988,3480687,NA,NA
3482359,3491993,NA,NA
3483010,3496011,MAL,NA
3492946,3496017,NA,NA
3499126,3500621,OCH,NA
3502992,3505236,NA,NA
3503010,3505148,FEM,NA
3505511,3506707,NA,NA
3505555,3506510,FEM,NA
3510010,3513491,MAL,NA
3510511,3513295,NA,NA
3514099,3520493,NA,NA
3514492,3520029,MAL,NA
3526799,3534988,MAL,NA
3527506,3528984,NA,NA
3529589,3530490,NA,NA
3531706,3532487,NA,NA
3533210,3534349,NA,NA
3535601,3538423,MAL,NA
3536207,3537643,NA,NA
3543510,3548988,MAL,NA
3543991,3548573,NA,NA
3549393,3550510,NA,NA
3549493,3550011,FEM,NA
3558403,3559782,NA,NA
3564371,3567992,NA,NA
3565493,3566323,FEM,NA
3566492,3567511,OCH,NA
3567689,3568172,OCH,NA
3569452,3569594,OCH,NA
3569493,3574010,NA,NA
3571185,3571300,FEM,NA
3571455,3573492,FEM,NA
3575570,3580955,OCH,NA
3575598,3586511,NA,NA
3581221,3583992,FEM,NA
3584588,3587993,OCH,NA
3587627,3588126,NA,NA
3587993,3594925,MAL,NA
3588511,3610072,NA,NA
3594512,3596211,OCH,NA
3596184,3599115,MAL,NA
3599036,3600011,OCH,NA
3600356,3607332,MAL,NA
3607340,3609993,OCH,NA
3608992,3609124,CHI,N
3609482,3609632,CHI,N
3610475,3629010,NA,NA
3610477,3612011,MAL,NA
3612033,3613493,CHI,N
3612512,3612676,OCH,NA
3612922,3613079,OCH,NA
3613331,3613473,OCH,NA
3613511,3628339,MAL,NA
3630493,3635991,MAL,NA
3630634,3637781,NA,NA
3631993,3633135,OCH,NA
3635715,3637511,FEM,NA
3641488,3642011,OCH,NA
3641585,3641706,NA,NA
3643102,3644104,NA,NA
3643238,3643702,OCH,NA
3647012,3649992,NA,NA
3647278,3649991,OCH,NA
3652992,3655992,MAL,NA
3653492,3655991,NA,NA
3656384,3659011,NA,NA
3656669,3656991,FEM,NA
3657511,3659416,MAL,NA
3660512,3663990,MAL,NA
3661011,3663492,NA,NA
3664757,3672010,NA,NA
3665010,3666492,OCH,NA
3665068,3666484,CHI,N
3666011,3670486,MAL,NA
3670010,3671647,FEM,NA
3671011,3672255,MAL,NA
3677881,3685063,NA,NA
3677888,3679992,CHI,Y
3679511,3680993,MAL,NA
3680694,3682705,OCH,NA
3681492,3681951,FEM,NA
3682010,3682437,CHI,N
3682476,3684631,MAL,NA
3702424,3703521,NA,NA
3703011,3703492,FEM,NA
3714176,3720992,NA,NA
3714490,3720511,FEM,NA
3714793,3714908,MAL,NA
3721172,3724515,NA,NA
3721645,3721761,FEM,NA
3722147,3724010,OCH,NA
3722441,3723511,CHI,Y
3730011,3730181,NA,NA
3730998,3731195,NA,NA
3731351,3733511,NA,NA
3731633,3732664,FEM,NA
3737510,3738251,FEM,NA
3737510,3738425,NA,NA
3746010,3746366,NA,NA
3746486,3747136,NA,NA
3746513,3746850,FEM,NA
3754110,3754360,NA,NA
3754510,3759011,NA,NA
3754991,3755219,FEM,NA
3755757,3758511,MAL,NA
3758640,3758988,MAL,NA
3761492,3763493,NA,NA
3761993,3763308,FEM,NA
3765493,3765704,NA,NA
3767013,3769492,MAL,NA
3767492,3768992,NA,NA
3770510,3772699,NA,NA
3772843,3772959,NA,NA
3773613,3775166,NA,NA
3774479,3774737,FEM,NA
3779011,3782511,NA,NA
3780010,3781817,OCH,NA
3784971,3785536,NA,NA
3793011,3794228,NA,NA
3797012,3799511,NA,NA
3797493,3798575,CHI,N
3798218,3798360,OCH,NA
3801992,3812782,NA,NA
3802184,3803036,CHI,C
3803956,3809103,MAL,NA
3803993,3804992,FEM,NA
3810161,3810512,FEM,NA
3810687,3810901,FEM,NA
3811511,3812144,OCH,NA
3811536,3811992,FEM,NA
3812873,3813614,MAL,NA
3812962,3817493,NA,NA
3813743,3815491,FEM,NA
3815399,3816827,MAL,NA
3816769,3817269,CHI,N
3819012,3831638,NA,NA
3819027,3819709,MAL,NA
3820011,3821015,CHI,N
3820294,3821011,OCH,NA
3822512,3827492,FEM,NA
3828004,3831644,FEM,NA
3829388,3830254,CHI,N
3833354,3841226,NA,NA
3833512,3833853,MAL,NA
3834184,3834289,FEM,NA
3834415,3836762,FEM,NA
3836946,3838917,FEM,NA
3838992,3840011,CHI,N
3839221,3839366,OCH,NA
3846012,3848992,NA,NA
3846511,3848212,CHI,C
3848337,3848511,FEM,NA
3848885,3848991,FEM,NA
3860492,3861430,NA,NA
3863511,3865630,NA,NA
3863992,3865328,OCH,NA
3864011,3865339,CHI,N
3880492,3883511,NA,NA
3886530,3887991,NA,NA
3889493,3891098,NA,NA
3889510,3890897,FEM,NA
3898493,3899320,NA,NA
3901011,3914430,NA,NA
3901213,3902511,CHI,N
3902511,3906272,MAL,NA
3904991,3905622,CHI,N
3906166,3907011,CHI,N
3906244,3908868,OCH,NA
3908503,3915010,MAL,NA
3915872,3919282,NA,NA
3916131,3916494,FEM,NA
3916890,3918664,OCH,NA
3920071,3920199,NA,NA
3920414,3934204,NA,NA
3920520,3920626,OCH,NA
3922012,3923512,OCH,NA
3923512,3929511,MAL,NA
3929639,3931492,CHI,N
3931835,3932686,FEM,NA
3933797,3934438,OCH,NA
3935662,3961992,MAL,NA
3936030,3957186,NA,NA
3957987,3959302,NA,NA
3960011,3961511,NA,NA
3963011,3967987,MAL,NA
3963423,3967492,NA,NA
3970011,3970141,NA,NA
3970465,3975992,NA,NA
3970492,3972512,MAL,NA
3973501,3975992,FEM,NA
3977486,3980309,NA,NA
3977615,3977789,MAL,NA
3978280,3979127,MAL,NA
3978406,3980168,FEM,NA
3979324,3979491,MAL,NA
3983315,3987971,MAL,NA
3984032,3985416,NA,NA
3986337,3987292,NA,NA
3992034,3992157,MAL,NA
3993011,4000498,MAL,NA
3993511,4000011,NA,NA
4001511,4003992,MAL,NA
4002082,4003295,NA,NA
4010609,4010815,MAL,NA
4011010,4014010,MAL,NA
4011512,4013942,NA,NA
4024492,4030493,MAL,NA
4024991,4026992,NA,NA
4027928,4030012,NA,NA
4040680,4043512,NA,NA
4040769,4041712,CHI,N
4041492,4044011,MAL,NA
4057012,4071209,MAL,NA
4057952,4067993,NA,NA
4069492,4072712,NA,NA
4071492,4072631,FEM,NA
4078229,4078484,MAL,NA
4098992,4104512,MAL,NA
4099015,4099116,NA,NA
4099493,4101624,NA,NA
4102986,4103890,NA,NA
4106042,4116197,MAL,NA
4106538,4111511,NA,NA
4112991,4115701,NA,NA
4117038,4118165,MAL,NA
4121013,4121114,MAL,NA
4121287,4123248,MAL,NA
4121619,4122729,NA,NA
4126611,4140492,MAL,NA
4127051,4127302,NA,NA
4127473,4137006,NA,NA
4137294,4137405,NA,NA
4137510,4145252,NA,NA
4139993,4141996,FEM,NA
4141511,4144491,MAL,NA
4143992,4144336,FEM,NA
4145367,4154071,NA,NA
4145492,4146675,FEM,NA
4145511,4151189,MAL,NA
4151486,4152313,FEM,NA
4152011,4157511,MAL,NA
4155487,4156623,NA,NA
4156724,4158918,NA,NA
4157639,4157887,MAL,NA
4158516,4158710,MAL,NA
4159492,4161240,MAL,NA
4160158,4160769,NA,NA
4166014,4170646,MAL,NA
4166512,4174511,NA,NA
4170511,4174492,FEM,NA
4175491,4179441,NA,NA
4175511,4178010,FEM,NA
4179858,4182011,NA,NA
4180012,4180277,FEM,NA
4180511,4182011,FEM,NA
4187492,4189011,NA,NA
4187992,4188417,FEM,NA
4207084,4207511,NA,NA
4208117,4208503,MAL,NA
4210162,4210896,MAL,NA
4210345,4211992,NA,NA
4210863,4211511,CHI,N
4212474,4219011,MAL,NA
4212798,4212992,NA,NA
4213812,4218566,NA,NA
4220011,4223374,MAL,NA
4220492,4223011,NA,NA
4226032,4233990,MAL,NA
4226992,4242277,NA,NA
4235011,4242728,MAL,NA
4235115,4236158,FEM,NA
4236349,4236481,FEM,NA
4244493,4247011,MAL,NA
4244992,4246977,NA,NA
4258992,4261861,MAL,NA
4259446,4260011,NA,NA
4263904,4267989,MAL,NA
4264692,4264989,NA,NA
4266381,4267481,NA,NA
4273130,4276922,MAL,NA
4273992,4275025,NA,NA
4305511,4306306,NA,NA
4306492,4308790,NA,NA
4306951,4308492,FEM,NA
4307501,4308512,MAL,NA
4309851,4318491,NA,NA
4309956,4313490,FEM,NA
4313993,4318455,FEM,NA
4319062,4320512,FEM,NA
4319065,4320675,NA,NA
4321500,4325456,NA,NA
4321790,4322075,CHI,N
4322479,4323993,CHI,N
4323491,4325383,FEM,NA
4325751,4327012,NA,NA
4325992,4326952,FEM,NA
4339506,4341111,CHI,C
4339511,4341209,NA,NA
4341644,4341992,NA,NA
4345083,4346683,NA,NA
4345228,4346379,CHI,C
4345491,4346088,OCH,NA
4346506,4348563,MAL,NA
4347017,4348327,NA,NA
4349796,4351023,MAL,NA
4353056,4357015,MAL,NA
4353492,4356936,NA,NA
4358139,4363492,NA,NA
4359449,4359653,CHI,N
4360198,4360993,CHI,N
4360247,4362010,OCH,NA
4361379,4363011,CHI,N
4366506,4367110,OCH,NA
4368490,4368989,NA,NA
4368511,4371285,MAL,NA
4369148,4376327,NA,NA
4371216,4372878,OCH,NA
4372993,4374512,FEM,NA
4374493,4376665,OCH,NA
4377463,4379493,NA,NA
4378043,4379337,CHI,N
4379766,4382486,MAL,NA
4380492,4381984,NA,NA
4382927,4384992,NA,NA
4383011,4384493,CHI,N
4384992,4386489,MAL,NA
4385310,4385502,NA,NA
4385603,4385723,NA,NA
4388339,4390492,NA,NA
4388389,4390470,FEM,NA
4394993,4396493,FEM,NA
4394993,4396653,NA,NA
4397750,4397882,NA,NA
4403013,4403288,NA,NA
4403481,4404460,NA,NA
4403492,4404010,OCH,NA
4405492,4407512,MAL,NA
4405899,4406461,NA,NA
4435992,4437992,NA,NA
4436011,4437493,CHI,N
4437011,4438103,MAL,NA
4445012,4447474,MAL,NA
4445511,4451491,NA,NA
4447427,4448062,FEM,NA
4448265,4449176,MAL,NA
4449511,4451492,FEM,NA
4452946,4456011,MAL,NA
4453424,4455770,NA,NA
4463962,4466510,NA,NA
4463969,4465032,CHI,C
4465493,4466511,MAL,NA
4473952,4474511,OCH,NA
4480633,4482304,NA,NA
4480810,4482260,CHI,N
4484511,4486011,NA,NA
4485294,4485603,OCH,NA
4494499,4496991,MAL,NA
4494860,4497010,NA,NA
4506511,4507530,MAL,NA
4506816,4507339,NA,NA
4508511,4509739,NA,NA
4508602,4509512,CHI,N
4509920,4511012,NA,NA
4510013,4510992,FEM,NA
4514022,4514805,NA,NA
4515510,4520011,NA,NA
4515991,4520011,FEM,NA
4522238,4522388,NA,NA
4522492,4525992,NA,NA
4522552,4523338,CHI,N
4522861,4523037,OCH,NA
4524228,4525510,FEM,NA
4540003,4541483,NA,NA
4540879,4541154,OCH,NA
4545487,4545897,NA,NA
4545492,4545868,CHI,N
4550133,4551491,MAL,NA
4550492,4551511,NA,NA
4552389,4552988,MAL,NA
4553344,4553648,MAL,NA
4555361,4559387,NA,NA
4555492,4556201,FEM,NA
4558493,4559011,CHI,N
4559838,4561765,NA,NA
4559971,4561645,FEM,NA
4565492,4566491,NA,NA
4565511,4566954,MAL,NA
4566613,4566729,NA,NA
4575596,4577253,MAL,NA
4575678,4577335,NA,NA
4578964,4579448,NA,NA
4579608,4579789,NA,NA
4581156,4582012,NA,NA
4604992,4608011,MAL,NA
4605491,4607504,NA,NA
4609653,4610561,NA,NA
4609656,4610512,FEM,NA
4629638,4630246,NA,NA
4629795,4629922,CHI,N
4631113,4631511,NA,NA
4631266,4631492,CHI,N
4638492,4639258,NA,NA
4682813,4685321,NA,NA
4682813,4685493,MAL,NA
4686512,4688873,NA,NA
4686608,4687327,FEM,NA
4687711,4688670,CHI,N
4692392,4696187,NA,NA
4692406,4694492,FEM,NA
4695011,4696010,CHI,N
4699053,4699492,MAL,NA
4702725,4703010,NA,NA
4704941,4705511,NA,NA
4704991,4705116,FEM,NA
4705273,4705445,FEM,NA
4729766,4733011,MAL,NA
4730290,4733152,NA,NA
4814805,4814969,NA,NA
4820275,4821024,NA,NA
4820283,4821010,CHI,N
4823724,4824298,NA,NA
4823992,4824135,FEM,NA
4826161,4827222,FEM,NA
4826314,4827458,NA,NA
4831140,4832166,FEM,NA
4831279,4832050,NA,NA
4834011,4834991,NA,NA
4834063,4834912,CHI,N
4842347,4844492,NA,NA
4842431,4844436,CHI,N
4844897,4845506,NA,NA
4845012,4845245,CHI,N
4849492,4850511,NA,NA
4849747,4850019,CHI,N
4855634,4856255,NA,NA
4864875,4865234,NA,NA
4874448,4874968,NA,NA
4874492,4874902,CHI,N
4877226,4880621,NA,NA
4877705,4879011,CHI,N
4879229,4880697,FEM,NA
4911776,4913386,FEM,NA
4911793,4913285,NA,NA
4916180,4917118,NA,NA
4916433,4917010,FEM,NA
4921493,4922566,NA,NA
4921540,4922492,CHI,N
4974998,4975148,NA,NA
4976107,4977992,NA,NA
4977433,4977992,FEM,NA
4981880,4985493,NA,NA
4981993,4985425,FEM,NA
4987867,4989992,NA,NA
4988010,4988283,CHI,N
4988913,4989819,FEM,NA
4992062,4992840,NA,NA
4992511,4992688,OCH,NA
4994116,4994492,OCH,NA
4994268,4994492,NA,NA
4996011,4997511,OCH,NA
4996011,4999011,NA,NA
4997492,4998061,FEM,NA
5012391,5013031,NA,NA
5012493,5013011,OCH,NA
5015019,5016492,NA,NA
5015599,5016004,OCH,NA
5015635,5016011,CHI,N
5017321,5019537,NA,NA
5017992,5019511,OCH,NA
5018655,5019011,CHI,N
5019659,5019991,NA,NA
5019712,5019992,OCH,NA
5020512,5021011,OCH,NA
5020788,5020960,NA,NA
5028089,5028224,OCH,NA
5028492,5029511,OCH,NA
5029049,5029204,NA,NA
5033011,5033149,NA,NA
5033750,5035011,NA,NA
5033917,5035019,OCH,NA
5035591,5037010,OCH,NA
5035598,5041492,NA,NA
5037191,5039729,OCH,NA
5037361,5037520,CHI,N
5049010,5051992,OCH,NA
5049498,5051992,NA,NA
5050492,5051511,CHI,N
5052368,5052672,NA,NA
5052389,5052512,OCH,NA
5055080,5056715,NA,NA
5055245,5055368,OCH,NA
5055473,5056993,OCH,NA
5057274,5058511,OCH,NA
5057502,5060496,NA,NA
5059095,5059718,CHI,N
5059171,5059833,OCH,NA
5060375,5060525,OCH,NA
5060787,5063992,NA,NA
5060823,5061790,OCH,NA
5061493,5061620,CHI,N
5062375,5063992,OCH,NA
5062492,5063012,CHI,N
5072510,5074491,OCH,NA
5072993,5074491,NA,NA
5079842,5081464,NA,NA
5079974,5081346,OCH,NA
5081992,5083290,NA,NA
5082510,5083182,OCH,NA
5086169,5088454,NA,NA
5086493,5086731,CHI,N
5086952,5087733,CHI,N
5086992,5088011,OCH,NA
5087853,5087969,CHI,N
5097151,5097252,OCH,NA
5097392,5099491,OCH,NA
5097824,5101474,NA,NA
5099871,5100511,CHI,N
5099954,5101328,OCH,NA
5104355,5104471,NA,NA
5110511,5111186,NA,NA
5110528,5111095,CHI,N
5111999,5112968,NA,NA
5112072,5112777,CHI,N
5149295,5149619,NA,NA
5149352,5149492,FEM,NA
5151511,5153848,CHI,N
5151511,5153993,NA,NA
5177512,5178219,NA,NA
5177512,5178336,OCH,NA
5187498,5189992,NA,NA
5187632,5189512,CHI,N
5188992,5189448,OCH,NA
5194010,5194832,NA,NA
5194105,5194691,CHI,N
5194358,5194512,OCH,NA
5195492,5196493,CHI,N
5195500,5196492,NA,NA
5222154,5223764,NA,NA
5222181,5223691,CHI,N
5242381,5244956,NA,NA
5242463,5244010,CHI,N
5244232,5244480,CHI,N
5248511,5249360,CHI,N
5248511,5249491,NA,NA
5281813,5282515,NA,NA
5281961,5282427,CHI,N
5288780,5289063,NA,NA
5289870,5290992,NA,NA
5290491,5290643,OCH,NA
5291492,5292159,OCH,NA
5291504,5292360,NA,NA
5311992,5312512,FEM,NA
5312019,5312512,NA,NA
5323106,5323990,FEM,NA
5323128,5324493,NA,NA
5325013,5327284,OCH,NA
5325318,5327512,NA,NA
5327978,5332173,NA,NA
5329503,5329717,FEM,NA
5329689,5331221,OCH,NA
5340511,5344191,NA,NA
5340684,5342223,OCH,NA
5343707,5344404,OCH,NA
5345011,5348698,NA,NA
5345511,5348493,OCH,NA
5346010,5346992,CHI,N
5348992,5350511,NA,NA
5349368,5349700,OCH,NA
5349491,5350024,CHI,N
5350992,5351638,NA,NA
5352440,5357511,NA,NA
5352519,5353704,CHI,N
5353012,5355666,OCH,NA
5355992,5357315,CHI,N
5356181,5356593,MAL,NA
5361938,5364128,NA,NA
5361992,5363463,OCH,NA
5362193,5363511,CHI,N
5367975,5370012,OCH,NA
5368111,5368541,NA,NA
5369198,5376945,NA,NA
5371039,5371992,CHI,N
5373041,5375145,CHI,N
5375837,5376993,OCH,NA
5380071,5380511,NA,NA
5383814,5397493,NA,NA
5384215,5384966,OCH,NA
5385142,5385493,CHI,N
5388066,5388179,OCH,NA
5388338,5391492,OCH,NA
5388689,5388915,CHI,N
5389055,5389814,CHI,N
5391012,5393511,CHI,N
5395493,5396958,CHI,N
5395992,5397490,OCH,NA
5404992,5406992,NA,NA
5404992,5406998,OCH,NA
5408485,5408993,NA,NA
5409511,5413492,NA,NA
5410275,5411998,OCH,NA
5410417,5412012,CHI,N
5412614,5413027,OCH,NA
5414205,5416819,NA,NA
5415952,5416511,OCH,NA
5417511,5420403,NA,NA
5417839,5420011,OCH,NA
5417855,5418130,CHI,N
5421084,5422012,NA,NA
5421529,5421720,MAL,NA
5427511,5429492,OCH,NA
5427552,5430741,NA,NA
5428011,5428215,CHI,N
5433431,5438679,NA,NA
5433510,5435991,OCH,NA
5434012,5434449,CHI,N
5435512,5437993,CHI,N
5438813,5439954,NA,NA
5440103,5442962,NA,NA
5440993,5441499,CHI,N
5441011,5442968,OCH,NA
5444012,5445011,MAL,NA
5444013,5444953,NA,NA
5448168,5448448,NA,NA
5450510,5466492,NA,NA
5450652,5450871,OCH,NA
5450993,5453011,CHI,N
5451033,5451877,OCH,NA
5453180,5453538,OCH,NA
5453992,5454394,OCH,NA
5455510,5456197,OCH,NA
5456324,5460252,OCH,NA
5459005,5460991,CHI,N
5460492,5460777,OCH,NA
5460991,5462822,OCH,NA
5461992,5462512,CHI,N
5464436,5464787,OCH,NA
5465679,5466175,OCH,NA
5466999,5468494,NA,NA
5467716,5467998,CHI,N
5474512,5477528,NA,NA
5475006,5477991,OCH,NA
5484993,5486007,NA,NA
5485129,5485710,CHI,N
5500617,5502011,MAL,NA
5501345,5501485,NA,NA
5504477,5505614,FEM,NA
5504480,5506054,NA,NA
5505754,5505874,FEM,NA
5530461,5532511,MAL,NA
5530937,5531882,NA,NA
5535791,5537966,NA,NA
5535795,5542989,MAL,NA
5536340,5536489,FEM,NA
5536642,5536774,FEM,NA
5536885,5536991,FEM,NA
5538638,5539990,NA,NA
5540464,5546178,NA,NA
5542992,5545267,FEM,NA
5545209,5546011,OCH,NA
5545500,5545989,CHI,N
5546399,5548993,NA,NA
5546598,5548306,CHI,N
5546667,5548905,OCH,NA
5549406,5565682,NA,NA
5549639,5549838,OCH,NA
5550695,5553814,OCH,NA
5551219,5551391,CHI,N
5551492,5552415,CHI,N
5552693,5553564,CHI,N
5553993,5554438,CHI,N
5555010,5555626,OCH,NA
5556379,5565492,OCH,NA
5558340,5558492,CHI,N
5564511,5565048,CHI,N
5573320,5589992,NA,NA
5575043,5575148,CHI,N
5575303,5577561,CHI,N
5575510,5577564,OCH,NA
5577751,5580011,CHI,N
5577763,5579505,OCH,NA
5579739,5580654,MAL,NA
5581948,5582721,OCH,NA
5581992,5583992,CHI,N
5583011,5583187,OCH,NA
5583355,5583579,OCH,NA
5584564,5584998,OCH,NA
5585623,5586011,CHI,N
5586992,5589491,OCH,NA
5588460,5589010,CHI,N
5593011,5596831,NA,NA
5593511,5596992,MAL,NA
5598572,5598925,MAL,NA
5598668,5598845,NA,NA
5600510,5610011,NA,NA
5600624,5602688,OCH,NA
5600759,5602730,CHI,N
5602681,5603488,FEM,NA
5603492,5604010,CHI,N
5604512,5610012,OCH,NA
5612492,5632261,NA,NA
5612522,5615011,CHI,N
5613962,5616493,OCH,NA
5615158,5615447,CHI,N
5616511,5616801,FEM,NA
5617661,5625493,CHI,N
5617981,5618222,OCH,NA
5618342,5618511,OCH,NA
5619012,5619846,MAL,NA
5620308,5621901,OCH,NA
5622062,5622992,OCH,NA
5623388,5628422,OCH,NA
5627510,5628281,CHI,N
5628948,5629529,MAL,NA
5629168,5632133,OCH,NA
5632392,5636623,NA,NA
5632431,5636236,OCH,NA
5633992,5635384,CHI,N
5641972,5643992,NA,NA
5642035,5643020,FEM,NA
5643518,5643638,OCH,NA
5644502,5646527,NA,NA
5644882,5646429,OCH,NA
5644991,5645992,CHI,N
5647674,5647990,MAL,NA
5647745,5647920,NA,NA
5648189,5648312,MAL,NA
5653228,5657178,NA,NA
5653355,5654781,CHI,C
5653493,5654622,OCH,NA
5655341,5657145,MAL,NA
5661406,5663283,NA,NA
5661431,5662616,CHI,N
5663447,5664991,NA,NA
5663503,5664991,FEM,NA
5714852,5714958,NA,NA
5715063,5716135,NA,NA
5715510,5716011,CHI,N
5735492,5747993,NA,NA
5736059,5747510,FEM,NA
5748492,5748885,MAL,NA
5749010,5749548,MAL,NA
5765992,5766883,NA,NA
5766012,5766518,CHI,N
5793068,5793822,NA,NA
5795992,5797150,CHI,N
5795992,5797172,NA,NA
5805488,5806021,NA,NA
5805493,5806011,CHI,N
5823993,5825011,CHI,N
5823993,5825011,NA,NA
5827343,5828580,CHI,C
5827344,5830186,NA,NA
5828676,5830011,FEM,NA
5828902,5830011,MAL,NA
5832348,5833963,NA,NA
5832375,5833160,MAL,NA
5832501,5833500,FEM,NA
5833510,5833657,MAL,NA
5833706,5833821,FEM,NA
5835368,5837491,MAL,NA
5835491,5837010,NA,NA
5841150,5841417,NA,NA
5842009,5849348,NA,NA
5842010,5846992,FEM,NA
5846992,5847140,MAL,NA
5848106,5848368,FEM,NA
5848472,5849012,FEM,NA
5851155,5853080,MAL,NA
5851793,5855588,NA,NA
5853075,5853510,CHI,N
5853143,5853310,OCH,NA
5853492,5855768,MAL,NA
5854613,5854993,FEM,NA
5856182,5857731,MAL,NA
5856227,5857952,NA,NA
5879743,5880221,NA,NA
5882650,5883495,NA,NA
5882784,5883407,CHI,N
5897969,5898992,NA,NA
5897988,5898764,CHI,N
5899973,5901492,NA,NA
5899993,5901414,CHI,N
5903076,5903513,NA,NA
5904870,5905012,NA,NA
5907630,5909476,NA,NA
5907710,5909257,MAL,NA
5907872,5909011,FEM,NA
5962493,5962873,OCH,NA
5962493,5962979,NA,NA
5976121,5977495,NA,NA
5976177,5977397,CHI,N
5976340,5976492,OCH,NA
5978463,5980002,NA,NA
5978603,5979992,CHI,C
5985917,5987491,CHI,C
5985925,5988470,NA,NA
5987576,5988432,FEM,NA
5993948,5994682,NA,NA
5993949,5994639,CHI,N
6005991,6007628,CHI,C
6005993,6007581,NA,NA
6010244,6011756,CHI,C
6010257,6011754,NA,NA
6017861,6020011,CHI,N
6017890,6020011,NA,NA
6026483,6027577,CHI,N
6026493,6027570,NA,NA
6032510,6034191,NA,NA
6032566,6034151,CHI,C
6046993,6047982,MAL,NA
6057992,6069406,NA,NA
6057992,6060511,OCH,NA
6059510,6060749,CHI,N
6060891,6061510,FEM,NA
6061603,6061915,OCH,NA
6063182,6063710,FEM,NA
6064013,6064305,MAL,NA
6064779,6065025,OCH,NA
6065403,6066335,OCH,NA
6073606,6077492,NA,NA
6075511,6076510,CHI,N
6086745,6087646,NA,NA
6086802,6087592,CHI,N
6097295,6098010,NA,NA
6097493,6097883,CHI,N
6119098,6119511,NA,NA
6119182,6119383,FEM,NA
6131489,6132044,NA,NA
6131552,6132011,CHI,N
6137895,6139699,CHI,C
6137920,6141292,NA,NA
6139657,6141058,MAL,NA
6145991,6147991,MAL,NA
6146172,6148492,NA,NA
6148882,6149010,OCH,NA
6149010,6149135,NA,NA
6149461,6154937,MAL,NA
6149488,6158126,NA,NA
6150878,6151470,FEM,NA
6154836,6157911,CHI,N
6156992,6157954,OCH,NA
6158428,6160748,NA,NA
6158491,6159888,CHI,N
6158992,6160789,OCH,NA
6161329,6179471,NA,NA
6161493,6165511,CHI,N
6162202,6162315,OCH,NA
6162492,6167992,OCH,NA
6167033,6167511,CHI,N
6168511,6174863,OCH,NA
6168849,6170585,CHI,N
6171128,6172031,CHI,N
6174068,6174510,CHI,N
6175126,6176246,MAL,NA
6176491,6179201,CHI,C
6182269,6184490,MAL,NA
6182511,6184433,NA,NA
6184688,6184842,NA,NA
6184959,6188493,NA,NA
6185327,6187102,OCH,NA
6185511,6187026,CHI,N
6187236,6188250,OCH,NA
6189011,6189283,NA,NA
6189011,6190726,OCH,NA
6189490,6201510,NA,NA
6191512,6201563,OCH,NA
6192992,6193512,CHI,N
6193819,6194992,CHI,N
6197000,6197192,CHI,N
6197383,6200012,CHI,N
6204492,6213335,NA,NA
6204495,6205457,MAL,NA
6205012,6206450,OCH,NA
6206666,6206833,OCH,NA
6207393,6208060,MAL,NA
6208594,6211014,OCH,NA
6209511,6211011,CHI,N
6211515,6213491,MAL,NA
6213993,6220805,NA,NA
6214227,6214350,CHI,N
6214492,6218203,CHI,N
6215120,6220182,OCH,NA
6218500,6220172,CHI,N
6221240,6228668,NA,NA
6221976,6222452,MAL,NA
6222511,6224544,OCH,NA
6223993,6224550,CHI,N
6224555,6225301,MAL,NA
6225296,6229511,OCH,NA
6225459,6225807,FEM,NA
6229011,6237681,NA,NA
6229671,6229927,OCH,NA
6230491,6233824,CHI,N
6232658,6233719,OCH,NA
6233941,6236504,MAL,NA
6236543,6237552,OCH,NA
6238013,6239422,MAL,NA
6238038,6239464,NA,NA
6242012,6243097,MAL,NA
6242142,6243440,NA,NA
6242695,6243048,FEM,NA
6243563,6245812,MAL,NA
6243991,6246055,NA,NA
6245513,6245894,FEM,NA
6247204,6254064,NA,NA
6247282,6254511,MAL,NA
6247992,6248240,CHI,N
6257010,6261995,OCH,NA
6257017,6258465,NA,NA
6259012,6264393,NA,NA
6260004,6260757,CHI,N
6263055,6263722,OCH,NA
6271511,6274493,NA,NA
6272011,6273992,CHI,C
6278821,6279179,OCH,NA
6279010,6279170,NA,NA
6279549,6280253,NA,NA
6279554,6279662,OCH,NA
6279778,6279991,OCH,NA
6280492,6281771,NA,NA
6280581,6281437,OCH,NA
6280659,6280991,CHI,N
6281548,6282510,OCH,NA
6281935,6283206,NA,NA
6283492,6284491,NA,NA
6291824,6291979,OCH,NA
6293511,6294041,OCH,NA
6294169,6294289,OCH,NA
6295580,6297612,NA,NA
6295992,6297231,CHI,C
6299492,6300368,OCH,NA
6299492,6305069,NA,NA
6300492,6302296,OCH,NA
6300872,6303557,CHI,N
6304085,6305108,OCH,NA
6306326,6309510,NA,NA
6306935,6309011,CHI,N
6312082,6313923,CHI,C
6312114,6314011,NA,NA
6315167,6318010,NA,NA
6315511,6317673,CHI,C
6319703,6322832,NA,NA
6319870,6321865,CHI,N
6321993,6322374,OCH,NA
6322987,6329546,NA,NA
6323289,6325663,CHI,N
6326976,6327788,OCH,NA
6326991,6327862,CHI,N
6328719,6329011,CHI,N
6328851,6329511,OCH,NA
6339013,6339124,OCH,NA
6339371,6349572,NA,NA
6339440,6339945,OCH,NA
6340049,6340992,MAL,NA
6341492,6342982,CHI,N
6342481,6342992,MAL,NA
6342992,6344021,FEM,NA
6344944,6345492,FEM,NA
6345511,6347069,CHI,C
6347563,6349445,MAL,NA
6349992,6354646,MAL,NA
6350496,6354511,NA,NA
6351981,6352130,OCH,NA
6355527,6355905,MAL,NA
6357010,6362341,MAL,NA
6357530,6358750,NA,NA
6359781,6365679,NA,NA
6362000,6362879,CHI,N
6363979,6364981,FEM,NA
6363993,6364339,MAL,NA
6366001,6368124,NA,NA
6366165,6366894,CHI,N
6366769,6368011,FEM,NA
6369929,6370692,NA,NA
6377408,6378702,NA,NA
6377493,6378492,CHI,N
6380281,6384992,MAL,NA
6380512,6384012,NA,NA
6393068,6393238,OCH,NA
6393597,6394500,OCH,NA
6394012,6394822,NA,NA
6394115,6394400,MAL,NA
6394992,6398492,NA,NA
6395492,6395993,OCH,NA
6397392,6398011,CHI,N
6397574,6398011,OCH,NA
6401514,6401620,NA,NA
6406493,6408511,OCH,NA
6406511,6410345,NA,NA
6408123,6409993,CHI,N
6412991,6415011,NA,NA
6412993,6414492,CHI,N
6415463,6415991,NA,NA
6422303,6422426,NA,NA
6422979,6423511,NA,NA
6423059,6423511,OCH,NA
6431123,6432011,NA,NA
6431133,6431992,CHI,N
6439637,6440511,MAL,NA
6439986,6440511,NA,NA
6444941,6445992,CHI,N
6444944,6447011,NA,NA
6446417,6446552,OCH,NA
6451286,6457670,NA,NA
6451491,6457190,CHI,C
6456011,6456728,OCH,NA
6456512,6457511,MAL,NA
6456952,6457080,OCH,NA
6459698,6461433,MAL,NA
6460219,6462180,NA,NA
6461011,6462056,CHI,N
6462686,6463405,MAL,NA
6462691,6463493,NA,NA
6466541,6467013,NA,NA
6469511,6471686,MAL,NA
6469867,6471244,NA,NA
6473694,6475403,CHI,C
6473734,6476847,NA,NA
6475705,6476486,MAL,NA
6480223,6481394,MAL,NA
6480294,6481396,NA,NA
6491024,6491193,OCH,NA
6493011,6495149,MAL,NA
6493323,6495441,NA,NA
6494388,6494493,CHI,N
6496256,6496897,MAL,NA
6499835,6501757,MAL,NA
6500145,6502035,NA,NA
6501011,6501323,CHI,N
6502498,6506511,MAL,NA
6502916,6506507,NA,NA
6508659,6511234,MAL,NA
6509152,6510615,NA,NA
6513092,6515031,MAL,NA
6513291,6514936,NA,NA
6519131,6519630,NA,NA
6519160,6519589,OCH,NA
6520492,6522601,MAL,NA
6520623,6522245,NA,NA
6523880,6525492,CHI,C
6523917,6527010,NA,NA
6525725,6526812,MAL,NA
6529916,6530814,CHI,C
6529947,6533074,NA,NA
6531135,6531511,FEM,NA
6531492,6533185,CHI,N
6535787,6537186,CHI,N
6535838,6539011,NA,NA
6537382,6539117,MAL,NA
6541778,6543511,MAL,NA
6542011,6543191,NA,NA
6547993,6549422,MAL,NA
6548045,6549565,NA,NA
6548992,6549186,CHI,N
6553992,6556491,MAL,NA
6554120,6556265,NA,NA
6561243,6563012,MAL,NA
6561415,6563015,NA,NA
6567755,6570057,MAL,NA
6567980,6569570,NA,NA
6572510,6574035,CHI,C
6572527,6575566,NA,NA
6574267,6575511,MAL,NA
6578471,6580233,NA,NA
6578493,6580491,MAL,NA
6581896,6582011,NA,NA
6586483,6588125,MAL,NA
6586496,6588492,NA,NA
6587288,6587492,FEM,NA
6591993,6594106,CHI,N
6591993,6595645,NA,NA
6594188,6594804,MAL,NA
6594218,6595011,FEM,NA
6594510,6595352,CHI,N
6594968,6595192,MAL,NA
6601228,6604093,NA,NA
6601250,6603731,CHI,C
6603512,6603708,MAL,NA
6606687,6608992,MAL,NA
6607011,6608756,NA,NA
6623011,6625503,MAL,NA
6623512,6625102,NA,NA
6642992,6644064,NA,NA
6642997,6644011,CHI,N
6657512,6662011,MAL,NA
6657992,6671511,NA,NA
6661992,6663511,CHI,N
6663020,6672706,MAL,NA
6664955,6665907,CHI,N
6677512,6680909,MAL,NA
6678119,6690137,NA,NA
6679992,6680135,FEM,NA
6681211,6684917,CHI,N
6681354,6681632,MAL,NA
6682527,6683577,MAL,NA
6684905,6692625,MAL,NA
6690502,6692492,NA,NA
6692817,6692935,NA,NA
6693724,6695992,MAL,NA
6694127,6695842,NA,NA
6696835,6696992,NA,NA
6697217,6701243,NA,NA
6697493,6698511,CHI,N
6698219,6709537,MAL,NA
6700033,6700796,FEM,NA
6701597,6701907,NA,NA
6702991,6706940,NA,NA
6707075,6710057,NA,NA
6708501,6709510,CHI,N
6710015,6712511,MAL,NA
6710884,6712492,NA,NA
6714757,6719514,NA,NA
6714834,6719117,CHI,N
6717156,6717662,MAL,NA
6717843,6717948,MAL,NA
6719701,6719833,NA,NA
6722465,6732487,MAL,NA
6722720,6724298,NA,NA
6725012,6732493,NA,NA
6737011,6737237,MAL,NA
6737766,6740998,MAL,NA
6739004,6740059,NA,NA
6743491,6754492,MAL,NA
6744011,6750700,NA,NA
6752010,6754232,NA,NA
6757992,6758473,MAL,NA
6760668,6762001,NA,NA
6760793,6761812,MAL,NA
6760815,6760977,FEM,NA
6765512,6765740,NA,NA
6765992,6768010,NA,NA
6766139,6767179,MAL,NA
6766210,6767962,FEM,NA
6769725,6772012,MAL,NA
6770491,6771576,NA,NA
6772721,6773362,NA,NA
6772763,6772906,FEM,NA
6774767,6775142,MAL,NA
6777432,6779896,NA,NA
6777621,6779703,MAL,NA
6779248,6779425,FEM,NA
6780993,6781103,NA,NA
6781273,6783487,NA,NA
6781413,6782213,CHI,C
6781976,6783510,MAL,NA
6784104,6785527,MAL,NA
6784388,6785512,NA,NA
6787010,6790076,MAL,NA
6787992,6789511,NA,NA
6810156,6810492,FEM,NA
6810163,6810492,NA,NA
6812085,6812741,MAL,NA
6813978,6815563,MAL,NA
6814375,6815153,NA,NA
6833271,6834305,NA,NA
6833347,6834351,FEM,NA
6837845,6839541,MAL,NA
6838324,6839512,NA,NA
6840936,6847511,NA,NA
6840992,6841493,FEM,NA
6841511,6858010,MAL,NA
6848992,6857168,NA,NA
6859011,6859246,NA,NA
6859396,6881993,NA,NA
6859492,6862138,CHI,N
6861286,6862887,OCH,NA
6862124,6862257,MAL,NA
6862658,6865512,MAL,NA
6864625,6865011,FEM,NA
6865511,6869510,CHI,C
6867371,6868491,MAL,NA
6869502,6872011,MAL,NA
6871522,6872047,OCH,NA
6872197,6872410,MAL,NA
6872646,6873704,CHI,C
6873645,6876011,MAL,NA
6876071,6876432,OCH,NA
6876137,6876969,MAL,NA
6876667,6877877,OCH,NA
6877131,6877347,MAL,NA
6877486,6879251,MAL,NA
6879011,6880479,CHI,N
6879946,6888012,MAL,NA
6883223,6887793,NA,NA
6889992,6890620,MAL,NA
6893002,6896541,MAL,NA
6893492,6896511,NA,NA
6899214,6901492,NA,NA
6899437,6900993,OCH,NA
6909170,6918225,NA,NA
6909356,6909511,OCH,NA
6910102,6910350,OCH,NA
6911011,6918342,MAL,NA
6919012,6923329,NA,NA
6919293,6920839,MAL,NA
6919756,6919992,CHI,N
6919994,6923032,FEM,NA
6921457,6921892,MAL,NA
6922493,6922684,MAL,NA
6926585,6930510,MAL,NA
6926887,6930011,NA,NA
6926963,6927491,OCH,NA
6934186,6936510,MAL,NA
6934616,6936876,NA,NA
6938382,6939481,MAL,NA
6943654,6945989,MAL,NA
6944010,6945684,NA,NA
6956513,6956643,NA,NA
6957993,6958543,NA,NA
6963179,6963493,NA,NA
6963224,6963992,OCH,NA
6963702,6964389,NA,NA
6975182,6976512,MAL,NA
6975890,6976511,NA,NA
6977492,6981993,OCH,NA
6977510,6981992,NA,NA
6983013,6983604,OCH,NA
6983027,6983493,NA,NA
6985845,6986994,MAL,NA
6986051,6986993,NA,NA
6999991,7000345,OCH,NA
7009730,7011492,OCH,NA
7009991,7010961,NA,NA
7012216,7017992,MAL,NA
7013491,7017511,NA,NA
7025493,7026889,CHI,C
7025493,7028409,NA,NA
7026920,7027448,MAL,NA
7026991,7027572,CHI,N
7032371,7032511,OCH,NA
7035992,7039500,NA,NA
7036003,7037512,CHI,C
7038109,7039196,MAL,NA
7064683,7067648,NA,NA
7064737,7065898,CHI,N
7065492,7067512,MAL,NA
7066575,7067010,FEM,NA
7068011,7071524,MAL,NA
7068907,7071491,NA,NA
7079844,7080803,NA,NA
7079943,7080510,CHI,N
7086268,7089511,MAL,NA
7086938,7089010,NA,NA
7104362,7108442,NA,NA
7104598,7107156,CHI,Y
7106758,7107990,MAL,NA
7115381,7118547,NA,NA
7115492,7116866,CHI,Y
7116512,7121703,MAL,NA
7119510,7120992,NA,NA
7121993,7124286,MAL,NA
7122448,7127497,NA,NA
7124259,7126853,CHI,C
7125865,7126491,FEM,NA
7125992,7127052,MAL,NA
7129453,7132808,MAL,NA
7129492,7132062,NA,NA
7130013,7131010,CHI,N
7133010,7141927,MAL,NA
7133992,7138749,NA,NA
7139492,7140520,NA,NA
7140796,7140934,NA,NA
7173510,7175511,MAL,NA
7174273,7175112,NA,NA
7180748,7183856,NA,NA
7180895,7182512,CHI,N
7182542,7183170,MAL,NA
7182694,7183610,CHI,N
7184091,7184229,NA,NA
7184126,7187992,MAL,NA
7184492,7187492,NA,NA
7203838,7213492,NA,NA
7203887,7205092,CHI,C
7204896,7206685,MAL,NA
7207238,7209492,CHI,Y
7208443,7208890,MAL,NA
7208992,7209299,MAL,NA
7210293,7212942,CHI,N
7211818,7213480,MAL,NA
7214010,7216965,MAL,NA
7215075,7216012,NA,NA
7220664,7223011,MAL,NA
7221373,7234007,NA,NA
7222944,7224294,CHI,N
7225256,7227200,CHI,N
7225377,7226298,MAL,NA
7226493,7229512,MAL,NA
7229010,7231011,CHI,Y
7231012,7238012,MAL,NA
7235042,7237808,NA,NA
7238511,7246390,NA,NA
7238595,7241010,CHI,C
7239842,7242449,MAL,NA
7242011,7243452,CHI,Y
7243466,7250979,MAL,NA
7246991,7254708,NA,NA
7250286,7253877,CHI,C
7252991,7254510,MAL,NA
7255011,7264010,MAL,NA
7256105,7257710,NA,NA
7258992,7261432,NA,NA
7261834,7263940,NA,NA
7264991,7269054,FEM,NA
7264991,7269254,NA,NA
7272840,7274239,CHI,C
7272858,7281991,NA,NA
7274011,7282071,MAL,NA
7286512,7292035,MAL,NA
7287492,7292354,NA,NA
7291218,7292011,FEM,NA
7293966,7296782,NA,NA
7293993,7294869,CHI,C
7294636,7296246,MAL,NA
7295992,7296324,CHI,N
7296504,7299493,MAL,NA
7297584,7298512,NA,NA
7300915,7301511,MAL,NA
7301401,7301710,NA,NA
7301861,7302514,NA,NA
7314511,7315269,NA,NA
7314713,7314991,CHI,N
7321492,7323989,MAL,NA
7321992,7323887,NA,NA
7324071,7327812,NA,NA
7324493,7325512,CHI,N
7324493,7327993,OCH,NA
7329012,7329861,MAL,NA
7329579,7329790,NA,NA
7329992,7341491,NA,NA
7330993,7332297,CHI,C
7331966,7334992,MAL,NA
7334992,7335598,CHI,N
7336011,7341991,MAL,NA
7342513,7348051,MAL,NA
7342898,7348339,NA,NA
7347149,7347274,FEM,NA
7347400,7347869,FEM,NA
7353757,7358499,MAL,NA
7354511,7359491,NA,NA
7364589,7366666,MAL,NA
7378953,7380217,MAL,NA
7381483,7384796,NA,NA
7381619,7383271,CHI,N
7381992,7382260,OCH,NA
7383616,7383918,MAL,NA
7390481,7390702,MAL,NA
7393511,7393715,NA,NA
7393933,7396611,NA,NA
7394011,7396480,OCH,NA
7394377,7395756,CHI,N
7396021,7396148,CHI,N
7400992,7401152,NA,NA
7403336,7403493,NA,NA
7405131,7408015,MAL,NA
7405293,7410514,NA,NA
7408992,7410492,CHI,N
7409014,7409775,OCH,NA
7409975,7410144,OCH,NA
7413719,7413839,MAL,NA
7415493,7416511,NA,NA
7416038,7416460,CHI,N
7419011,7425047,NA,NA
7419011,7425096,OCH,NA
7419654,7419840,CHI,N
7421510,7423511,CHI,N
7423928,7424146,CHI,N
7428993,7429749,NA,NA
7429020,7429577,CHI,N
7432489,7432992,OCH,NA
7432493,7432960,NA,NA
7435493,7441237,NA,NA
7435992,7436414,FEM,NA
7437201,7440993,OCH,NA
7437992,7438994,CHI,N
7439840,7439992,CHI,N
7441350,7441633,NA,NA
7442975,7447012,NA,NA
7443023,7445772,CHI,Y
7445763,7447488,MAL,NA
7454474,7455152,MAL,NA
7457511,7459688,NA,NA
7457984,7459135,CHI,N
7457986,7459123,OCH,NA
7459764,7460512,MAL,NA
7460174,7460371,NA,NA
7461511,7464118,NA,NA
7461992,7464211,OCH,NA
7462063,7463950,CHI,N
7479010,7479523,NA,NA
7483242,7483488,MAL,NA
7484484,7488482,NA,NA
7485251,7487993,MAL,NA
7489942,7490796,NA,NA
7489992,7490412,MAL,NA
7491108,7501577,NA,NA
7491250,7492492,OCH,NA
7491511,7496972,CHI,N
7492601,7495107,OCH,NA
7496132,7497028,MAL,NA
7498389,7501011,CHI,C
7499859,7501003,MAL,NA
7501992,7506511,MAL,NA
7502615,7503059,NA,NA
7504439,7505988,NA,NA
7507277,7508716,NA,NA
7507360,7508011,OCH,NA
7507601,7508553,CHI,N
7518012,7518511,NA,NA
7526004,7527511,MAL,NA
7526528,7527237,NA,NA
7527511,7527980,NA,NA
7531012,7531154,OCH,NA
7531491,7532934,NA,NA
7531566,7532317,MAL,NA
7533493,7535542,NA,NA
7534011,7536011,MAL,NA
7535886,7535991,NA,NA
7541608,7543817,MAL,NA
7541993,7543493,NA,NA
7546422,7547699,NA,NA
7546492,7547378,CHI,N
7547604,7549610,MAL,NA
7548172,7549043,NA,NA
7550513,7555511,MAL,NA
7551105,7552798,NA,NA
7553684,7558512,NA,NA
7555964,7556673,OCH,NA
7555992,7557992,CHI,N
7557651,7557783,OCH,NA
7558903,7559904,MAL,NA
7559705,7559818,NA,NA
7560511,7564185,NA,NA
7560992,7562442,CHI,N
7561110,7561522,OCH,NA
7561931,7562171,OCH,NA
7562492,7564402,MAL,NA
7565493,7567187,NA,NA
7565513,7566164,CHI,N
7568200,7572495,NA,NA
7568993,7570859,OCH,NA
7569550,7571511,CHI,N
7572624,7572734,NA,NA
7574399,7574905,NA,NA
7575277,7575397,OCH,NA
7577518,7580512,NA,NA
7578011,7580492,CHI,N
7578227,7578762,OCH,NA
7585491,7587199,OCH,NA
7585491,7587492,NA,NA
7589455,7591011,NA,NA
7589511,7591465,OCH,NA
7589594,7590011,CHI,N
7590151,7590492,CHI,N
7594094,7598492,NA,NA
7594327,7598011,CHI,N
7594351,7597689,OCH,NA
7604445,7610993,NA,NA
7604511,7609516,OCH,NA
7604560,7607010,CHI,N
7609864,7609992,OCH,NA
7619511,7623510,NA,NA
7619721,7620641,FEM,NA
7621172,7623492,OCH,NA
7622512,7622946,CHI,N
7637011,7638326,NA,NA
7637510,7638205,OCH,NA
7642492,7643904,MAL,NA
7642659,7642883,NA,NA
7643018,7643371,NA,NA
7646657,7646961,MAL,NA
7646695,7646845,NA,NA
7648511,7650976,NA,NA
7649969,7650222,MAL,NA
7651927,7653044,NA,NA
7651992,7652807,OCH,NA
7655992,7657992,OCH,NA
7656817,7657992,NA,NA
7664510,7667004,NA,NA
7664993,7666993,FEM,NA
7693856,7694296,NA,NA
7693930,7694278,CHI,N
7700115,7701511,NA,NA
7700380,7700537,OCH,NA
7705493,7707381,CHI,N
7705493,7707434,NA,NA
7711963,7714982,NA,NA
7711991,7713491,CHI,N
7713227,7714526,MAL,NA
7713694,7714011,CHI,N
7715993,7722512,NA,NA
7716011,7718777,CHI,C
7717356,7717693,MAL,NA
7718510,7721043,MAL,NA
7720972,7722511,CHI,N
7723510,7726492,MAL,NA
7724012,7733000,NA,NA
7726151,7727899,CHI,C
7727596,7729471,MAL,NA
7728019,7728770,CHI,N
7729511,7732967,OCH,NA
7731992,7732512,CHI,N
7735492,7738263,MAL,NA
7735993,7739012,NA,NA
7737162,7737491,CHI,N
7737672,7738693,CHI,N
7756511,7757986,NA,NA
7756511,7758231,MAL,NA
7759763,7760743,NA,NA
7759876,7760310,MAL,NA
7765386,7767106,NA,NA
7765391,7767171,CHI,C
7803511,7806174,CHI,C
7803511,7806651,NA,NA
7805263,7805793,MAL,NA
7806795,7807808,NA,NA
7807111,7807729,CHI,N
7831991,7835217,NA,NA
7832012,7834992,CHI,C
7835441,7836492,NA,NA
7837493,7846349,MAL,NA
7837773,7846075,NA,NA
7846568,7846676,MAL,NA
7846991,7860650,MAL,NA
7847511,7854673,NA,NA
7855976,7863965,NA,NA
7861992,7864179,MAL,NA
7872641,7874492,MAL,NA
7872938,7874112,NA,NA
7895011,7897510,MAL,NA
7895490,7897010,NA,NA
7899198,7899650,NA,NA
7899957,7900526,NA,NA
7918344,7919709,NA,NA
7918450,7919511,CHI,N
7920354,7921274,NA,NA
7920524,7921010,CHI,N
7930013,7934993,MAL,NA
7930492,7936204,NA,NA
7935011,7936174,CHI,N
7936491,7939172,CHI,N
7936512,7940493,NA,NA
7939488,7940487,MAL,NA
7941770,7942968,MAL,NA
7941846,7943010,NA,NA
7951866,7965010,MAL,NA
7952082,7952585,NA,NA
7954251,7955012,NA,NA
7956443,7960797,NA,NA
7961336,7964492,NA,NA
7965159,7965319,MAL,NA
7967489,7969288,MAL,NA
7967992,7968682,NA,NA
7971492,7974011,MAL,NA
7972012,7973205,NA,NA
7980010,7991488,MAL,NA
7980675,7985751,NA,NA
7985858,7985993,NA,NA
7986362,7990512,NA,NA
7992010,7997493,MAL,NA
7992511,7996991,NA,NA
8000490,8010011,MAL,NA
8000944,8009530,NA,NA
8013011,8013431,NA,NA
8031992,8033511,CHI,N
8031992,8033528,NA,NA
8033975,8034458,MAL,NA
8036012,8046493,MAL,NA
8037055,8038665,NA,NA
8039581,8041454,NA,NA
8042708,8046010,NA,NA
8053968,8054419,NA,NA
8053992,8054328,CHI,N
8058493,8072710,MAL,NA
8058992,8098491,NA,NA
8059902,8060012,CHI,N
8066390,8067549,CHI,N
8072565,8073480,CHI,N
8073434,8081276,MAL,NA
8081321,8083066,CHI,N
8082801,8086368,MAL,NA
8086120,8087011,CHI,C
8086659,8089992,MAL,NA
8090012,8091600,CHI,C
8091011,8091220,MAL,NA
8091510,8098992,MAL,NA
8100493,8102493,MAL,NA
8100992,8101603,NA,NA
8103993,8110306,MAL,NA
8104207,8105547,NA,NA
8106510,8107232,NA,NA
8107992,8110511,NA,NA
8109011,8110010,CHI,N
8113492,8128511,NA,NA
8113657,8115125,CHI,N
8113723,8119287,MAL,NA
8119470,8129069,MAL,NA
8129513,8139493,MAL,NA
8130491,8134897,NA,NA
8135735,8139012,NA,NA
8142311,8148492,MAL,NA
8142491,8143873,NA,NA
8144012,8147239,NA,NA
8147883,8148511,NA,NA
8149364,8154303,MAL,NA
8149400,8154071,NA,NA
8155011,8157993,NA,NA
8155269,8157491,MAL,NA
8155289,8155645,FEM,NA
8156806,8157618,FEM,NA
8158992,8162011,NA,NA
8159098,8161493,CHI,C
8159230,8159898,FEM,NA
8160492,8166484,MAL,NA
8162583,8166493,NA,NA
8164430,8165108,CHI,N
8169020,8180002,MAL,NA
8169944,8171338,NA,NA
8172701,8174010,NA,NA
8175011,8176835,NA,NA
8177794,8179375,NA,NA
8183511,8184363,NA,NA
8183511,8185727,MAL,NA
8184495,8185011,NA,NA
8185180,8185379,NA,NA
8188992,8193985,MAL,NA
8189441,8190222,NA,NA
8190511,8193012,NA,NA
8196211,8196511,NA,NA
8198245,8198346,OCH,NA
8199630,8199917,OCH,NA
8200011,8202493,MAL,NA
8200671,8201699,NA,NA
8205992,8214109,MAL,NA
8206491,8208010,NA,NA
8208646,8214113,NA,NA
8225012,8226202,NA,NA
8225012,8226249,CHI,N
8229011,8231159,NA,NA
8229016,8230725,CHI,C
8231949,8233426,CHI,N
8231951,8238618,NA,NA
8233491,8236010,OCH,NA
8236272,8238491,CHI,N
8239111,8248011,NA,NA
8239241,8240512,CHI,N
8239364,8248011,MAL,NA
8248696,8254012,MAL,NA
8249011,8249490,NA,NA
8249921,8258510,NA,NA
8253711,8257012,CHI,N
8256978,8257992,FEM,NA
8257346,8258478,MAL,NA
8261619,8264260,NA,NA
8261819,8263510,CHI,C
8265387,8266992,NA,NA
8265454,8266789,FEM,NA
8268991,8270348,NA,NA
8269012,8269702,FEM,NA
8269513,8270256,CHI,C
8271410,8273011,NA,NA
8271482,8272511,MAL,NA
8271961,8272511,FEM,NA
8288011,8289511,MAL,NA
8288011,8289572,NA,NA
8293860,8295492,MAL,NA
8293992,8295485,NA,NA
8296312,8297994,CHI,C
8296317,8297996,NA,NA
8298396,8300775,NA,NA
8298492,8300510,MAL,NA
8299010,8299324,CHI,N
8303511,8306179,MAL,NA
8303764,8305511,NA,NA
8309010,8311013,MAL,NA
8309861,8310526,NA,NA
8312510,8315510,MAL,NA
8313011,8315011,NA,NA
8318766,8320492,CHI,Y
8318815,8321010,NA,NA
8320821,8320951,CHI,N
8327873,8328580,NA,NA
8329085,8330065,NA,NA
8329147,8330492,OCH,NA
8355925,8356492,NA,NA
8359397,8365178,OCH,NA
8359705,8361860,NA,NA
8362248,8365091,NA,NA
8365511,8365811,OCH,NA
8380493,8382732,MAL,NA
8380790,8382078,NA,NA
8383697,8385989,MAL,NA
8384300,8385022,NA,NA
8390512,8392032,OCH,NA
8390788,8391991,NA,NA
8410453,8413511,NA,NA
8410470,8412512,CHI,C
8412491,8413510,MAL,NA
8412812,8413011,CHI,N
8415993,8426012,MAL,NA
8416492,8416951,NA,NA
8418511,8425064,NA,NA
8425229,8425362,NA,NA
8426249,8426435,NA,NA
8432414,8433460,MAL,NA
8432790,8433006,NA,NA
8435487,8436753,NA,NA
8435544,8436286,MAL,NA
8437422,8439482,NA,NA
8437605,8438351,MAL,NA
8438256,8438511,CHI,N
8441673,8444997,NA,NA
8442011,8444991,MAL,NA
8445992,8447524,MAL,NA
8446557,8448017,NA,NA
8447468,8448011,CHI,N
8448270,8448493,NA,NA
8450011,8451894,MAL,NA
8450511,8456336,NA,NA
8451662,8453992,CHI,N
8453513,8456483,MAL,NA
8454993,8456011,CHI,N
8458992,8460622,NA,NA
8459174,8460011,FEM,NA
8459934,8460511,CHI,N
8461992,8465510,MAL,NA
8462510,8464754,NA,NA
8466010,8468011,MAL,NA
8466464,8468011,NA,NA
8482040,8482269,NA,NA
8500418,8504723,MAL,NA
8500837,8510795,NA,NA
8502136,8503052,CHI,N
8503623,8503766,CHI,N
8504178,8505493,CHI,C
8505057,8506631,MAL,NA
8505650,8505993,FEM,NA
8506011,8507604,CHI,C
8507469,8508512,MAL,NA
8509011,8511490,MAL,NA
8513525,8516573,OCH,NA
8513751,8516510,NA,NA
8517277,8518581,NA,NA
8517493,8518198,CHI,N
8518785,8520832,MAL,NA
8519327,8520775,NA,NA
8521556,8523713,NA,NA
8521597,8523698,MAL,NA
8524011,8527011,MAL,NA
8524919,8526218,NA,NA
8528900,8529011,NA,NA
8531011,8533490,MAL,NA
8531992,8532751,NA,NA
8549827,8554493,NA,NA
8549948,8550491,CHI,N
8550446,8553089,MAL,NA
8553286,8554317,FEM,NA
8556501,8556992,NA,NA
8559813,8564492,NA,NA
8559986,8560842,OCH,NA
8561406,8563991,CHI,N
8563247,8564519,MAL,NA
8566012,8568012,MAL,NA
8566511,8571511,NA,NA
8568354,8571211,CHI,C
8570163,8571579,MAL,NA
8574491,8577326,MAL,NA
8574965,8579933,NA,NA
8576778,8579164,CHI,C
8578629,8579663,FEM,NA
8582993,8586825,MAL,NA
8583492,8597513,NA,NA
8584306,8585192,CHI,N
8586493,8587509,CHI,N
8587034,8587186,MAL,NA
8588013,8589576,CHI,N
8589491,8590905,FEM,NA
8590484,8590916,MAL,NA
8590970,8594031,CHI,C
8592510,8594489,MAL,NA
8594598,8596107,CHI,N
8596574,8597747,MAL,NA
8596645,8596993,FEM,NA
8599012,8604992,NA,NA
8599149,8601511,CHI,N
8601552,8602330,FEM,NA
8602237,8604950,CHI,N
8608614,8610492,NA,NA
8608648,8610383,MAL,NA
8612367,8613440,MAL,NA
8612511,8633077,NA,NA
8613140,8614352,CHI,N
8614011,8617491,MAL,NA
8617511,8619895,CHI,N
8619492,8626639,MAL,NA
8622707,8623191,CHI,N
8623081,8623385,FEM,NA
8625992,8627062,FEM,NA
8628010,8629978,MAL,NA
8628385,8630120,FEM,NA
8630280,8632509,MAL,NA
8631510,8633010,FEM,NA
8634114,8638594,MAL,NA
8634624,8635532,NA,NA
8637163,8641633,NA,NA
8638512,8638836,FEM,NA
8638589,8639623,CHI,N
8639587,8641145,MAL,NA
8640025,8641458,FEM,NA
8648512,8651990,MAL,NA
8649011,8651510,NA,NA
8652101,8652312,MAL,NA
8652493,8653993,MAL,NA
8652980,8653915,NA,NA
8655503,8664253,NA,NA
8655512,8656616,CHI,N
8656733,8657511,FEM,NA
8657010,8657444,MAL,NA
8658011,8660011,MAL,NA
8658456,8664253,FEM,NA
8661443,8663046,MAL,NA
8664967,8667335,FEM,NA
8664980,8667209,NA,NA
8667511,8678238,NA,NA
8667511,8669992,FEM,NA
8670778,8672295,FEM,NA
8671285,8677610,MAL,NA
8675011,8675823,FEM,NA
8676241,8678057,FEM,NA
8678991,8681492,NA,NA
8679493,8681358,FEM,NA
8679513,8680142,MAL,NA
8680510,8680626,MAL,NA
8687955,8692908,NA,NA
8687993,8690236,FEM,NA
8690510,8692554,FEM,NA
8694150,8696350,NA,NA
8694375,8696344,FEM,NA
8697011,8715492,MAL,NA
8697512,8698992,NA,NA
8700110,8701490,NA,NA
8702512,8704790,NA,NA
8705153,8709444,NA,NA
8710011,8712510,NA,NA
8713718,8715284,NA,NA
8716513,8718281,MAL,NA
8716952,8718233,NA,NA
8718511,8720990,MAL,NA
8719488,8724620,NA,NA
8720782,8723009,CHI,C
8721513,8722510,MAL,NA
8722991,8724149,MAL,NA
8723207,8724373,FEM,NA
8725671,8726921,NA,NA
8725830,8726851,MAL,NA
8727011,8733012,MAL,NA
8727510,8732510,NA,NA
8733511,8747207,MAL,NA
8734492,8735513,NA,NA
8736992,8739992,NA,NA
8741417,8744492,NA,NA
8744600,8747270,NA,NA
8747511,8752641,NA,NA
8747771,8749531,OCH,NA
8747939,8748050,CHI,N
8749510,8753010,MAL,NA
8754002,8755065,OCH,NA
8754053,8764107,NA,NA
8755128,8758991,MAL,NA
8759492,8761363,CHI,C
8761902,8762560,FEM,NA
8762985,8764976,MAL,NA
8766579,8771930,NA,NA
8766937,8769011,CHI,C
8768010,8769186,OCH,NA
8770012,8770155,FEM,NA
8770275,8771684,CHI,C
8771853,8774909,MAL,NA
8772177,8774253,NA,NA
8777050,8777511,NA,NA
8777297,8777400,OCH,NA
8787992,8790484,MAL,NA
8788510,8790010,NA,NA
8791602,8799194,MAL,NA
8791639,8792228,NA,NA
8792511,8794212,NA,NA
8795010,8797489,NA,NA
8798350,8799006,NA,NA
8799511,8807095,MAL,NA
8800491,8804706,NA,NA
8805902,8806997,NA,NA
8827245,8828511,CHI,Y
8827255,8828510,NA,NA
8831992,8841251,NA,NA
8832011,8833493,CHI,C
8833163,8835526,FEM,NA
8833350,8835407,MAL,NA
8835991,8837589,CHI,C
8837353,8838188,MAL,NA
8837512,8838381,FEM,NA
8838865,8840389,CHI,C
8840048,8841069,FEM,NA
8842063,8843513,NA,NA
8842183,8843511,FEM,NA
8860295,8861512,CHI,N
8860310,8861511,NA,NA
8864011,8865702,NA,NA
8864318,8864421,CHI,N
8864513,8865510,FEM,NA
8864993,8865288,OCH,NA
8866793,8869825,NA,NA
8867213,8869812,CHI,C
8913387,8915512,NA,NA
8913412,8914868,CHI,C
8958998,8961129,NA,NA
8959012,8960367,FEM,NA
8959587,8959732,OCH,NA
8960006,8960148,OCH,NA
8960421,8960824,OCH,NA
8967011,8979122,NA,NA
8967993,8977912,FEM,NA
8977164,8978963,OCH,NA
8981876,8988884,NA,NA
8983450,8984491,CHI,N
8983604,8983751,FEM,NA
8984010,8984702,OCH,NA
8984272,8985038,FEM,NA
8984989,8985315,OCH,NA
8985158,8985290,CHI,N
8986829,8986993,FEM,NA
8986992,8987230,CHI,N
8987149,8988507,FEM,NA
8989512,8996441,NA,NA
8989984,8992433,OCH,NA
8989993,8992146,CHI,N
8992220,8992910,FEM,NA
8994011,8995646,CHI,N
8997298,8999492,FEM,NA
8997335,8999512,NA,NA
9010008,9012011,NA,NA
9010410,9011492,FEM,NA
9014505,9022175,NA,NA
9015011,9022163,FEM,NA
9023258,9027013,NA,NA
9023263,9027011,FEM,NA
9029004,9029355,NA,NA
9035493,9037012,FEM,NA
9035493,9037022,NA,NA
9039322,9041906,FEM,NA
9039340,9041876,NA,NA
9057992,9060992,FEM,NA
9057992,9060992,NA,NA
9076318,9077511,NA,NA
9076359,9077493,CHI,N
9080915,9085402,NA,NA
9081011,9081421,FEM,NA
9081116,9081492,CHI,N
9081489,9084992,OCH,NA
9083212,9083382,FEM,NA
9083492,9083971,FEM,NA
9084076,9084250,FEM,NA
9086511,9089493,FEM,NA
9086511,9093658,NA,NA
9090011,9093551,FEM,NA
9094493,9096216,FEM,NA
9094493,9117318,NA,NA
9096160,9097400,OCH,NA
9096511,9099493,FEM,NA
9098013,9099382,MAL,NA
9099116,9099251,CHI,N
9099992,9102069,CHI,N
9100195,9104296,OCH,NA
9105335,9107011,OCH,NA
9106589,9108511,FEM,NA
9107321,9107512,OCH,NA
9108494,9112492,OCH,NA
9109171,9112011,CHI,N
9112492,9117151,FEM,NA
9119231,9121696,OCH,NA
9119292,9142660,NA,NA
9119491,9119992,CHI,N
9121012,9122131,CHI,N
9121815,9121972,OCH,NA
9123194,9129912,FEM,NA
9129491,9133095,OCH,NA
9131181,9133633,CHI,N
9133930,9136171,FEM,NA
9136376,9141268,OCH,NA
9136444,9138074,CHI,N
9140992,9142582,FEM,NA
9143992,9145511,OCH,NA
9144492,9145513,NA,NA
9146512,9146839,NA,NA
9146966,9147764,NA,NA
9146993,9147492,OCH,NA
9147598,9147782,OCH,NA
9158246,9158474,OCH,NA
9161915,9162963,NA,NA
9161957,9162512,CHI,N
9165498,9167864,NA,NA
9165781,9165882,CHI,N
9166429,9167511,CHI,N
9172410,9173011,NA,NA
9172492,9172991,FEM,NA
9174467,9174664,OCH,NA
9174489,9174815,NA,NA
9176007,9178106,NA,NA
9176110,9177985,FEM,NA
9178373,9180381,NA,NA
9179011,9179519,FEM,NA
9182992,9186517,NA,NA
9183011,9186011,FEM,NA
9185601,9185741,MAL,NA
9187305,9190511,NA,NA
9187622,9190492,FEM,NA
9192984,9193829,NA,NA
9192992,9193491,FEM,NA
9195123,9204492,NA,NA
9195365,9196003,CHI,N
9196808,9199343,FEM,NA
9199511,9203743,FEM,NA
9208338,9210439,NA,NA
9208492,9209992,OCH,NA
9209511,9210157,FEM,NA
9215471,9219432,NA,NA
9215492,9217144,FEM,NA
9217992,9219126,CHI,N
9220461,9221479,MAL,NA
9225492,9225813,OCH,NA
9226492,9236865,NA,NA
9226626,9226945,OCH,NA
9227388,9236671,FEM,NA
9234290,9234935,OCH,NA
9234408,9234595,CHI,N
9239560,9241438,NA,NA
9243386,9256439,NA,NA
9243492,9245070,CHI,N
9246378,9246486,FEM,NA
9246388,9253744,CHI,C
9253303,9253608,MAL,NA
9254486,9256442,FEM,NA
9258099,9259911,NA,NA
9258509,9259717,CHI,N
9261962,9263061,NA,NA
9262043,9262492,CHI,N
9264689,9270992,NA,NA
9264949,9266493,FEM,NA
9266010,9268011,CHI,C
9268121,9269807,MAL,NA
9268253,9268358,CHI,N
9268935,9270081,FEM,NA
9275511,9289705,NA,NA
9276093,9276836,FEM,NA
9277090,9280565,CHI,C
9278801,9278919,FEM,NA
9280664,9282510,FEM,NA
9282644,9286763,CHI,C
9285136,9288057,OCH,NA
9286935,9288278,CHI,C
9288560,9289085,FEM,NA
9288813,9288943,MAL,NA
9290789,9291697,NA,NA
9290855,9291319,CHI,N
9292209,9296171,NA,NA
9292323,9294596,CHI,C
9293577,9295511,OCH,NA
9294512,9295342,FEM,NA
9295076,9295894,CHI,N
9295493,9295918,FEM,NA
9297511,9304803,NA,NA
9297982,9298994,CHI,N
9299011,9300003,FEM,NA
9299095,9299311,OCH,NA
9299320,9304556,CHI,C
9305641,9310493,CHI,C
9305646,9317548,NA,NA
9309062,9309383,OCH,NA
9309558,9311423,OCH,NA
9311510,9317511,CHI,C
9319091,9336518,NA,NA
9319305,9323843,FEM,NA
9323492,9327493,CHI,N
9325373,9326217,OCH,NA
9326492,9328011,OCH,NA
9328492,9336222,CHI,N
9330071,9330289,FEM,NA
9332724,9333347,FEM,NA
9339491,9359992,NA,NA
9339511,9343492,CHI,C
9343023,9343143,OCH,NA
9343345,9343603,OCH,NA
9343755,9343878,OCH,NA
9344066,9359773,CHI,Y
9344195,9344511,OCH,NA
9344641,9344992,OCH,NA
9346347,9346992,OCH,NA
9347201,9347493,OCH,NA
9349511,9349830,OCH,NA
9350341,9350511,OCH,NA
9355492,9356450,OCH,NA
9364812,9380642,NA,NA
9365178,9365492,CHI,N
9365986,9366992,FEM,NA
9366659,9377908,CHI,Y
9367004,9367313,OCH,NA
9367421,9368493,OCH,NA
9369106,9370451,OCH,NA
9371207,9371310,OCH,NA
9371987,9372505,FEM,NA
9374550,9375028,OCH,NA
9375463,9375991,OCH,NA
9376508,9377993,FEM,NA
9377819,9378511,OCH,NA
9378018,9378204,MAL,NA
9378592,9378992,FEM,NA
9379267,9380492,CHI,N
9380011,9380112,MAL,NA
9384512,9410714,NA,NA
9384663,9387010,FEM,NA
9387011,9389657,CHI,N
9387993,9389427,OCH,NA
9389510,9390011,FEM,NA
9390161,9390412,FEM,NA
9391901,9393803,CHI,N
9392510,9394511,OCH,NA
9394010,9394511,CHI,N
9394513,9397510,FEM,NA
9395345,9395510,CHI,N
9395668,9395778,CHI,N
9398352,9401119,FEM,NA
9399596,9399993,MAL,NA
9400992,9402011,OCH,NA
9401336,9407548,CHI,N
9402212,9402975,OCH,NA
9403358,9403493,OCH,NA
9404370,9409389,OCH,NA
9408493,9410511,CHI,N
9416719,9438992,NA,NA
9416993,9418512,FEM,NA
9418709,9420992,OCH,NA
9419492,9422992,CHI,N
9422492,9423267,FEM,NA
9424164,9424738,OCH,NA
9424421,9424698,CHI,N
9424904,9425512,OCH,NA
9425936,9434444,CHI,C
9428164,9428270,OCH,NA
9428408,9429031,OCH,NA
9428727,9429010,FEM,NA
9433493,9438841,FEM,NA
9439207,9455572,NA,NA
9439991,9450492,FEM,NA
9443242,9444018,MAL,NA
9444482,9444652,MAL,NA
9446465,9446964,MAL,NA
9450024,9450871,MAL,NA
9450974,9453512,FEM,NA
9454512,9455433,CHI,N
9456510,9459662,NA,NA
9457022,9458377,FEM,NA
9457032,9457498,CHI,N
9460781,9461318,NA,NA
9461510,9465504,NA,NA
9461767,9465140,FEM,NA
9463335,9464369,MAL,NA
9464506,9464609,CHI,N
9466781,9476211,NA,NA
9466833,9467459,CHI,N
9467511,9472040,FEM,NA
9472773,9475011,FEM,NA
9474389,9476203,MAL,NA
9478492,9479125,NA,NA
9478558,9479012,CHI,N
9483510,9487513,NA,NA
9483991,9487511,FEM,NA
9488991,9492511,NA,NA
9489098,9492512,FEM,NA
9496511,9503713,NA,NA
9496749,9503486,FEM,NA
9498512,9501575,MAL,NA
9501781,9501989,MAL,NA
9508492,9516977,FEM,NA
9508492,9518440,NA,NA
9516899,9517510,CHI,N
9517012,9518225,MAL,NA
9517750,9517920,FEM,NA
9520991,9531992,NA,NA
9520991,9529180,FEM,NA
9529979,9531805,CHI,N
9530519,9530661,OCH,NA
9537097,9546512,NA,NA
9537492,9546512,FEM,NA
9553511,9563511,NA,NA
9554011,9558292,FEM,NA
9556232,9557020,MAL,NA
9557217,9557554,MAL,NA
9558196,9558375,MAL,NA
9558992,9559616,CHI,N
9560388,9560992,FEM,NA
9560997,9562281,CHI,N
9562011,9563231,MAL,NA
9565747,9569071,NA,NA
9565796,9568511,FEM,NA
9569435,9573880,NA,NA
9569608,9571415,CHI,N
9572261,9573511,FEM,NA
9572344,9572973,MAL,NA
9576011,9589992,NA,NA
9576011,9577572,FEM,NA
9578010,9579293,CHI,N
9578589,9580012,MAL,NA
9579529,9580992,FEM,NA
9581419,9582992,OCH,NA
9581804,9584517,CHI,C
9584015,9584788,MAL,NA
9584642,9585028,OCH,NA
9585010,9585214,CHI,N
9585471,9589094,CHI,C
9590992,9595493,NA,NA
9591242,9592639,CHI,N
9591342,9593492,OCH,NA
9592513,9593870,MAL,NA
9593265,9594389,FEM,NA
9599101,9605279,NA,NA
9599202,9599926,CHI,N
9599987,9601492,FEM,NA
9600512,9602603,OCH,NA
9602218,9602353,MAL,NA
9602732,9603021,MAL,NA
9603492,9605107,CHI,N
9606843,9617214,NA,NA
9608360,9608488,OCH,NA
9608510,9614283,CHI,C
9611099,9611408,OCH,NA
9611512,9611991,OCH,NA
9612128,9612606,OCH,NA
9614349,9614511,MAL,NA
9614376,9615993,FEM,NA
9616350,9616991,FEM,NA
9617511,9640491,NA,NA
9618109,9618838,MAL,NA
9618991,9619224,FEM,NA
9619992,9624962,FEM,NA
9623610,9624857,MAL,NA
9625635,9629012,CHI,N
9627915,9628150,FEM,NA
9629202,9630015,MAL,NA
9631011,9635513,FEM,NA
9635458,9636538,CHI,N
9636546,9638228,FEM,NA
9637793,9639710,CHI,Y
9639255,9640102,MAL,NA
9642794,9699707,NA,NA
9642844,9646054,CHI,N
9645510,9646308,OCH,NA
9645747,9646103,MAL,NA
9646214,9646349,MAL,NA
9647492,9649993,FEM,NA
9649662,9656512,CHI,N
9650492,9650992,FEM,NA
9654653,9655066,FEM,NA
9655181,9656624,OCH,NA
9656221,9658200,FEM,NA
9656658,9657017,MAL,NA
9658683,9660237,CHI,N
9660492,9663992,FEM,NA
9660563,9660669,OCH,NA
9663884,9665492,CHI,C
9666483,9671804,CHI,N
9670992,9671306,FEM,NA
9671441,9674512,FEM,NA
9674512,9676493,CHI,N
9676859,9679993,FEM,NA
9677620,9677888,OCH,NA
9679492,9680597,MAL,NA
9680241,9680492,FEM,NA
9680492,9686010,CHI,N
9681525,9681753,MAL,NA
9685992,9686993,FEM,NA
9686878,9692492,CHI,N
9687511,9690061,OCH,NA
9691010,9692991,OCH,NA
9692511,9692882,FEM,NA
9692593,9694343,CHI,Y
9694029,9698032,FEM,NA
9694492,9694781,CHI,N
9696424,9696893,CHI,N
9698603,9699560,FEM,NA
9700396,9711385,NA,NA
9700808,9701011,FEM,NA
9700968,9703521,CHI,Y
9703984,9704492,FEM,NA
9704510,9706662,CHI,Y
9706903,9708992,CHI,Y
9709325,9709666,FEM,NA
9709640,9711160,CHI,Y
9709706,9709814,OCH,NA
9712011,9724492,NA,NA
9712099,9713419,CHI,N
9713010,9714414,FEM,NA
9714281,9717982,CHI,C
9717594,9719491,MAL,NA
9718949,9720967,FEM,NA
9720010,9723490,MAL,NA
9723146,9724464,FEM,NA
9725965,9726518,NA,NA
9725992,9726510,OCH,NA
9728249,9729896,OCH,NA
9728409,9729011,NA,NA
9731991,9732636,OCH,NA
9733301,9736585,NA,NA
9733325,9736482,FEM,NA
9735906,9736222,OCH,NA
9738120,9754529,NA,NA
9738200,9740215,OCH,NA
9739217,9739492,CHI,N
9740206,9740533,MAL,NA
9740512,9745591,FEM,NA
9746229,9748234,CHI,Y
9746992,9748992,OCH,NA
9748492,9750416,FEM,NA
9750491,9751497,CHI,N
9750491,9752992,OCH,NA
9752511,9754215,FEM,NA
9754955,9756153,NA,NA
9755132,9755993,CHI,N
9755173,9755362,OCH,NA
9755492,9755885,OCH,NA
9757139,9763011,NA,NA
9757289,9758992,OCH,NA
9757992,9758991,FEM,NA
9758991,9760165,CHI,N
9760843,9761447,FEM,NA
9761590,9762636,OCH,NA
9761619,9762512,CHI,N
9764992,9774493,NA,NA
9765269,9765510,CHI,N
9766810,9771511,OCH,NA
9770993,9771452,FEM,NA
9772010,9774492,FEM,NA
9780011,9788492,FEM,NA
9780060,9788717,NA,NA
9782314,9782695,CHI,N
9789213,9792347,NA,NA
9789491,9790601,OCH,NA
9789496,9791391,FEM,NA
9790797,9790989,OCH,NA
9792831,9807153,NA,NA
9792993,9794041,CHI,N
9793864,9800096,FEM,NA
9795835,9795992,CHI,N
9799010,9799206,CHI,N
9799571,9799785,CHI,N
9799993,9802020,CHI,C
9800671,9803010,OCH,NA
9802315,9802447,CHI,N
9802711,9806557,FEM,NA
9803337,9803674,OCH,NA
9806010,9806153,CHI,N
9807548,9810403,NA,NA
9807738,9810154,FEM,NA
9810548,9819009,NA,NA
9810921,9811883,FEM,NA
9811511,9811631,CHI,N
9812834,9814010,CHI,N
9813511,9818492,FEM,NA
9817991,9818335,CHI,N
9822927,9847684,NA,NA
9823091,9823511,CHI,N
9824250,9829167,FEM,NA
9824504,9824801,CHI,N
9829316,9831012,FEM,NA
9830109,9831025,CHI,N
9831426,9832670,FEM,NA
9831524,9832012,CHI,N
9833240,9846510,FEM,NA
9846922,9847386,FEM,NA
9847049,9847172,MAL,NA
9848981,9852648,NA,NA
9849457,9849843,MAL,NA
9849565,9851116,FEM,NA
9850373,9850491,MAL,NA
9850992,9852101,CHI,N
9853010,9859991,FEM,NA
9853010,9860065,NA,NA
9860511,9868285,NA,NA
9860741,9862773,FEM,NA
9862493,9863605,OCH,NA
9862992,9865044,CHI,N
9863858,9864012,OCH,NA
9865010,9867609,FEM,NA
9867493,9867625,CHI,N
9868510,9872256,NA,NA
9868998,9870993,FEM,NA
9871004,9872248,OCH,NA
9873012,9883540,NA,NA
9873598,9873829,FEM,NA
9873971,9875075,FEM,NA
9875255,9875373,FEM,NA
9876511,9876894,FEM,NA
9878532,9879231,FEM,NA
9879999,9883011,FEM,NA
9882275,9882852,MAL,NA
9883247,9883368,OCH,NA
9885527,9886757,NA,NA
9885871,9886011,MAL,NA
9888942,9890731,NA,NA
9888946,9889992,FEM,NA
9889992,9890195,OCH,NA
9892407,9895011,NA,NA
9892511,9894784,CHI,N
9894012,9894604,OCH,NA
9897429,9916992,NA,NA
9897512,9898511,CHI,N
9899493,9899992,OCH,NA
9899493,9902492,FEM,NA
9901575,9902382,MAL,NA
9902512,9904993,CHI,N
9902712,9903009,OCH,NA
9904096,9904408,OCH,NA
9905068,9906992,OCH,NA
9905601,9905793,FEM,NA
9905981,9909511,FEM,NA
9909564,9912512,CHI,N
9909672,9911270,OCH,NA
9911403,9912135,OCH,NA
9913492,9914493,OCH,NA
9913492,9914511,FEM,NA
9915011,9916756,CHI,N
9919753,9930015,NA,NA
9919879,9921182,CHI,N
9921012,9923511,FEM,NA
9924073,9925421,CHI,N
9925841,9928333,FEM,NA
9927993,9929993,CHI,N
9931511,9945651,NA,NA
9931619,9940991,FEM,NA
9941250,9945457,FEM,NA
9945808,9947992,NA,NA
9946010,9947827,FEM,NA
9949878,9955455,NA,NA
9949993,9951939,FEM,NA
9950136,9950507,CHI,N
9952232,9955011,OCH,NA
9952239,9953049,CHI,N
9953219,9953710,CHI,N
9954136,9954318,CHI,N
9954498,9955033,CHI,N
9957850,9959119,NA,NA
9958302,9958744,CHI,N
9959510,9964790,NA,NA
9960157,9960518,CHI,N
9960307,9963010,MAL,NA
9962976,9963521,CHI,N
9963116,9965492,MAL,NA
9964961,9967339,NA,NA
9966029,9967192,FEM,NA
9967511,9979879,NA,NA
9967566,9979805,FEM,NA
9987713,10018905,NA,NA
9987992,9989190,FEM,NA
9988129,9988261,CHI,N
9989492,10000872,FEM,NA
10000724,10004011,CHI,N
10004011,10004865,FEM,NA
10005412,10006244,FEM,NA
10006478,10009716,FEM,NA
10006531,10007184,MAL,NA
10007506,10008196,OCH,NA
10008401,10008674,OCH,NA
10011337,10012493,FEM,NA
10011357,10011679,CHI,N
10012218,10012839,CHI,N
10013686,10016992,FEM,NA
10017273,10018532,FEM,NA
10022059,10025491,NA,NA
10022255,10023011,OCH,NA
10022813,10023010,CHI,N
10023787,10024011,FEM,NA
10023991,10025576,MAL,NA
10026131,10026339,NA,NA
10026501,10027512,NA,NA
10026693,10027387,MAL,NA
10028011,10030262,OCH,NA
10028281,10040895,NA,NA
10030851,10033011,MAL,NA
10034493,10034844,MAL,NA
10035066,10036357,MAL,NA
10036263,10039493,OCH,NA
10036575,10036975,CHI,N
10037512,10040492,CHI,N
10042760,10043875,MAL,NA
10042993,10043491,NA,NA
10044683,10047010,OCH,NA
10044764,10061885,NA,NA
10046511,10050510,CHI,C
10050350,10050510,OCH,NA
10050510,10051543,FEM,NA
10051493,10052485,MAL,NA
10052260,10056882,CHI,C
10053155,10053860,OCH,NA
10054078,10054223,OCH,NA
10055386,10056198,FEM,NA
10056331,10057872,FEM,NA
10058892,10061511,CHI,N
10058965,10061522,OCH,NA
10064591,10065595,NA,NA
10064844,10065426,CHI,N
10064993,10065425,OCH,NA
10067267,10069429,NA,NA
10067372,10069392,OCH,NA
10069491,10076305,MAL,NA
10069662,10076140,NA,NA
10077510,10082296,NA,NA
10077698,10078940,FEM,NA
10078511,10078734,OCH,NA
10078871,10081414,OCH,NA
10079088,10079571,CHI,N
10079708,10080393,CHI,N
10081513,10082487,MAL,NA
10084510,10088298,MAL,NA
10084638,10088118,NA,NA
10090116,10091566,NA,NA
10090492,10091010,CHI,N
10095702,10110800,NA,NA
10096512,10096973,FEM,NA
10096537,10097057,OCH,NA
10096741,10098790,CHI,N
10097175,10097472,FEM,NA
10098270,10098420,FEM,NA
10099492,10101473,OCH,NA
10101137,10101512,FEM,NA
10101944,10102381,OCH,NA
10102013,10103992,MAL,NA
10103992,10106992,FEM,NA
10106492,10106723,MAL,NA
10108511,10111488,MAL,NA
10112482,10114492,NA,NA
10112565,10114011,FEM,NA
10112828,10112949,MAL,NA
10113512,10113895,MAL,NA
10115540,10116011,MAL,NA
10118530,10118810,MAL,NA
10118928,10125857,MAL,NA
10119421,10122470,NA,NA
10122675,10126011,NA,NA
10125010,10125511,CHI,N
10128294,10133794,NA,NA
10128491,10129001,CHI,N
10128866,10129014,OCH,NA
10129511,10131523,FEM,NA
10131753,10133630,FEM,NA
10134492,10136725,NA,NA
10134658,10136511,FEM,NA
10135704,10135805,OCH,NA
10138492,10153318,NA,NA
10138508,10140558,CHI,N
10139011,10140481,OCH,NA
10141011,10144492,OCH,NA
10143510,10145228,FEM,NA
10145491,10147992,CHI,N
10146090,10146367,OCH,NA
10146492,10148510,OCH,NA
10148993,10150252,CHI,N
10149064,10151729,OCH,NA
10153510,10154835,NA,NA
10153765,10154715,FEM,NA
10156992,10159297,NA,NA
10157010,10159295,OCH,NA
10164725,10166909,NA,NA
10171511,10208012,NA,NA
10171855,10172631,CHI,N
10172042,10172491,OCH,NA
10172971,10173467,FEM,NA
10173011,10174697,CHI,N
10175471,10175854,OCH,NA
10176776,10178511,CHI,N
10178511,10180737,FEM,NA
10180718,10181511,NA,J
10181492,10182801,OCH,NA
10181822,10181950,CHI,N
10182513,10184307,FEM,NA
10184648,10186378,CHI,N
10186511,10188118,CHI,N
10188546,10189992,CHI,N
10190492,10192510,FEM,NA
10192937,10195510,OCH,NA
10192993,10193492,CHI,N
10195689,10204560,MAL,NA
10204161,10205271,FEM,NA
10204680,10204965,MAL,NA
10205868,10206992,FEM,NA
10208442,10211012,NA,NA
10212510,10217485,MAL,NA
10213012,10219087,NA,NA
10216574,10217404,CHI,N
10217671,10218452,OCH,NA
10220992,10235493,MAL,NA
10221491,10224083,NA,NA
10224510,10224680,NA,NA
10227492,10227873,NA,NA
10230011,10235576,NA,NA
10237011,10240511,MAL,NA
10237992,10239992,NA,NA
10243626,10246540,MAL,NA
10243992,10244491,NA,NA
10245521,10246490,NA,NA
10247492,10249510,MAL,NA
10247992,10248625,NA,NA
10249829,10249989,MAL,NA
10250012,10250262,NA,NA
10250967,10253491,MAL,NA
10251492,10253357,NA,NA
10253633,10253868,MAL,NA
10254011,10260493,MAL,NA
10254544,10254802,NA,NA
10255084,10256966,NA,NA
10258387,10260010,NA,NA
10264637,10269268,MAL,NA
10264754,10266128,NA,NA
10267012,10268490,NA,NA
10269388,10269489,MAL,NA
10269617,10271011,MAL,NA
10270010,10270548,NA,NA
10278492,10280011,MAL,NA
10278510,10279922,NA,NA
10280512,10283511,NA,NA
10280611,10282493,CHI,C
10281992,10283858,MAL,NA
10286735,10288639,NA,NA
10286998,10288510,CHI,N
10287486,10288488,MAL,NA
10289908,10299164,NA,NA
10289940,10291741,CHI,N
10291492,10292969,MAL,NA
10292010,10292326,CHI,N
10292493,10294425,CHI,C
10294229,10295591,MAL,NA
10295011,10296607,CHI,Y
10296442,10304216,MAL,NA
10299489,10311485,NA,NA
10304012,10305878,CHI,C
10305206,10308696,MAL,NA
10308360,10310363,CHI,Y
10309876,10311493,MAL,NA
10312912,10315863,NA,NA
10312964,10315011,CHI,Y
10313062,10313183,MAL,NA
10314714,10315990,MAL,NA
10317011,10319401,MAL,NA
10317512,10318789,NA,NA
10318992,10324493,NA,NA
10319493,10323477,CHI,Y
10320991,10322088,MAL,NA
10323011,10324992,MAL,NA
10325939,10327166,MAL,NA
10337077,10337376,MAL,NA
10341511,10343511,MAL,NA
10341992,10343318,NA,NA
10350011,10350990,MAL,NA
10352975,10354865,MAL,NA
10353184,10353869,NA,NA
10357978,10358272,MAL,NA
10365508,10366357,MAL,NA
10380563,10380825,MAL,NA
10381787,10382492,MAL,NA
10383933,10386280,MAL,NA
10384416,10384892,NA,NA
10385938,10386058,NA,NA
10403881,10403992,NA,NA
10403881,10404978,MAL,NA
10404470,10404755,NA,NA
10407140,10407381,MAL,NA
10407148,10407345,NA,NA
10408993,10411533,NA,NA
10409327,10410518,MAL,NA
10410512,10410971,FEM,NA
10410630,10411629,MAL,NA
10425610,10426385,NA,NA
10459625,10459902,MAL,NA
10462623,10463554,MAL,NA
10462959,10463242,NA,NA
10464967,10467491,NA,NA
10465149,10467466,MAL,NA
10516993,10518957,FEM,NA
10516993,10518993,NA,NA
10547795,10548011,MAL,NA
10554172,10554511,NA,NA
10556522,10556863,MAL,NA
10557761,10562162,MAL,NA
10558742,10559123,NA,NA
10559492,10560931,NA,NA
10564199,10564752,MAL,NA
10564972,10565151,MAL,NA
10567609,10568988,MAL,NA
10567992,10568296,NA,NA
10574511,10576052,NA,NA
10574992,10576011,FEM,NA
10576246,10577147,NA,NA
10579478,10580533,NA,NA
10579496,10579671,FEM,NA
10579513,10579695,MAL,NA
10579840,10580491,FEM,NA
10580051,10580402,MAL,NA
10581244,10582489,NA,NA
10589493,10589687,OCH,NA
10589992,10590988,OCH,NA
10590068,10591011,NA,NA
10594204,10594354,MAL,NA
10595510,10596163,NA,NA
10596282,10596511,NA,NA
10598492,10601027,NA,NA
10599674,10600492,FEM,NA
10602611,10604062,NA,NA
10602615,10603705,FEM,NA
10605511,10605911,OCH,NA
10605575,10605973,NA,NA
10606785,10607877,NA,NA
10607011,10607124,FEM,NA
10608248,10610776,NA,NA
10609010,10610665,FEM,NA
10611511,10612151,NA,NA
10616677,10617946,MAL,NA
10616748,10617585,NA,NA
10631618,10632776,NA,NA
10643106,10643923,NA,NA
10644576,10645931,NA,NA
10648922,10651344,MAL,NA
10649082,10649907,NA,NA
10665969,10666887,MAL,NA
10668248,10669048,MAL,NA
10668402,10668635,NA,NA
10669431,10670244,MAL,NA
10669830,10669936,NA,NA
10670790,10672422,MAL,NA
10671571,10671822,NA,NA
10680491,10681257,MAL,NA
10681585,10681793,MAL,NA
10685491,10685769,MAL,NA
10687449,10688588,MAL,NA
10701035,10701136,MAL,NA
10702052,10702197,MAL,NA
10775999,10777567,MAL,NA
10776429,10777082,NA,NA
10792727,10792830,MAL,NA
10793091,10793349,MAL,NA
10830576,10831011,MAL,NA
10877024,10877853,MAL,NA
10878125,10878255,MAL,NA
10884984,10886526,OCH,NA
10885749,10886475,NA,NA
10980141,10980511,NA,NA
10980287,10980491,FEM,NA
10998411,10999459,NA,NA
10998492,10999354,FEM,NA
11000708,11001002,NA,NA
11001260,11001409,NA,NA
11003011,11003433,NA,NA
11003239,11003352,OCH,NA
11026004,11027339,NA,NA
11026009,11027290,OCH,NA
11049011,11049170,NA,NA
11060256,11061149,NA,NA
11060493,11061011,FEM,NA
11065334,11065511,NA,NA
11067195,11067492,NA,NA
11073868,11075677,NA,NA
11073993,11075011,FEM,NA
11080851,11081696,NA,NA
11080871,11081674,FEM,NA
11264682,11265187,NA,NA
11264849,11264954,CHI,N
11326758,11328010,NA,NA
11326773,11328174,OCH,NA
11326942,11327511,CHI,N
11328339,11328487,OCH,NA
11344244,11345255,NA,NA
11344492,11345491,OCH,NA
11406511,11406810,NA,NA
11414623,11414731,MAL,NA
11414662,11414932,NA,NA
11443555,11443877,NA,NA
11531374,11531511,OCH,NA
11532615,11533705,NA,NA
11532632,11533781,OCH,NA
11543180,11544824,OCH,NA
11543729,11544492,NA,NA
11545870,11546334,OCH,NA
11546992,11547368,OCH,NA
11560492,11561007,NA,NA
11560526,11560693,MAL,NA
11566631,11567709,NA,NA
11566992,11567093,FEM,NA
11568832,11570015,MAL,NA
11569011,11569728,NA,NA
11575492,11576417,FEM,NA
11575511,11576475,NA,NA
11603566,11603723,MAL,NA
11605817,11608360,NA,NA
11605830,11608166,FEM,NA
11608927,11610010,FEM,NA
11608927,11610993,NA,NA
11611350,11611455,MAL,NA
11611541,11611791,NA,NA
11611991,11612479,NA,NA
11612039,11612511,MAL,NA
11612951,11616010,NA,NA
11612992,11615267,FEM,NA
11615721,11615826,MAL,NA
11619089,11619965,OCH,NA
11620299,11620458,OCH,NA
11622103,11622483,NA,NA
11622115,11622329,OCH,NA
11623033,11623671,OCH,NA
11623070,11623679,NA,NA
11623832,11629011,NA,NA
11624111,11625334,OCH,NA
11624492,11625010,FEM,NA
11625512,11625635,OCH,NA
11625992,11626821,OCH,NA
11626851,11628758,FEM,NA
11629155,11631119,NA,NA
11629216,11629493,FEM,NA
11630010,11631190,OCH,NA
11632920,11633386,NA,NA
11636020,11637073,NA,NA
11636057,11636999,CHI,N
11636313,11636983,OCH,NA
11757908,11758789,MAL,NA
11758134,11758283,NA,NA
