segment_onset,segment_offset,speaker_type
45375,46107,NA
45492,46045,FEM
79108,79235,NA
117290,118011,NA
117315,118010,FEM
129492,131061,NA
129492,131151,FEM
147607,147978,MAL
187491,188637,FEM
187491,188681,NA
369402,370818,NA
369446,370474,FEM
372470,374213,CHI
372492,374306,NA
511927,512300,FEM
511949,512327,NA
608011,609491,NA
608047,609429,CHI
736493,736832,NA
737492,737951,NA
852890,853492,FEM
852890,853504,NA
943267,944597,CHI
943269,944992,NA
945427,947493,NA
945579,947104,CHI
947717,949492,NA
947926,949230,CHI
947946,948511,OCH
1139513,1140682,CHI
1139547,1140691,NA
1146224,1147491,NA
1146297,1147166,CHI
1150991,1152208,NA
1150991,1152314,FEM
1158011,1163511,NA
1158303,1159783,FEM
1159512,1160908,CHI
1161206,1163385,FEM
1173010,1173915,OCH
1173130,1174011,NA
1219998,1220177,NA
1220356,1221223,NA
1220424,1221215,CHI
1346973,1348512,NA
1346993,1348512,CHI
1356510,1358992,NA
1356853,1358827,CHI
1370203,1371992,NA
1370485,1371492,CHI
1372223,1375223,NA
1372511,1375088,CHI
1396992,1398511,NA
1397147,1397263,CHI
1397419,1398475,CHI
1427993,1428570,MAL
1468054,1470011,NA
1468510,1469511,FEM
1474511,1476182,NA
1474725,1476011,CHI
1479578,1479919,NA
1546877,1547992,CHI
1546896,1547993,NA
1549866,1549991,NA
1602114,1602511,NA
1602141,1602492,CHI
1765500,1767512,NA
1766492,1767511,CHI
1767715,1767992,NA
1769158,1770491,CHI
1769190,1770425,NA
1787992,1791492,CHI
1787992,1791492,NA
1803288,1808079,NA
1803327,1808082,FEM
1809974,1811329,FEM
1809992,1811236,NA
1813511,1815492,FEM
1813511,1815492,NA
1819360,1820227,NA
1819429,1820011,CHI
1819749,1819896,OCH
1835911,1838012,NA
1835933,1837779,CHI
1837011,1837792,OCH
1858992,1859993,NA
1859046,1859645,CHI
1891502,1893917,NA
1891510,1893749,CHI
1904992,1906404,NA
1905012,1906011,CHI
1909234,1910069,CHI
1909266,1910167,NA
1913417,1914991,NA
1913434,1914948,CHI
1945164,1947491,NA
1945586,1947093,CHI
1945976,1946715,OCH
1949009,1950226,NA
1949142,1950011,CHI
1975447,1978511,NA
1975474,1978493,CHI
2006205,2008512,NA
2006243,2008492,CHI
2013981,2014715,NA
2013998,2014511,CHI
2019386,2022256,CHI
2019387,2022263,NA
2024232,2026991,NA
2024384,2026860,CHI
2029143,2030010,NA
2029303,2029666,FEM
2029801,2030010,FEM
2037992,2038510,NA
2048887,2054004,CHI
2048888,2054242,NA
2056902,2058492,NA
2056936,2058492,CHI
2084876,2087930,NA
2084908,2087622,CHI
2098722,2102951,NA
2098767,2102802,CHI
2100303,2100991,FEM
2104336,2107222,NA
2104390,2107152,CHI
2105744,2105860,FEM
2112510,2113549,NA
2112610,2113493,CHI
2119492,2123697,CHI
2119492,2123939,NA
2145493,2147992,CHI
2145493,2147992,NA
2163454,2164794,CHI
2163463,2164992,NA
2170263,2174018,NA
2170289,2174155,CHI
2193384,2195011,NA
2193510,2193940,FEM
2193693,2195004,CHI
2200433,2201012,NA
2200492,2200993,FEM
2206788,2208011,NA
2206791,2208011,FEM
2268618,2268766,NA
2271512,2273010,NA
2271724,2272991,CHI
2280849,2281993,NA
2280906,2281974,CHI
2295673,2296665,NA
2295763,2296431,CHI
2295818,2296319,OCH
2300489,2301491,NA
2300511,2301350,CHI
2304654,2305783,CHI
2304654,2305852,NA
2310420,2312511,CHI
2310466,2314938,NA
2312992,2314939,MAL
2314011,2314570,FEM
2315218,2319492,NA
2315447,2316589,CHI
2316992,2317733,FEM
2317839,2319493,CHI
2330873,2332010,NA
2330890,2332010,CHI
2338359,2340011,FEM
2338430,2339993,NA
2348840,2349935,CHI
2348865,2349893,NA
2351165,2352512,CHI
2351194,2354355,NA
2353011,2354207,FEM
2355429,2357781,NA
2355492,2356511,FEM
2356493,2357695,CHI
2361012,2362013,CHI
2361012,2362062,NA
2370160,2372011,CHI
2370205,2375011,NA
2372294,2373592,CHI
2373700,2375011,CHI
2378579,2380947,CHI
2378579,2380992,NA
2381586,2383236,NA
2381638,2383142,CHI
2384183,2386665,NA
2384247,2384633,FEM
2384659,2386692,CHI
2391491,2393418,CHI
2391491,2393477,NA
2399672,2401511,NA
2399752,2400547,CHI
2400548,2401289,MAL
2400573,2401267,FEM
2419492,2420567,CHI
2419495,2420568,NA
2428198,2429492,CHI
2428230,2429492,NA
2440511,2441525,CHI
2440511,2441591,NA
2451355,2453323,CHI
2451359,2453492,NA
2455206,2456510,NA
2455211,2456510,CHI
2471018,2471329,NA
2472888,2473062,OCH
2473671,2474587,NA
2475606,2476019,NA
2475613,2476011,FEM
2532992,2534133,NA
2533609,2533992,OCH
2533699,2534011,CHI
2574141,2575184,NA
2574501,2574948,CHI
2577629,2580172,NA
2577656,2578807,CHI
2578993,2580043,FEM
2585658,2586011,NA
2597493,2598511,FEM
2597493,2598511,NA
2604022,2605011,CHI
2604022,2605094,NA
2658776,2659448,NA
2663493,2664630,CHI
2663493,2664668,NA
2668736,2672992,CHI
2668741,2673010,NA
2674573,2675186,NA
2674623,2674775,CHI
2674883,2675011,CHI
2677992,2679011,CHI
2677992,2679011,NA
2697234,2698520,NA
2697253,2698512,CHI
2701952,2704492,NA
2701991,2704068,CHI
2705209,2706095,NA
2705493,2706063,FEM
2716991,2717511,NA
2727655,2730421,NA
2728036,2729992,FEM
2728510,2728923,CHI
2731320,2733337,NA
2731671,2733326,CHI
2743011,2748875,NA
2743473,2744511,FEM
2743784,2744491,MAL
2744992,2748657,CHI
2748350,2748466,FEM
2751722,2755180,NA
2751805,2752578,CHI
2753190,2755011,FEM
2754008,2754990,MAL
2772347,2773014,NA
2772352,2773012,CHI
2790359,2791333,NA
2790415,2791011,FEM
2791063,2791333,MAL
2819116,2819492,NA
2822852,2823289,FEM
2822875,2823459,NA
2823734,2824409,NA
2823923,2824375,CHI
2837827,2838993,NA
2837837,2838991,FEM
2840376,2842517,NA
2840385,2842511,CHI
2884493,2886295,NA
2884493,2886322,CHI
2903664,2905525,NA
2904630,2905300,FEM
2922878,2924054,NA
2922887,2924051,FEM
2990392,2991172,CHI
2990400,2991176,NA
3001168,3002270,NA
3001232,3002135,CHI
3010016,3010129,NA
3011438,3012341,NA
3011546,3012010,FEM
3024211,3025838,NA
3024493,3025627,CHI
3024878,3025509,OCH
3028782,3031006,NA
3028992,3030992,CHI
3131507,3131951,NA
3131573,3131885,FEM
3134133,3134492,NA
3134924,3136991,NA
3135512,3136611,MAL
3136011,3136517,FEM
3137511,3140128,NA
3137942,3139152,FEM
3139324,3139783,CHI
3139405,3139511,OCH
3140610,3143496,NA
3140694,3143033,FEM
3144012,3145993,NA
3144305,3145432,CHI
3144334,3145510,OCH
3150100,3151011,NA
3150173,3150993,CHI
3154012,3156341,NA
3154059,3155502,OCH
3171493,3175651,NA
3171511,3173713,CHI
3171513,3173349,OCH
3174302,3175417,CHI
3203018,3203438,NA
3256338,3257011,NA
3260122,3262012,NA
3260318,3261850,FEM
3269224,3270795,NA
3269283,3270677,CHI
3297248,3300010,FEM
3297360,3300011,NA
3304992,3306011,NA
3305510,3305832,CHI
3306742,3307491,NA
3306763,3307379,CHI
3307613,3308372,NA
3307691,3308302,FEM
3308752,3309876,NA
3308950,3309699,CHI
3318165,3318742,NA
3318236,3318437,CHI
3320492,3321493,FEM
3320492,3321493,NA
3341505,3341940,CHI
3341512,3341993,NA
3357447,3372012,NA
3357465,3363491,CHI
3363712,3367011,CHI
3366011,3368348,FEM
3368787,3370012,CHI
3369266,3369398,OCH
3370511,3372038,MAL
3378728,3381492,NA
3378988,3381430,FEM
3391276,3392780,NA
3391322,3392493,CHI
3439780,3440570,NA
3439808,3440510,CHI
3464780,3466749,NA
3464993,3466493,CHI
3474510,3479011,NA
3475011,3476898,CHI
3477028,3477222,CHI
3477158,3477718,MAL
3492376,3493512,NA
3496492,3499492,NA
3496596,3499011,CHI
3500396,3500992,NA
3518512,3519190,NA
3518888,3518993,FEM
3522380,3524447,NA
3522493,3524088,CHI
3525491,3527609,NA
3525668,3526610,OCH
3529427,3533435,NA
3529543,3533321,CHI
3529887,3530015,OCH
3536327,3539017,NA
3536482,3538011,OCH
3536492,3539011,CHI
3589395,3590014,NA
3630020,3630251,NA
3631492,3633509,NA
3631704,3633010,CHI
3688252,3690010,NA
3688367,3689923,CHI
3700514,3701012,NA
3755130,3755252,NA
3770191,3771011,NA
3813116,3814012,NA
3813205,3813850,CHI
3813492,3813637,OCH
3816492,3819011,CHI
3816492,3819206,NA
3834191,3834603,MAL
3876883,3879877,NA
3876987,3879657,CHI
3881183,3881912,NA
3881292,3881834,CHI
3890894,3893511,NA
3890992,3893469,CHI
3892728,3893280,OCH
3897497,3902511,NA
3897504,3900516,CHI
3900624,3901466,CHI
3900931,3901360,OCH
3901892,3902012,OCH
3915881,3917513,NA
3915930,3916991,CHI
3919411,3921063,NA
3919899,3921011,CHI
3925876,3927709,NA
3925932,3927611,CHI
3939992,3942493,CHI
3939992,3942493,NA
3949012,3955011,NA
3949493,3950548,OCH
3949513,3954994,CHI
3956842,3959512,NA
3956874,3958361,CHI
3957512,3959495,OCH
3964704,3967993,NA
3964992,3966511,OCH
3965347,3965789,CHI
3966011,3967803,CHI
3974581,3978209,NA
3974893,3978175,CHI
3975492,3976992,OCH
3980888,3983011,NA
3980991,3982992,CHI
3988482,3991012,NA
3988492,3991011,FEM
4002073,4002510,NA
4017507,4021992,NA
4017511,4018571,FEM
4018498,4021512,CHI
4023230,4024511,NA
4023493,4024394,FEM
4108269,4109126,NA
4108563,4109074,OCH
4122897,4124517,NA
4123013,4123511,CHI
4124177,4124493,FEM
4164143,4167847,CHI
4164163,4167972,NA
4168511,4173118,CHI
4168511,4173217,NA
4173390,4173491,NA
4190010,4192992,NA
4190029,4192511,CHI
4195943,4197139,NA
4196003,4196992,FEM
4200503,4202511,FEM
4200512,4202696,NA
4203932,4205866,NA
4204011,4204139,OCH
4204253,4204938,OCH
4204349,4204992,CHI
4205512,4205900,MAL
4206986,4208901,NA
4207331,4207490,FEM
4207363,4208767,CHI
4210753,4216492,NA
4210804,4216280,CHI
4231594,4232515,CHI
4231668,4232510,NA
4243205,4245227,NA
4243416,4245227,FEM
4346033,4348271,CHI
4346047,4348288,NA
4479322,4479449,NA
4522338,4523492,NA
4522350,4523256,CHI
4523921,4528012,NA
4524004,4527993,CHI
4539812,4541493,FEM
4539815,4541511,NA
4542720,4545729,NA
4542782,4545241,FEM
4543680,4543852,MAL
4544468,4545194,MAL
4545231,4545714,CHI
4548012,4549031,NA
4550492,4551705,NA
4550521,4551512,FEM
4550614,4551591,MAL
4559492,4571350,NA
4559551,4565012,FEM
4564510,4565366,MAL
4566117,4566620,OCH
4567490,4571337,FEM
4607511,4611475,FEM
4607511,4611510,NA
4614032,4614280,NA
4614492,4622010,NA
4614531,4617010,MAL
4615787,4622011,FEM
4625492,4633025,NA
4625500,4628971,FEM
4629008,4630518,MAL
4630011,4633011,FEM
4634493,4635497,FEM
4634493,4635511,NA
4637491,4643382,FEM
4637491,4644317,NA
4641116,4641744,MAL
4642952,4644189,MAL
4646756,4653047,NA
4646845,4649493,FEM
4648512,4650768,MAL
4649835,4650010,FEM
4651305,4652810,FEM
4654010,4656720,NA
4654115,4656513,FEM
4658855,4664010,NA
4658992,4660992,FEM
4660014,4661062,MAL
4661312,4661481,MAL
4661992,4664010,FEM
4674491,4676621,MAL
4674512,4685675,NA
4676010,4676255,FEM
4676407,4677855,FEM
4678560,4680134,FEM
4678638,4678775,MAL
4678921,4680642,MAL
4681010,4685492,FEM
4687168,4689453,NA
4687181,4689383,FEM
4692608,4698236,NA
4692673,4698184,FEM
4693667,4694491,MAL
4699735,4701885,NA
4699932,4700691,FEM
4700049,4700324,MAL
4700442,4701991,MAL
4704991,4707492,FEM
4704991,4707683,NA
4706512,4707314,MAL
4709011,4714990,MAL
4709011,4718237,NA
4714011,4717754,FEM
4721993,4726492,NA
4722011,4723774,FEM
4724484,4726246,FEM
4735758,4737275,NA
4743510,4762007,NA
4743510,4745511,FEM
4745387,4751511,MAL
4747506,4748011,FEM
4751475,4761492,FEM
4752228,4754552,MAL
4760674,4762316,MAL
4763011,4768774,NA
4764012,4764235,FEM
4764393,4766492,FEM
4765859,4768011,MAL
4767512,4768055,FEM
4769012,4786012,NA
4769511,4775311,FEM
4771671,4772540,MAL
4774508,4775026,MAL
4776200,4776759,OCH
4777491,4785702,FEM
4778043,4778585,MAL
4780256,4781984,MAL
4784012,4785510,MAL
4789869,4793492,NA
4789883,4791213,MAL
4790510,4793391,FEM
4794032,4795925,MAL
4794243,4797010,NA
4795404,4796992,FEM
4798622,4800006,NA
4798955,4799792,FEM
4800533,4802870,NA
4800833,4802414,MAL
4801106,4801234,FEM
4801764,4802650,FEM
4804753,4807510,NA
4804842,4805991,FEM
4806493,4807511,MAL
4812062,4815734,NA
4812190,4814949,MAL
4812492,4812954,FEM
4813511,4815511,FEM
4821512,4830716,NA
4821992,4823620,CHI
4823234,4825971,FEM
4826512,4828642,FEM
4828012,4831011,MAL
4832831,4835992,NA
4832971,4835492,FEM
4834666,4835051,MAL
4842992,4845155,NA
4843010,4845148,FEM
4846824,4850511,NA
4846981,4848711,FEM
4848010,4850352,MAL
4849467,4850026,FEM
4853993,4855635,CHI
4853993,4859012,NA
4855574,4856295,FEM
4856095,4856257,MAL
4857064,4858892,FEM
4864511,4865539,NA
4864757,4865675,MAL
4880010,4884345,NA
4880405,4881799,MAL
4880463,4883263,FEM
4882012,4884344,MAL
4887567,4887992,OCH
4887569,4888492,NA
4899440,4902010,NA
4899479,4902010,FEM
4903492,4904736,FEM
4903492,4912512,NA
4904012,4906491,MAL
4906011,4911519,FEM
4911011,4912302,OCH
4912718,4914000,NA
4913190,4913492,OCH
4915011,4917873,NA
4915492,4917492,FEM
4919000,4924282,NA
4919311,4923862,FEM
4919493,4920988,MAL
4926493,4934512,NA
4926498,4928650,MAL
4926734,4927259,FEM
4927387,4927492,FEM
4927659,4933012,FEM
4928781,4928896,MAL
4932510,4934387,CHI
4936511,4947492,NA
4936587,4936886,FEM
4936992,4941548,FEM
4938356,4939490,MAL
4941010,4943489,MAL
4942510,4947243,FEM
4969078,4973622,NA
4969230,4970489,FEM
4970184,4971104,MAL
4971011,4973493,FEM
4971218,4971341,MAL
4974446,4977836,MAL
4974549,4984429,NA
4977992,4984290,MAL
4981419,4982524,FEM
4982786,4983512,FEM
4985874,4986210,NA
4987283,4987830,NA
4987286,4987542,MAL
4988010,4988265,NA
4988010,4991010,MAL
4988491,4990992,NA
4999011,5000299,NA
4999011,5003010,MAL
5001242,5002491,NA
5007236,5010665,NA
5007493,5007743,MAL
5007874,5008448,MAL
5008490,5010491,FEM
5012030,5013750,MAL
5012346,5012493,NA
5020458,5022942,NA
5020491,5020992,CHI
5021220,5022992,MAL
5068511,5068825,NA
5068958,5076493,NA
5068992,5069886,CHI
5070421,5071698,FEM
5070544,5071332,MAL
5071883,5074512,MAL
5071937,5076011,FEM
5080232,5085991,NA
5081012,5085980,FEM
5081128,5081590,MAL
5090011,5093992,NA
5090032,5090219,FEM
5090492,5092642,FEM
5091992,5093992,MAL
5092980,5093493,FEM
5096993,5098994,FEM
5096993,5102952,NA
5098493,5103576,MAL
5113511,5116569,FEM
5113511,5116648,NA
5179177,5180183,CHI
5179179,5180105,NA
5180492,5185575,CHI
5180510,5185586,NA
5181519,5182091,FEM
5188948,5192588,CHI
5188976,5192663,NA
5194368,5196272,CHI
5194424,5196272,NA
5207671,5210698,NA
5207703,5210633,CHI
5238638,5248311,NA
5238805,5248317,CHI
5251222,5253419,CHI
5251244,5253492,NA
5259511,5260991,FEM
5259511,5261011,NA
5262967,5263094,MAL
5264011,5267492,NA
5264492,5265877,CHI
5266649,5267154,CHI
5271991,5272232,NA
5273011,5273364,NA
5273512,5284493,NA
5274013,5277447,FEM
5274092,5274867,MAL
5276512,5277511,MAL
5277604,5281932,CHI
5281011,5282012,OCH
5282233,5283404,CHI
5285115,5289295,NA
5285589,5286141,MAL
5286349,5288492,CHI
5287626,5288348,OCH
5289931,5291011,NA
5290311,5290438,OCH
5298136,5299796,NA
5298205,5299643,CHI
5301992,5302621,CHI
5301992,5302751,NA
5307992,5308221,NA
5310384,5312811,NA
5310627,5310956,CHI
5311492,5312511,FEM
5311626,5311795,MAL
5328771,5330420,NA
5328847,5330011,CHI
5337011,5339876,CHI
5337011,5340043,NA
5338778,5339443,FEM
5342993,5345492,CHI
5342993,5346606,NA
5345700,5346512,CHI
5348492,5348991,NA
5350902,5351680,NA
5350934,5351493,FEM
5351128,5351390,MAL
5388191,5388312,NA
5415971,5417215,CHI
5415992,5417091,NA
5418011,5419248,CHI
5418068,5419215,NA
5424302,5425011,CHI
5424307,5425011,NA
5443885,5448011,CHI
5443914,5448492,NA
5448824,5451511,NA
5449604,5451492,CHI
5460510,5462029,FEM
5460510,5462284,NA
5463472,5464579,NA
5463492,5464511,FEM
5485229,5487252,CHI
5485241,5487359,NA
5504993,5506993,FEM
5505011,5507011,NA
5530015,5532190,CHI
5530015,5533992,NA
5532254,5533992,FEM
5535899,5548083,NA
5535955,5543993,CHI
5544502,5548024,CHI
5548981,5552992,NA
5549016,5552907,CHI
5557066,5558354,NA
5557378,5558257,CHI
5558612,5570993,NA
5558682,5565511,CHI
5565599,5565764,FEM
5565903,5566011,FEM
5566050,5566933,CHI
5567348,5570926,CHI
5584991,5615493,NA
5585011,5592637,FEM
5585050,5585993,OCH
5592861,5593193,FEM
5593511,5600744,FEM
5598065,5598401,MAL
5600011,5602633,MAL
5602763,5604992,FEM
5604056,5607892,MAL
5605254,5605492,FEM
5605804,5614491,FEM
5614491,5614877,OCH
5658512,5660529,NA
5658739,5660511,CHI
9868492,9879012,NA
9868492,9873907,CHI
9874513,9878511,CHI
9879281,9880010,NA
9879425,9879990,CHI
10207492,10209026,CHI
10207492,10209105,NA
10219579,10221958,NA
10219640,10221722,CHI
10256011,10258993,NA
10256115,10258980,CHI
10299511,10303092,NA
10299661,10303011,CHI
10312733,10317993,NA
10312820,10317555,CHI
10332510,10334928,NA
10332532,10334491,CHI
10345082,10345492,NA
10364907,10367015,NA
10364993,10366994,CHI
10367247,10367465,NA
10381298,10385513,NA
10381336,10385594,CHI
10397012,10401011,NA
10397170,10401011,CHI
10406011,10408103,NA
10406077,10408060,CHI
10410856,10413492,NA
10410992,10413479,CHI
10415372,10418268,NA
10415491,10418010,CHI
10419474,10420033,NA
10429992,10431511,CHI
10429992,10431511,NA
10438011,10442491,NA
10438325,10442404,CHI
10446686,10449718,NA
10446854,10449687,CHI
10466012,10466125,FEM
10471012,10472814,NA
10471992,10472510,FEM
10477146,10479492,NA
10477635,10478464,OCH
10478324,10479289,FEM
10480558,10482235,NA
10481051,10482011,FEM
10482575,10482693,NA
10491491,10492330,NA
10491498,10492208,OCH
10493845,10494707,NA
10493952,10494597,FEM
10495786,10500511,NA
10495789,10497237,CHI
10497126,10498029,FEM
10498064,10499574,CHI
10499510,10500490,FEM
10608119,10611330,NA
10608283,10611029,FEM
10611891,10613492,NA
10611992,10612991,CHI
10621010,10622689,FEM
10621010,10622699,NA
10624674,10626944,NA
10624711,10626491,CHI
10627786,10629232,NA
10628611,10629109,FEM
10632492,10633231,MAL
10632538,10633235,NA
10642766,10643011,MAL
10652864,10654011,CHI
10652882,10654011,NA
10657442,10658954,FEM
10657442,10658993,NA
10664619,10677012,NA
10664755,10672511,CHI
10666100,10667011,FEM
10673346,10677492,FEM
10677369,10677492,NA
10907992,10909617,NA
10907992,10909619,CHI
10942536,10943007,NA
10946492,10946889,NA
10946492,10946931,FEM
10948271,10951852,NA
10948510,10949070,FEM
10949511,10951718,FEM
10958630,10960113,NA
10958703,10959837,CHI
10965512,10965753,NA
10966492,10970982,CHI
10966492,10971011,NA
10977488,10982491,NA
10977490,10980192,CHI
10981103,10982055,CHI
10981276,10981816,OCH
10983386,10983999,NA
10983492,10983975,FEM
10994493,10995991,NA
10994667,10994885,FEM
10995134,10995262,FEM
10999511,11008492,NA
10999662,11008493,FEM
11013791,11013907,NA
11020485,11039037,NA
11021643,11030492,CHI
11024598,11030012,OCH
11031954,11035974,CHI
11036829,11038012,OCH
11037325,11038901,FEM
11039993,11041993,FEM
11039993,11043135,NA
11042011,11043121,CHI
11054011,11057511,CHI
11054011,11057511,NA
11058992,11059269,NA
11059568,11121994,NA
11059613,11060511,CHI
11061011,11061208,FEM
11061107,11061230,CHI
11061421,11062511,FEM
11062283,11063373,CHI
11063010,11066510,MAL
11065493,11072088,FEM
11070992,11076510,MAL
11076323,11076932,CHI
11077143,11083510,MAL
11082876,11086342,FEM
11083706,11084528,MAL
11085908,11086620,MAL
11087444,11093001,FEM
11089492,11089759,MAL
11092130,11092240,MAL
11093433,11095173,FEM
11093851,11102511,MAL
11096833,11098011,FEM
11101951,11104820,FEM
11102638,11103753,MAL
11104889,11107992,MAL
11106209,11106383,FEM
11108402,11110518,CHI
11110174,11112010,FEM
11111943,11113458,CHI
11114840,11116079,CHI
11115547,11121511,FEM
11117935,11119012,CHI
11120993,11122157,MAL
11122739,11122987,MAL
11123408,11125011,MAL
11123541,11125203,NA
11128011,11129992,MAL
11128011,11136384,NA
11128906,11131992,FEM
11130512,11135490,MAL
11132728,11133012,FEM
11134650,11136012,FEM
11137011,11140492,NA
11137011,11141304,MAL
11141493,11149991,MAL
11141511,11150045,NA
11146991,11147511,FEM
11150992,11165962,NA
11151014,11151993,MAL
11151365,11155493,FEM
11153815,11166356,MAL
11157546,11157684,FEM
11158012,11158493,FEM
11160899,11162207,FEM
11184492,11186325,CHI
11184492,11186355,NA
11190493,11192493,FEM
11190493,11192493,NA
11193010,11193115,FEM
11193010,11193282,NA
11193491,11195604,FEM
11193491,11197728,NA
11196492,11196993,FEM
11198010,11216826,NA
11198491,11199131,FEM
11198495,11200442,MAL
11200008,11205199,FEM
11200403,11201461,CHI
11202076,11206491,MAL
11206011,11214535,FEM
11208993,11210567,MAL
11213512,11216992,MAL
11219744,11219911,MAL
11220491,11225491,NA
11220863,11225725,MAL
11220992,11222992,FEM
11223475,11223993,FEM
11227012,11227206,NA
11227493,11232719,NA
11227898,11229525,MAL
11229550,11230637,CHI
11230372,11230993,FEM
11230491,11232791,MAL
11235842,11237609,CHI
11235893,11237621,NA
11240458,11243447,CHI
11240473,11244481,NA
11243492,11244143,FEM
11245333,11247048,NA
11245454,11246011,CHI
11246001,11247010,FEM
11249992,11251511,NA
11250011,11251494,FEM
11250773,11250895,MAL
11255613,11256713,NA
11255617,11256719,CHI
11290492,11292335,FEM
11290492,11292492,NA
11292644,11294072,NA
11292742,11294050,FEM
11337335,11338511,NA
11337339,11338512,FEM
11397270,11398175,NA
11397362,11398184,MAL
11410966,11412956,MAL
11411511,11413836,NA
11413951,11416211,NA
11414351,11416197,FEM
11422461,11424010,MAL
11422753,11423610,NA
11431285,11433541,NA
11431322,11432265,CHI
11432008,11433993,MAL
11456492,11458011,NA
11456581,11458010,FEM
11462985,11464045,FEM
11462992,11464119,NA
11491613,11491886,NA
11497189,11500296,NA
11497710,11497811,FEM
11498510,11500258,FEM
11509563,11510491,NA
11509602,11510235,FEM
11530838,11536754,NA
11530914,11531920,CHI
11532858,11532988,FEM
11533332,11533509,FEM
11534554,11536051,CHI
11534992,11535947,OCH
11537993,11541911,NA
11538010,11539993,FEM
11539265,11539413,MAL
11539989,11540915,CHI
11541493,11541768,OCH
11543892,11559527,NA
11544071,11545510,OCH
11544512,11546174,CHI
11546339,11547492,FEM
11547492,11550462,OCH
11547871,11548689,CHI
11549512,11557960,CHI
11550632,11551511,FEM
11555556,11556363,FEM
11556980,11558683,OCH
11558511,11559302,CHI
11560247,11619147,NA
11560501,11568782,CHI
11563585,11563992,FEM
11564232,11565928,FEM
11566736,11568763,OCH
11569325,11571753,CHI
11569363,11571683,OCH
11572477,11597278,CHI
11572728,11573535,OCH
11574011,11575575,FEM
11576491,11577092,FEM
11585012,11585393,OCH
11585624,11586817,OCH
11587055,11587516,FEM
11588010,11588521,OCH
11588743,11589011,OCH
11589261,11589992,OCH
11596011,11596313,FEM
11597425,11599011,FEM
11597514,11599284,MAL
11599497,11600889,FEM
11599585,11600030,CHI
11600747,11611375,CHI
11603491,11603945,OCH
11606510,11607376,OCH
11607779,11607976,OCH
11612012,11618993,FEM
11612195,11614323,MAL
11624011,11631014,NA
11624492,11625157,MAL
11624492,11631011,FEM
11626122,11626249,MAL
11626438,11626573,MAL
11631598,11632997,CHI
11631610,11642992,NA
11633024,11635152,FEM
11634842,11634992,CHI
11635377,11635512,OCH
11635512,11639277,CHI
11636492,11637501,FEM
11639666,11642960,FEM
11645667,11656452,NA
11645713,11645964,FEM
11646322,11651992,CHI
11650659,11651158,FEM
11651992,11653102,FEM
11652262,11652512,CHI
11653268,11656371,CHI
11658992,11660347,NA
11659491,11660039,FEM
11678025,11680992,NA
11678030,11680588,CHI
11688492,11692010,NA
11688511,11690747,CHI
11689010,11689170,OCH
11689699,11689849,OCH
11689993,11691935,OCH
11711618,11711724,CHI
11711625,11711772,NA
11716807,11717060,MAL
11746321,11748511,CHI
11746343,11748511,NA
11765993,11766511,NA
11765993,11766786,FEM
11776013,11777992,NA
11776035,11777957,CHI
11784599,11786337,NA
11784633,11786407,CHI
11791011,11792169,NA
11791011,11792302,FEM
11795304,11796323,NA
11795353,11796492,FEM
11808492,11808696,NA
11838511,11841081,FEM
11838511,11841113,NA
11842252,11843011,FEM
11842283,11843005,NA
11896117,11897011,NA
11896463,11896838,CHI
11918305,11918511,NA
11921823,11922466,NA
11921951,11922371,CHI
11938065,11940991,NA
11938398,11940992,FEM
11975599,11975780,NA
12038493,12038684,NA
12039457,12040512,NA
12045569,12045704,NA
12047010,12047295,NA
12053764,12053992,NA
12082004,12082482,NA
12089476,12090510,NA
12089512,12090344,FEM
12112492,12114161,CHI
12112492,12115057,NA
12114071,12114510,FEM
12114321,12114807,CHI
12130992,12132577,NA
12130992,12132629,CHI
12134492,12136183,CHI
12134492,12137992,NA
12135941,12137974,FEM
12182208,12183929,CHI
12182280,12183907,NA
12186511,12187623,NA
12186587,12187611,CHI
12215750,12216513,NA
12216012,12216432,FEM
12216027,12216294,OCH
12240492,12241010,NA
12240531,12240750,CHI
12243428,12243543,NA
12356012,12357011,CHI
12356047,12357011,NA
12447493,12450421,NA
12447992,12450383,FEM
12470492,12472011,NA
12470510,12471992,FEM
12510011,12511803,FEM
12510011,12511827,NA
12600510,12601992,CHI
12600510,12601992,NA
12659492,12662084,NA
12659546,12661888,CHI
12661010,12661985,FEM
12667404,12668992,NA
12667438,12668788,CHI
12669991,12670511,NA
12670012,12670511,FEM
12683080,12687272,NA
12683110,12686011,CHI
12686011,12687113,FEM
12703492,12705401,NA
12703510,12705447,FEM
12738656,12739807,NA
12738992,12739571,FEM
12740723,12742567,NA
12740834,12742511,CHI
12744493,12752978,NA
12744623,12746817,CHI
12746643,12748493,FEM
12748492,12752797,CHI
12748992,12749152,OCH
12754493,12755195,CHI
12754493,12755511,NA
12758511,12767659,NA
12758519,12761492,CHI
12762795,12765510,OCH
12762807,12767653,CHI
12769574,12771775,NA
12769858,12770079,FEM
12770438,12771754,CHI
12772490,12784993,NA
12772492,12773012,FEM
12773147,12773299,CHI
12773511,12784643,CHI
12782760,12783511,FEM
12795492,12798474,FEM
12795499,12798513,NA
12896280,12896493,NA
12896287,12897001,MAL
12901898,12908798,NA
12902011,12903030,FEM
12903042,12903729,OCH
12903816,12908654,FEM
12909810,12911010,NA
12909993,12910552,FEM
12912171,12912325,NA
12913104,12917135,NA
12913354,12915492,FEM
12915647,12917491,MAL
12924190,12932145,NA
12924200,12925803,FEM
12925992,12928986,MAL
12928012,12931716,FEM
12930030,12931068,MAL
12932914,12938127,NA
12933012,12934333,FEM
12934510,12934896,FEM
12935511,12937492,FEM
12936068,12938395,MAL
12939450,12942513,NA
12939492,12941512,FEM
12941164,12941351,MAL
12941517,12942239,CHI
12944986,12946643,NA
12944991,12946537,FEM
12948641,12949002,NA
12951451,12960268,NA
12951492,12955741,FEM
12952869,12958487,MAL
12956201,12959510,FEM
12958738,12959511,MAL
12959992,12963559,MAL
12960511,12962123,NA
12962464,12963596,NA
12963702,12963886,NA
12964862,12965748,NA
12968611,12970010,MAL
12969204,12969401,NA
12974992,12979901,NA
12975009,12979493,FEM
12978284,12979923,MAL
12984335,12988162,NA
12984492,12987492,FEM
12990093,12990321,MAL
12991928,12995993,NA
12991992,12992230,FEM
12992596,12992942,FEM
12993492,12994118,FEM
12993510,12993760,MAL
12994925,12995695,CHI
12997864,13000491,NA
12997967,12998510,OCH
12998011,13000183,FEM
13000770,13001993,NA
13000993,13001138,MAL
13008511,13011785,FEM
13008511,13017392,NA
13011891,13017191,FEM
13012063,13012589,MAL
13012795,13012930,MAL
13021082,13023443,MAL
13021680,13022775,NA
13025011,13042991,NA
13025492,13033352,FEM
13031687,13031793,MAL
13033573,13039992,FEM
13039491,13042348,MAL
13040760,13040883,FEM
13041454,13042510,FEM
13048163,13050991,NA
13048270,13050710,FEM
13048455,13048661,OCH
13055492,13061756,NA
13055511,13061512,FEM
13057991,13058411,MAL
13058992,13060489,MAL
13064011,13069549,NA
13064029,13066511,MAL
13064492,13064630,FEM
13064811,13065066,FEM
13065293,13066955,FEM
13067482,13068680,FEM
13068803,13068992,FEM
13068815,13069102,MAL
13069225,13069466,MAL
13073753,13074138,MAL
13073981,13074163,NA
13074510,13074662,NA
13074991,13077011,NA
13075061,13077012,FEM
13079492,13080491,MAL
13082783,13083011,NA
13082801,13082970,FEM
13085594,13085903,MAL
13085666,13085887,NA
13086502,13086723,MAL
13086952,13087192,MAL
13086993,13087511,NA
13098993,13099513,NA
13101848,13102774,NA
13101932,13102567,MAL
13105560,13111510,NA
13105835,13107015,FEM
13106510,13107990,MAL
13108510,13111510,FEM
13123806,13125465,MAL
13127992,13129636,MAL
13128060,13129459,NA
13131992,13133862,NA
13131992,13133921,FEM
13136975,13138511,NA
13137211,13138932,MAL
13144272,13144447,MAL
13177492,13178992,FEM
13177492,13178992,NA
13180492,13181511,NA
13180566,13181010,FEM
13186488,13187337,NA
13186609,13187011,FEM
13195084,13196491,NA
13195205,13196351,CHI
13197511,13203081,NA
13197588,13203074,CHI
13211461,13232992,NA
13211473,13228176,CHI
13218363,13219041,OCH
13221232,13221467,OCH
13228405,13232787,CHI
13242992,13245511,FEM
13242992,13249303,NA
13244992,13246011,MAL
13245944,13249012,CHI
13248657,13249011,OCH
13253237,13273855,NA
13253900,13256511,CHI
13256951,13273543,CHI
13266772,13266890,OCH
13274294,13281262,NA
13274693,13278492,OCH
13276011,13281011,CHI
13280492,13280593,FEM
13285811,13303992,NA
13286006,13286455,FEM
13286676,13290429,OCH
13287004,13295399,CHI
13295512,13296676,CHI
13296511,13299049,FEM
13298887,13299761,CHI
13299328,13299492,FEM
13300050,13303992,FEM
13311849,13319644,NA
13311915,13319492,CHI
13313012,13313979,FEM
13313513,13314011,OCH
13314122,13314993,OCH
13317011,13318511,OCH
13318643,13318992,OCH
13321247,13329011,NA
13321493,13328992,CHI
13334510,13349011,NA
13334581,13349011,CHI
13337548,13337936,FEM
13339105,13340511,FEM
13363402,13363714,NA
13364922,13367992,NA
13365511,13365906,FEM
13366549,13367511,CHI
13366647,13367123,FEM
13367030,13367477,OCH
13383681,13384440,FEM
13383750,13384494,NA
13389206,13390011,FEM
13389209,13390103,NA
13400854,13440492,NA
13400993,13425938,CHI
13410492,13412606,OCH
13418011,13420011,OCH
13424493,13426520,OCH
13426131,13426455,CHI
13426727,13428254,CHI
13429805,13436163,CHI
13430510,13431377,FEM
13433528,13434890,FEM
13436030,13437010,OCH
13436933,13440011,FEM
13440956,13445492,NA
13441724,13443992,FEM
13442809,13443400,CHI
13444267,13445180,FEM
13453012,13455511,NA
13453223,13453412,CHI
13453992,13455438,FEM
13457478,13458134,NA
13457482,13458034,FEM
13459257,13467986,NA
13459303,13459995,CHI
13459605,13460150,FEM
13460492,13462384,FEM
13462011,13464444,MAL
13464239,13466966,FEM
13466010,13468018,MAL
13468140,13478699,NA
13468329,13468486,MAL
13468493,13469511,FEM
13470511,13471058,FEM
13471299,13472570,CHI
13472467,13475746,MAL
13472755,13473381,FEM
13475511,13476119,CHI
13475999,13479011,MAL
13481492,13483011,CHI
13481492,13483053,NA
13487492,13489088,FEM
13487492,13489468,NA
13500128,13500803,FEM
13500159,13500794,NA
13504345,13506011,NA
13504560,13505993,FEM
13517456,13518475,NA
13517493,13517989,CHI
13519511,13520611,NA
13519600,13520511,CHI
13521737,13522992,NA
13521877,13522640,CHI
13535014,13535512,NA
13535073,13535512,CHI
13537508,13538251,NA
13537633,13538011,CHI
13542491,13543492,CHI
13542491,13543510,NA
13555991,13557211,NA
13556012,13557186,CHI
13563231,13565713,NA
13563492,13564343,CHI
13565991,13567673,NA
13566396,13567510,CHI
13571999,13572423,NA
13572011,13572404,CHI
13573158,13574289,NA
13577112,13577510,NA
13581300,13582613,NA
13581503,13582497,CHI
13583778,13584539,NA
13585212,13589208,NA
13586010,13588992,FEM
13589316,13613206,NA
13589868,13590511,FEM
13590011,13592510,MAL
13592510,13595510,FEM
13595278,13598677,MAL
13598854,13598992,MAL
13598992,13601491,FEM
13600511,13611488,MAL
13612153,13613145,FEM
13612239,13612992,OCH
13613812,13620810,MAL
13614850,13615285,NA
13616492,13620493,NA
13618358,13619718,FEM
13621011,13622012,NA
13621012,13621125,MAL
13621286,13621784,MAL
13621611,13621827,FEM
13625240,13627493,CHI
13625246,13627492,NA
13631714,13632511,NA
13631760,13632492,CHI
13647383,13648404,NA
13647526,13647654,MAL
13647744,13647845,CHI
13647860,13648010,MAL
13650385,13655593,NA
13650454,13654234,CHI
13656011,13657511,NA
13656158,13657322,CHI
13659978,13661851,NA
13659992,13661511,CHI
13663691,13674265,NA
13663757,13665573,CHI
13665763,13674221,CHI
13675406,13676493,CHI
13675412,13676492,NA
13677802,13678992,CHI
13677869,13678991,NA
13679705,13680993,NA
13679776,13680993,CHI
13690686,13691017,NA
13692491,13693878,CHI
13692491,13693944,NA
13697416,13698607,CHI
13697492,13698650,NA
13704620,13704846,NA
13704643,13704817,CHI
13717492,13720089,CHI
13717492,13720202,NA
13754991,13757337,FEM
13754991,13757492,NA
13756392,13757011,MAL
13757148,13757276,MAL
13776492,13778468,FEM
13776492,13779528,NA
13778846,13778991,CHI
13817663,13818726,CHI
13817699,13818673,NA
13820806,13824959,CHI
13820809,13824969,NA
13826263,13827512,CHI
13826327,13827512,NA
13834010,13835809,NA
13834010,13835919,CHI
13867473,13868615,NA
13867492,13868481,CHI
13867580,13868520,OCH
13870511,13871129,NA
13871944,13873255,NA
13872011,13873120,FEM
13872153,13872850,CHI
13873992,13875396,NA
13874050,13875309,FEM
13875011,13875121,MAL
13877492,13880006,CHI
13877492,13880011,NA
13911313,13912992,NA
13911419,13912867,CHI
13917110,13922012,NA
13917197,13921827,CHI
13923630,13925992,NA
13923671,13925613,CHI
13928294,13928728,NA
13928846,13932894,NA
13928947,13932492,CHI
13935259,13942159,NA
13935815,13942010,CHI
13946344,13947070,NA
13946352,13947235,CHI
13965293,13966174,CHI
13965316,13966202,NA
13975014,13978686,CHI
13975043,13978992,NA
13979977,13981582,NA
13980041,13980313,CHI
13980443,13981511,CHI
13984874,13986010,FEM
13984903,13989304,NA
13987077,13987992,OCH
13988271,13989380,CHI
13990150,13991493,CHI
13990209,13993511,NA
13991820,13993384,FEM
14007635,14008958,NA
14007732,14008849,CHI
14009765,14010805,CHI
14009770,14010674,NA
14010941,14014071,NA
14010980,14014011,CHI
14020493,14021973,NA
14020579,14021512,FEM
14021129,14021512,CHI
14022889,14024377,NA
14022985,14024011,CHI
14024986,14030582,NA
14025056,14030503,CHI
14031573,14034607,NA
14032146,14032672,CHI
14032146,14032991,FEM
14033383,14034375,CHI
14035265,14037992,NA
14035397,14037672,CHI
14038382,14040702,NA
14038451,14039511,CHI
14043512,14046021,NA
14043554,14046011,CHI
14046645,14051905,NA
14046750,14048618,CHI
14049337,14050881,CHI
14050922,14051874,FEM
14061992,14064446,FEM
14061992,14064503,NA
14063190,14063890,CHI
14066011,14066593,NA
14066013,14066339,CHI
14067010,14073036,NA
14067424,14070492,CHI
14067854,14067967,FEM
14070773,14072893,CHI
14073166,14074918,NA
14073532,14074739,CHI
14076842,14077262,NA
14077992,14079499,CHI
14077992,14079511,NA
14081013,14082056,CHI
14081226,14082154,NA
14083296,14087491,NA
14083399,14087255,CHI
14097675,14099492,NA
14097682,14099145,CHI
14099891,14100858,NA
14100492,14100755,FEM
14113698,14115154,NA
14113745,14115056,FEM
14116491,14118737,NA
14116493,14118979,MAL
14123012,14124656,FEM
14123039,14124679,NA
14176991,14177409,NA
14177145,14177393,CHI
14179511,14181334,NA
14179546,14179674,FEM
14179791,14181330,FEM
14187850,14187992,FEM
14191492,14191850,NA
14205264,14205492,NA
14205282,14205392,OCH
14231933,14241025,NA
14231985,14240492,CHI
14241666,14245510,NA
14241668,14243676,CHI
14243945,14245310,CHI
14244051,14244394,FEM
14249269,14250725,NA
14249387,14250636,CHI
14255924,14261992,NA
14255956,14261965,CHI
14270864,14271512,NA
14270901,14271492,CHI
14301633,14303530,NA
14301831,14302012,CHI
14304614,14304992,NA
14322876,14323019,NA
14323191,14325238,NA
14323993,14324783,CHI
14339460,14340044,NA
14339484,14340010,CHI
14340677,14340993,NA
14343141,14344172,NA
14344412,14354613,NA
14344511,14354498,CHI
14355011,14358011,NA
14355267,14357928,CHI
14435400,14436011,CHI
14435400,14436011,NA
14438010,14438268,NA
14439485,14440133,NA
14439492,14440012,CHI
14442243,14453085,NA
14442368,14443492,CHI
14444511,14444796,CHI
14444987,14451069,CHI
14452147,14452576,OCH
14452511,14452924,CHI
14481312,14485011,NA
14481539,14482378,CHI
14481539,14482644,OCH
14483445,14484512,OCH
14525933,14526498,NA
14568719,14569492,NA
14568814,14569329,CHI
14573010,14573992,NA
14596978,14601131,NA
14596991,14597796,FEM
14597493,14597603,CHI
14598233,14601098,CHI
14598313,14598998,OCH
14605974,14606992,NA
14605993,14606695,CHI
14629687,14635912,NA
14629918,14631364,CHI
14632491,14634383,CHI
14633011,14634130,OCH
14634889,14635628,CHI
14635033,14635541,OCH
14636346,14637011,NA
14636492,14636890,CHI
14636545,14636874,OCH
14665101,14666203,OCH
14665425,14667583,NA
14666464,14667510,CHI
14666542,14666900,OCH
14675610,14682660,CHI
14675658,14682670,NA
14693869,14698511,NA
14693883,14697992,CHI
14697474,14698463,OCH
14721492,14722034,NA
14749992,14752493,NA
14750006,14752119,CHI
14753100,14753324,NA
14753149,14753325,MAL
14754418,14755280,NA
14754493,14755139,CHI
14760860,14762969,NA
14760932,14762900,FEM
14853551,14854012,NA
14862376,14863335,NA
14862486,14863016,CHI
14864858,14867043,NA
14864992,14867012,CHI
14876907,14879288,CHI
14876933,14879307,NA
14883996,14886858,NA
14884020,14886791,CHI
14897893,14898492,NA
14897974,14898470,CHI
14904557,14906462,NA
14904695,14906273,CHI
14921572,14921825,NA
14933992,14935674,OCH
14934011,14937011,NA
14935782,14937010,FEM
14976557,14976741,NA
14976986,14979441,NA
14976993,14979318,FEM
14982821,14982971,NA
15008492,15009170,CHI
15008492,15009265,NA
15010939,15011992,NA
15010991,15011921,CHI
15049638,15050541,NA
15049726,15050514,FEM
15094340,15096492,NA
15094492,15095012,CHI
15094492,15096188,OCH
15095253,15095727,CHI
15131492,15133002,NA
15131590,15132751,CHI
15131870,15132783,OCH
15151011,15153382,NA
15151011,15153461,CHI
15156011,15156252,NA
15157432,15158610,NA
15157490,15157902,CHI
15158195,15158505,CHI
15204512,15208960,CHI
15204512,15209011,NA
15208261,15208683,OCH
15219417,15226494,NA
15219422,15226450,CHI
15229586,15233623,CHI
15229686,15233657,NA
15241176,15246001,NA
15241179,15245690,CHI
15245012,15245414,OCH
15250511,15256242,NA
15250574,15256092,CHI
15264492,15266492,CHI
15264492,15266510,NA
15276200,15277725,NA
15276232,15277511,CHI
15287992,15289011,NA
15288014,15288206,MAL
15288342,15288490,MAL
15288492,15289012,FEM
15340511,15342511,NA
15340742,15342511,OCH
15340781,15341010,CHI
15341385,15341493,CHI
15355011,15357218,NA
15355145,15357023,CHI
15357511,15362511,NA
15357676,15362011,CHI
15360663,15361740,OCH
15368979,15372607,CHI
15368987,15372656,NA
15374492,15376525,NA
15374510,15376510,CHI
15397697,15397992,NA
15400761,15401991,CHI
15400768,15401887,NA
15409511,15411998,NA
15409641,15411965,CHI
15421004,15425699,NA
15421006,15425677,CHI
15442341,15443991,NA
15442486,15443510,CHI
15442525,15442628,OCH
15456754,15457010,NA
15498749,15498930,OCH
15499196,15500565,NA
15499242,15500492,OCH
15499492,15500057,CHI
15501993,15507103,NA
15501994,15506166,CHI
15506284,15506512,FEM
15516414,15520493,NA
15516417,15519736,CHI
15519732,15520147,FEM
15531510,15532607,CHI
15531510,15532695,NA
15536239,15537238,NA
15536492,15537012,CHI
15585580,15587495,CHI
15585580,15587512,NA
15618329,15620165,NA
15618346,15620061,CHI
15630148,15630615,NA
15630197,15630511,CHI
15649711,15650717,CHI
15649755,15650742,NA
15681236,15683845,NA
15681241,15683580,CHI
15754264,15755744,NA
15754281,15755729,CHI
15820910,15822883,CHI
15820912,15822886,NA
15823510,15827341,NA
15823607,15827294,CHI
15837127,15838111,CHI
15837182,15838141,NA
15852480,15855411,NA
15852491,15855309,CHI
15856589,15857129,NA
15856844,15857011,CHI
15893511,15896010,CHI
15893511,15896010,NA
15902445,15906632,NA
15902467,15906547,CHI
15917826,15918476,NA
15917889,15918432,CHI
15919870,15923010,CHI
15919900,15923010,NA
15927271,15931512,NA
15927280,15931511,CHI
15937012,15938011,FEM
15937013,15938010,NA
16058993,16064143,CHI
16058993,16066644,NA
16064791,16065986,MAL
16065992,16066510,CHI
16076278,16078020,CHI
16076451,16093491,NA
16078110,16079104,FEM
16078993,16080059,CHI
16079766,16083003,FEM
16080513,16081522,CHI
16083509,16087169,CHI
16087513,16093343,CHI
16126811,16128740,CHI
16126837,16130511,NA
16129010,16130510,CHI
16141145,16148992,NA
16141272,16143493,CHI
16143599,16145011,CHI
16145511,16147784,OCH
16145710,16148911,CHI
16150492,16152991,CHI
16150492,16152991,NA
16218510,16219511,NA
16218554,16219511,CHI
16224992,16226992,FEM
16224992,16227010,NA
16230093,16230852,NA
16230284,16230492,FEM
16232623,16233362,NA
16232741,16233051,CHI
16239992,16241992,FEM
16239992,16241992,NA
16249493,16250492,NA
16249550,16250011,OCH
16258907,16259769,NA
16258992,16259598,FEM
16261548,16261818,NA
16264992,16266870,NA
16265011,16266861,FEM
16311297,16311434,MAL
16505527,16505898,MAL
16614836,16615543,NA
16614875,16615518,CHI
16661492,16662992,CHI
16661511,16662993,NA
16664992,16665524,CHI
16664992,16665632,NA
16673992,16675229,NA
16674010,16675161,CHI
16692991,16695588,NA
16693012,16695493,CHI
16694318,16695293,OCH
16745233,16745343,NA
16745626,16745992,NA
16785868,16786740,NA
16785988,16786513,CHI
16826948,16828161,MAL
16826992,16828210,NA
16829993,16833420,NA
16829999,16833337,FEM
16845472,16847953,NA
16845492,16847569,FEM
16851976,16855012,NA
16851993,16853119,FEM
16852492,16854988,MAL
16862992,16863677,FEM
16862992,16863681,NA
16871492,16872533,NA
16871510,16872511,CHI
16948511,16950492,NA
16948786,16950492,CHI
16948843,16949206,OCH
16957264,16959216,CHI
16957303,16959205,NA
17027246,17032226,NA
17027263,17032185,CHI
17043969,17044111,NA
17051511,17055304,NA
17051791,17053320,OCH
17051992,17055107,CHI
17067512,17069964,NA
17067540,17069511,CHI
17083150,17085293,NA
17083211,17085012,CHI
17086670,17091010,NA
17086697,17090730,CHI
17110864,17113012,NA
17110934,17113011,CHI
17119991,17125156,CHI
17119991,17125264,NA
17128992,17131058,CHI
17128992,17131154,NA
17132351,17137515,NA
17132366,17135611,CHI
17135839,17137557,CHI
17148011,17155287,NA
17148014,17155218,CHI
17151144,17151411,OCH
17157305,17159991,NA
17157312,17159934,CHI
17161905,17165491,NA
17161937,17164514,FEM
17164891,17165252,FEM
17189570,17191492,CHI
17189584,17191450,NA
17209025,17209403,NA
17216167,17216511,NA
17218492,17220011,FEM
17218492,17220394,NA
17219233,17219687,MAL
17230011,17231454,CHI
17230011,17231493,NA
17279200,17280315,NA
17279210,17280246,CHI
17283491,17286515,CHI
17283491,17287123,NA
17286539,17287086,FEM
17291419,17296795,CHI
17291429,17296991,NA
17308510,17308809,NA
17326550,17326725,NA
17342397,17345510,CHI
17342409,17345492,NA
17382958,17383512,NA
17383007,17383117,CHI
17396297,17397510,NA
17411478,17413792,NA
17411488,17413415,CHI
17414978,17422720,NA
17415240,17422511,CHI
17419408,17421251,OCH
17421836,17421981,OCH
17422862,17423355,NA
17423981,17424511,NA
17434060,17435010,NA
17434212,17434943,CHI
17437935,17438529,NA
17438012,17438312,CHI
17442601,17443735,NA
17442771,17443492,OCH
17468244,17470154,NA
17468492,17468851,OCH
17469137,17469512,OCH
17469714,17469992,OCH
17471012,17471176,NA
17471352,17473056,NA
17471492,17473011,CHI
17495759,17497511,NA
17495992,17496750,CHI
17495992,17497011,OCH
17518511,17519697,NA
17518773,17519576,CHI
17519240,17519431,OCH
17561610,17561975,NA
17570500,17573801,NA
17570512,17573511,CHI
17586011,17588726,NA
17586266,17588556,CHI
17596511,17599992,NA
17596810,17599635,CHI
17600939,17603416,NA
17601492,17601654,CHI
17601992,17603011,CHI
17606363,17606992,NA
17621493,17621878,NA
17623011,17624840,NA
17623234,17624765,CHI
17632492,17633950,NA
17632652,17633092,CHI
17633492,17633706,CHI
17634255,17638153,NA
17634697,17638037,CHI
17643493,17645429,CHI
17643493,17645454,NA
17646960,17647510,NA
17650438,17654825,NA
17650492,17651947,CHI
17651068,17651380,MAL
17652862,17654511,CHI
17671836,17672627,NA
17671865,17672564,CHI
17687012,17688993,CHI
17687012,17689008,NA
17705491,17707011,CHI
17705491,17707011,NA
17713709,17715229,NA
17713758,17715145,CHI
17717123,17718530,NA
17717511,17718356,CHI
17732491,17733657,NA
17732790,17733392,OCH
17732920,17733450,CHI
17740073,17740709,NA
17740146,17740394,CHI
17741185,17741347,NA
17768492,17769511,CHI
17768492,17769648,NA
17798950,17800665,NA
17798969,17800592,CHI
17808589,17810492,NA
17808630,17810405,CHI
17814421,17817794,NA
17814489,17817511,CHI
17819933,17821857,NA
17819941,17821566,CHI
17833483,17837786,NA
17833492,17837012,CHI
17850259,17852473,NA
17850313,17852259,CHI
17867998,17869512,NA
17868230,17868971,CHI
17885440,17886522,NA
17885593,17886459,OCH
17885602,17885740,CHI
17934900,17937511,NA
17934920,17937492,CHI
17944441,17945435,NA
17944490,17945011,CHI
17952992,17954452,NA
17953004,17954207,CHI
17977049,17980041,NA
17977127,17980011,CHI
17998512,18004766,NA
17998873,18004688,CHI
18007512,18008992,NA
18007549,18008538,CHI
18009206,18012377,NA
18010510,18012213,FEM
18013313,18019258,NA
18013359,18019191,CHI
18021493,18025477,NA
18021611,18024993,CHI
18022718,18023847,OCH
18026992,18030492,NA
18027206,18030368,CHI
18032795,18039992,NA
18032817,18039807,CHI
18040415,18041817,NA
18040467,18041636,CHI
18049011,18050012,NA
18083993,18086492,CHI
18083993,18086492,NA
18091725,18093492,CHI
18091738,18093512,NA
18117543,18120010,NA
18142512,18143936,NA
18142616,18143681,CHI
18143028,18143308,OCH
18151081,18151965,NA
18151169,18151777,CHI
18160011,18161992,FEM
18160011,18161992,NA
18175511,18177011,CHI
18175519,18177011,NA
18212259,18213253,NA
18213535,18213992,NA
18218879,18219011,NA
18232054,18232407,NA
18232072,18232199,OCH
18235088,18236511,OCH
18235139,18236492,NA
18247994,18249992,NA
18248016,18249685,CHI
18248348,18249902,OCH
18264889,18265993,FEM
18264955,18265993,NA
18610795,18612248,NA
18610992,18611772,CHI
18611119,18611301,OCH
18612906,18622219,NA
18613010,18621993,CHI
18613231,18613965,OCH
18622668,18624511,NA
18622958,18624246,CHI
18626492,18627138,NA
18629749,18629985,NA
18632356,18642511,NA
18632479,18634072,CHI
18632687,18633880,OCH
18634992,18637942,CHI
18638375,18640700,FEM
18640511,18642256,CHI
18647992,18649011,CHI
18647992,18649050,NA
18649867,18650002,NA
18653492,18654493,NA
18653500,18654011,CHI
18653682,18654205,OCH
18654865,18655511,NA
18655022,18655491,OCH
18658011,18659493,NA
18658171,18659011,OCH
18658180,18659238,CHI
18696098,18696992,NA
18696226,18697009,OCH
18700497,18702146,NA
18700684,18702058,OCH
18703821,18709992,NA
18703848,18705011,FEM
18704576,18706493,CHI
18705860,18705992,OCH
18706197,18707010,FEM
18706916,18707118,OCH
18706992,18708221,CHI
18708835,18709631,CHI
18710183,18711292,NA
18710308,18710510,CHI
18710664,18711295,FEM
18716711,18719676,NA
18716726,18718238,OCH
18717011,18718012,CHI
18718420,18719512,FEM
18724488,18726491,NA
18725492,18725740,OCH
18725511,18725830,CHI
18728051,18728343,NA
18728493,18728689,NA
18729784,18730992,OCH
18729834,18731015,NA
18732153,18733133,OCH
18732175,18733017,NA
18734993,18740891,NA
18735032,18736660,CHI
18735511,18738916,OCH
18737175,18738992,CHI
18739136,18740709,OCH
18739377,18740366,CHI
18742055,18742337,OCH
18742799,18743493,OCH
18746011,18747925,NA
18746259,18747518,OCH
18748962,18749595,OCH
18759992,18762711,NA
18760012,18760943,OCH
18761228,18761458,MAL
18761844,18762700,CHI
18766225,18766849,NA
18766304,18766424,CHI
18798735,18798860,NA
18921614,18922512,NA
19007285,19008512,NA
19007462,19008512,CHI
19037062,19037492,OCH
19037231,19037493,NA
19038232,19038512,NA
19038292,19038491,OCH
19041021,19041492,NA
19041109,19041511,OCH
19042506,19046296,NA
19043483,19045776,CHI
19043588,19043993,OCH
19044965,19046327,OCH
19061053,19062162,OCH
19061217,19062010,NA
19074493,19075357,NA
19074727,19075010,OCH
19076492,19081492,NA
19076727,19078187,CHI
19077061,19078303,OCH
19078511,19078656,CHI
19078835,19081280,CHI
19081022,19081123,OCH
19083522,19084349,NA
19083671,19084083,OCH
19088492,19096292,NA
19088509,19090618,OCH
19088791,19096152,CHI
19091049,19092512,OCH
19097461,19104159,NA
19097512,19103007,OCH
19097515,19099135,CHI
19101477,19104010,CHI
19106511,19115082,NA
19106889,19109992,CHI
19108992,19109512,OCH
19110841,19112292,CHI
19111228,19112510,OCH
19112806,19113012,OCH
19113570,19115047,OCH
19117917,19118492,OCH
19118010,19118580,NA
19119488,19121010,NA
19119491,19120991,CHI
19122895,19124201,NA
19122991,19124066,CHI
19125992,19128493,NA
19126029,19128284,CHI
19129011,19129264,NA
19129011,19131404,OCH
19129490,19138810,NA
19129920,19138511,CHI
19140492,19141992,CHI
19140492,19142492,NA
19142757,19146993,NA
19142894,19146715,CHI
19145717,19146512,OCH
19158965,19160566,NA
19158992,19160011,CHI
19160017,19160268,OCH
19160138,19160492,CHI
19169502,19176991,NA
19169511,19176627,CHI
19172489,19176011,OCH
19176119,19176492,OCH
19178405,19179303,NA
19178750,19179012,OCH
19199735,19201510,NA
19199808,19201276,CHI
19200610,19201189,OCH
19203711,19204286,NA
19206188,19209477,NA
19206384,19209076,CHI
19208696,19208899,OCH
19211919,19214477,NA
19211992,19213992,CHI
19212992,19214011,OCH
19217491,19219511,NA
19217993,19219493,CHI
19222257,19230492,NA
19222512,19230251,CHI
19231953,19232960,NA
19232169,19232512,CHI
19238290,19242011,NA
19238384,19240048,CHI
19238398,19240011,OCH
19240386,19241933,CHI
19242826,19243508,NA
19243740,19243991,NA
19244181,19247510,NA
19244388,19246492,CHI
19247141,19247511,CHI
19249993,19258650,NA
19250011,19256653,CHI
19255543,19255646,FEM
19255939,19256550,FEM
19258879,19261493,NA
19259092,19260992,CHI
19267153,19267764,NA
19267163,19267436,OCH
19274131,19276014,NA
19274190,19275871,CHI
19276993,19279367,NA
19277492,19279041,CHI
19282511,19283613,CHI
19282511,19283763,NA
19306369,19307749,NA
19306490,19307211,CHI
19308007,19312011,NA
19308318,19311841,CHI
19312690,19312903,NA
19315159,19324135,NA
19315473,19322512,CHI
19323011,19324012,CHI
19341511,19347014,NA
19342058,19343072,CHI
19342493,19343100,OCH
19343978,19346511,OCH
19344754,19344857,CHI
19344992,19346992,CHI
19370510,19372898,NA
19371329,19372714,CHI
19374512,19375913,NA
19374598,19375724,CHI
19374827,19375505,OCH
19384696,19391512,NA
19384733,19391493,CHI
19385117,19387798,OCH
19388580,19388691,OCH
19429502,19432447,NA
19429511,19431993,CHI
19433512,19435493,NA
19433783,19435012,OCH
19433993,19435270,CHI
19437992,19439334,CHI
19437992,19439499,NA
19445650,19447493,CHI
19445658,19447492,NA
19448524,19449265,NA
19448621,19449142,CHI
19451262,19451491,OCH
19452904,19453923,NA
19452992,19453510,CHI
19453249,19453527,OCH
19458676,19462414,NA
19458908,19459853,CHI
19458993,19460736,OCH
19460010,19462231,CHI
19460863,19460986,OCH
19464604,19466492,NA
19464661,19466278,CHI
19466639,19466872,NA
19471865,19471992,NA
19488517,19489509,CHI
19488602,19489512,NA
19495094,19496512,NA
19495099,19496505,CHI
19498219,19500015,NA
19498366,19499993,OCH
19498388,19499606,CHI
19500124,19500492,NA
19502088,19504015,NA
19502205,19504017,OCH
19512510,19515991,NA
19513011,19513691,CHI
19514156,19515909,CHI
19537492,19540557,NA
19537991,19540011,CHI
19538785,19538913,OCH
19539065,19539188,OCH
19539365,19540025,OCH
19547011,19547963,NA
19547057,19547724,CHI
19547315,19547742,OCH
19548493,19549617,NA
19548493,19549991,OCH
19548734,19548992,CHI
19550491,19554274,NA
19550511,19552914,CHI
19550818,19550992,OCH
19552229,19552342,OCH
19553385,19554011,OCH
19553633,19553873,CHI
19563058,19564187,NA
19563463,19564011,OCH
19567082,19574045,NA
19568010,19573992,CHI
19568027,19568952,OCH
19574342,19574511,NA
19584086,19585993,OCH
19584086,19592993,NA
19584852,19592739,CHI
19589236,19590512,OCH
19591171,19591480,OCH
19595010,19603491,CHI
19595010,19603510,NA
19600567,19601470,OCH
19605228,19605511,NA
19605434,19605984,OCH
19611430,19612493,NA
19611539,19612492,OCH
19611610,19611883,CHI
19613836,19614992,NA
19613991,19614511,CHI
19613991,19614847,OCH
19616393,19617184,NA
19616489,19617010,CHI
19616548,19616813,OCH
19618273,19621511,NA
19618370,19619992,CHI
19618527,19621492,OCH
19620704,19620993,CHI
19624012,19640209,NA
19624012,19627622,CHI
19627010,19627285,OCH
19628224,19629512,OCH
19628256,19628492,CHI
19629010,19637071,CHI
19630043,19634512,OCH
19637286,19639993,OCH
19646677,19647178,NA
19646678,19647226,CHI
19650926,19652084,NA
19650992,19651993,CHI
19651580,19651730,OCH
19654434,19655511,OCH
19654444,19655586,NA
19655011,19655146,CHI
19656542,19658511,NA
19656705,19658011,CHI
19657492,19658511,OCH
19661009,19662069,OCH
19661137,19661959,NA
19662929,19666501,NA
19663017,19666011,CHI
19663128,19666493,OCH
19673913,19676637,NA
19673992,19676511,CHI
19679510,19682774,NA
19679534,19680341,CHI
19679762,19680012,OCH
19680511,19682744,CHI
19685217,19686412,NA
19685376,19686335,OCH
19688253,19688412,OCH
19689178,19691789,NA
19689492,19690035,CHI
19689504,19691188,OCH
19690493,19691512,CHI
19701993,19703186,OCH
19702013,19702921,NA
19712754,19714511,NA
19713491,19714510,CHI
19727992,19732690,CHI
19727992,19733011,NA
19732196,19732463,OCH
19740491,19742567,NA
19740512,19742493,CHI
19743347,19744511,NA
19743460,19744493,CHI
19743853,19744030,OCH
19746610,19750071,NA
19746904,19750011,CHI
19760242,19763475,NA
19760510,19762277,FEM
19760591,19760944,OCH
19763151,19763273,OCH
19766481,19767011,NA
19770166,19771011,NA
19770191,19771011,FEM
19807505,19809456,NA
19807610,19808165,CHI
19807624,19808019,OCH
19808643,19809218,OCH
19808726,19808993,CHI
19810492,19811695,NA
19810492,19811736,OCH
19829419,19830168,OCH
19829510,19830091,NA
19838100,19838829,NA
19838105,19838856,OCH
19861991,19863510,NA
19862084,19863387,CHI
19862618,19862777,OCH
19866328,19869755,NA
19866511,19869511,OCH
19879344,19880011,OCH
19889852,19890230,NA
19896992,19898492,OCH
19897010,19898011,NA
19907993,19909657,NA
19908026,19909040,OCH
19908178,19909511,CHI
19911817,19913162,NA
19911947,19913012,CHI
19912287,19912510,OCH
19915249,19916822,NA
19915305,19915993,CHI
19929335,19929512,NA
19929340,19929512,OCH
19933621,19934360,NA
19933678,19934464,OCH
19933806,19934003,CHI
19955511,19956567,NA
19955602,19956512,CHI
19955847,19956370,OCH
20004887,20005992,OCH
20004928,20005993,NA
20018971,20019604,NA
20018991,20019511,CHI
20019133,20019386,OCH
20021492,20024052,NA
20021511,20024012,CHI
20027987,20028883,OCH
20027993,20028886,NA
20065308,20067011,NA
20065453,20066935,OCH
20065482,20066511,CHI
20118011,20118126,NA
20118242,20124492,NA
20118346,20119770,CHI
20120246,20120362,CHI
20120473,20124012,CHI
20123181,20123967,OCH
20140351,20140491,NA
20147655,20149992,NA
20147699,20149869,CHI
20151511,20154353,NA
20151993,20154153,CHI
20159493,20163496,NA
20159499,20163492,CHI
20176493,20177085,NA
20176568,20177094,OCH
20182083,20186492,NA
20182134,20186451,CHI
20191493,20196442,NA
20191511,20196010,CHI
20210992,20212511,CHI
20210992,20212558,NA
20214492,20220992,NA
20214757,20218475,CHI
20217511,20217622,OCH
20218667,20218804,CHI
20219255,20220991,CHI
20232001,20240167,NA
20232011,20240011,CHI
20235511,20235832,OCH
20235992,20237511,OCH
20245992,20250390,NA
20246237,20250113,CHI
20269278,20272992,NA
20269297,20272993,CHI
20278446,20279357,NA
20278450,20279292,CHI
20292795,20299160,NA
20292846,20295511,OCH
20292999,20299067,CHI
20295775,20295888,OCH
20299442,20301020,NA
20299503,20301012,CHI
20308911,20310492,NA
20308992,20310467,FEM
20376908,20378094,MAL
20376993,20392316,NA
20378486,20380454,CHI
20378993,20381992,OCH
20381450,20381676,FEM
20382492,20382742,CHI
20382511,20382779,OCH
20383331,20385007,OCH
20383400,20383992,CHI
20385511,20392212,FEM
20388243,20388385,MAL
20393112,20395993,NA
20393276,20393573,CHI
20393618,20395732,FEM
20401048,20401991,NA
20401067,20401933,FEM
20402358,20402540,NA
20402835,20403723,NA
20402960,20403510,OCH
20403051,20403259,CHI
20405324,20405992,NA
20407910,20426177,NA
20407931,20419992,OCH
20408490,20409146,CHI
20409376,20409492,CHI
20413991,20414585,CHI
20415011,20417409,CHI
20417992,20419588,CHI
20420213,20424724,CHI
20420316,20424663,OCH
20424847,20425763,CHI
20424864,20425492,OCH
20426752,20428492,NA
20426953,20428342,CHI
20429646,20431033,NA
20429778,20430993,CHI
20435627,20436807,NA
20435806,20436545,CHI
20435866,20436511,OCH
20444992,20447387,CHI
20444992,20447419,NA
20468936,20471064,NA
20469011,20471011,CHI
20474220,20481967,NA
20474481,20481862,CHI
20476010,20476371,OCH
20477821,20477986,FEM
20495584,20497511,NA
20496491,20497439,FEM
20501993,20503993,NA
20502396,20503515,CHI
20502695,20503313,OCH
20513491,20514011,FEM
20513491,20516510,NA
20514433,20515012,OCH
20514511,20515132,FEM
20515786,20516510,FEM
20565863,20568492,NA
20565925,20568012,CHI
20567517,20567645,OCH
20567993,20568192,OCH
20710240,20713512,NA
20710401,20713511,CHI
20718404,20723011,NA
20718453,20723011,CHI
20725885,20728101,NA
20725892,20728087,CHI
20730868,20733158,CHI
20730868,20733492,NA
20737011,20739591,NA
20737121,20739512,CHI
20742549,20746010,NA
20742551,20745150,CHI
20747836,20749765,NA
20747868,20749750,CHI
20751012,20756491,NA
20751196,20756491,CHI
20764306,20768493,NA
20764412,20768248,CHI
20770012,20772066,CHI
20770012,20772153,NA
20781748,20783923,CHI
20781753,20783992,NA
20784252,20784492,NA
20796353,20797173,CHI
20796362,20797147,NA
20806215,20810791,NA
20806217,20810696,CHI
20816865,20818510,CHI
20816880,20818819,NA
20825937,20831492,CHI
20825969,20831492,NA
20842491,20845399,CHI
20842491,20845491,NA
20846511,20849570,NA
20846513,20849512,CHI
20874404,20879011,CHI
20874405,20879084,NA
20903294,20906512,CHI
20903326,20906512,NA
20922511,20924232,CHI
20922511,20924256,NA
20932469,20934521,CHI
20932472,20935516,NA
20944926,20946587,CHI
20944926,20946634,NA
20949260,20952493,NA
20949381,20952444,CHI
20953441,20954011,NA
20953492,20954012,CHI
20990939,20992993,NA
20990948,20992833,CHI
21001889,21002740,MAL
21002120,21002606,NA
21002964,21005576,NA
21003000,21004492,CHI
21004510,21005533,FEM
21026832,21028012,CHI
21026832,21028012,NA
21073011,21074511,CHI
21073011,21074511,NA
21088991,21090010,CHI
21088991,21090044,NA
21096857,21097544,NA
21096992,21097341,OCH
21103789,21104329,OCH
21103951,21104493,NA
21111011,21113492,CHI
21111013,21113492,NA
21256493,21257512,OCH
21300011,21300440,NA
21300011,21300494,CHI
21370703,21370858,NA
21375487,21376854,NA
21375492,21376715,CHI
21454254,21454409,NA
21460012,21462317,NA
21460096,21462281,CHI
21465494,21467814,NA
21465920,21467493,CHI
21468512,21471296,NA
21468674,21471114,CHI
21482923,21484793,CHI
21482952,21484942,NA
21487493,21489408,FEM
21487493,21493492,NA
21488652,21493347,CHI
21500485,21502886,NA
21500490,21502788,CHI
21504901,21505789,NA
21504992,21505269,CHI
21505341,21505510,FEM
21512184,21518507,NA
21512797,21518378,CHI
21518814,21518973,NA
21520510,21523367,NA
21520517,21523219,CHI
21526493,21531493,NA
21526597,21531361,CHI
21526992,21527115,FEM
21538805,21540751,CHI
21538816,21540991,NA
21541251,21544243,NA
21541309,21543278,CHI
21543511,21544242,CHI
21569323,21570305,CHI
21569352,21570299,NA
21575511,21576491,CHI
21575511,21576512,NA
21604703,21607460,NA
21604705,21607413,CHI
21614379,21615499,CHI
21614386,21615260,NA
21708992,21710010,CHI
21708992,21710011,NA
21731969,21733570,NA
21732011,21733447,CHI
21759511,21760993,CHI
21759511,21760993,NA
21809923,21810524,CHI
21809935,21810558,NA
21816884,21818031,CHI
21816911,21818047,NA
21821010,21823475,NA
21821012,21823253,CHI
21845528,21847241,NA
21845535,21847034,CHI
21847814,21850011,NA
21847931,21848734,CHI
21848866,21848993,CHI
21849011,21849511,OCH
21922010,21923161,NA
21922012,21923011,CHI
21926015,21929969,CHI
21926054,21932512,NA
21931115,21932512,CHI
21952492,21953493,CHI
21952492,21953493,NA
21967511,21974131,CHI
21967512,21974434,NA
21975992,21977956,CHI
21975992,21978768,NA
21977767,21978611,FEM
21980992,21983137,CHI
21980992,21983162,NA
21994492,21996537,NA
21994499,21996536,CHI
22022579,22025492,NA
22022624,22025491,CHI
22210011,22218492,NA
22210019,22213038,CHI
22213492,22217993,CHI
22219491,22220298,NA
22219527,22220212,FEM
22222433,22224190,NA
22222586,22223011,CHI
22222919,22224011,MAL
22312631,22315760,NA
22312854,22315679,FEM
22313492,22313830,MAL
22319493,22321493,FEM
22319493,22321493,NA
22327010,22327928,NA
22327075,22327337,MAL
22434222,22438419,NA
22434357,22438010,CHI
22480338,22481177,NA
22480384,22481113,CHI
22568622,22569493,NA
22580492,22581265,NA
22580537,22581011,CHI
22582992,22584006,CHI
22582992,22584011,NA
22587037,22587503,NA
22596263,22596725,NA
22597115,22597512,NA
22598936,22602652,NA
22598992,22599512,CHI
22602773,22610625,NA
22603011,22606173,CHI
22606925,22610521,CHI
22607912,22608030,OCH
22616945,22617585,NA
22616984,22617510,CHI
22620492,22624491,NA
22620590,22623612,CHI
22625018,22625538,NA
22625818,22628565,NA
22626349,22627491,CHI
22627237,22627338,OCH
22627622,22628284,OCH
22629512,22629747,NA
22629993,22632160,NA
22630784,22632011,CHI
22632591,22632991,NA
22636106,22636786,NA
22636225,22636338,CHI
22641928,22644029,NA
22642019,22643492,CHI
22644141,22644492,NA
22645909,22647845,NA
22646010,22646597,CHI
22646142,22646491,OCH
22646920,22647511,CHI
22648012,22650101,NA
22648229,22648892,CHI
22649011,22650002,CHI
22655492,22656538,NA
22679065,22679217,NA
22679573,22679713,NA
22718811,22719133,NA
22721960,22724377,NA
22721992,22723107,OCH
22749581,22750511,NA
22749640,22750322,CHI
22790710,22791010,NA
22833399,22835011,NA
22833475,22835011,FEM
22872011,22875636,NA
22872299,22875612,CHI
22872346,22873510,FEM
22877598,22878131,NA
22941993,22942251,OCH
22942091,22942248,NA
22960493,22962537,CHI
22960493,22962774,NA
23033492,23033814,NA
23035474,23036493,NA
23035511,23036068,CHI
23038732,23040123,NA
23038835,23040016,CHI
23045992,23048091,NA
23048425,23049993,NA
23048493,23050012,OCH
23129503,23130273,NA
23129552,23130136,CHI
23131283,23132572,NA
23131305,23131756,CHI
23131992,23132552,CHI
23144511,23146158,NA
23147893,23149348,NA
23147952,23149029,OCH
23149493,23152011,NA
23149741,23151992,CHI
23162169,23164304,NA
23162303,23162511,CHI
23165765,23166047,OCH
23167510,23169100,NA
23167851,23169010,CHI
23169971,23170761,NA
23170153,23170659,CHI
23171501,23172871,NA
23173744,23175492,NA
23173898,23174492,CHI
23178493,23183976,NA
23179453,23180511,OCH
23180023,23180251,CHI
23181491,23182007,CHI
23182171,23182286,CHI
23182492,23183494,CHI
23182760,23183746,OCH
23184080,23185410,NA
23184141,23184511,OCH
23186562,23186992,NA
23186642,23186914,CHI
23188516,23188690,NA
23194075,23195513,NA
23194286,23195511,OCH
23196318,23196492,NA
23196343,23196490,OCH
23201021,23201855,NA
23214225,23215114,OCH
23214263,23215689,NA
23216011,23216993,NA
23216399,23216836,CHI
23217708,23218047,NA
23228232,23229849,NA
23228282,23229673,CHI
23242358,23244012,OCH
23242380,23242496,NA
23242994,23243785,NA
23246992,23247105,OCH
23248608,23249992,NA
23249282,23249819,OCH
23249320,23249796,CHI
23260773,23262992,NA
23261011,23262992,OCH
23265910,23266492,OCH
23266011,23266620,NA
23267010,23268313,NA
23269511,23269820,NA
23270114,23271148,NA
23270546,23270797,OCH
23277512,23281726,NA
23278026,23278188,MAL
23278199,23278511,CHI
23280991,23281492,FEM
23281214,23281492,OCH
23296442,23299992,NA
23296493,23298493,CHI
23298521,23299992,OCH
23305197,23307011,NA
23305322,23306770,CHI
23318511,23321000,OCH
23318761,23321145,NA
23319601,23320767,CHI
23321285,23322492,NA
23321422,23323012,OCH
23326010,23328894,OCH
23326488,23329006,NA
23340886,23342012,NA
23340970,23341993,CHI
23341002,23341819,OCH
23345265,23345675,NA
23345871,23347216,NA
23346043,23346993,CHI
23348993,23351566,CHI
23348993,23353993,NA
23349533,23350156,OCH
23350493,23351423,OCH
23352055,23353643,CHI
23352899,23353017,OCH
23353183,23353512,OCH
23369011,23373007,NA
23369420,23371511,OCH
23369492,23371011,CHI
23372194,23372655,CHI
23390262,23390512,NA
23393011,23394510,NA
23393716,23393984,FEM
23402223,23403011,NA
23402284,23402986,CHI
23415774,23415916,OCH
23436721,23437492,NA
23440609,23440855,NA
23486011,23488019,NA
23486012,23488010,CHI
23487131,23487237,OCH
23495478,23495589,NA
23512165,23512727,OCH
23512634,23512754,NA
23519492,23521473,NA
23519511,23521015,CHI
23520579,23520868,OCH
23535492,23537011,NA
23547993,23548518,OCH
23548092,23548517,NA
23550045,23550463,NA
23559854,23559992,NA
23563766,23568700,NA
23565575,23566149,CHI
23567046,23568492,OCH
23570447,23571679,OCH
23570556,23571946,NA
23572412,23574491,NA
23572711,23574328,CHI
23581010,23583011,OCH
23581349,23583492,NA
23590042,23590889,OCH
23590045,23590867,NA
23591510,23591994,NA
23592992,23594057,OCH
23592992,23594465,NA
23594348,23594483,OCH
23598474,23599043,NA
23598478,23599011,OCH
23613992,23614802,NA
23624225,23624858,NA
23624492,23624654,FEM
23625911,23627011,NA
23626036,23626510,FEM
23638676,23641012,NA
23638696,23640529,CHI
23642891,23643100,FEM
23642909,23643498,NA
23643846,23645096,NA
23643993,23644992,CHI
23662493,23663560,NA
23662574,23663492,CHI
23665561,23665683,NA
23670056,23671492,NA
23670245,23671129,CHI
23680704,23680832,NA
23684030,23684754,NA
23684105,23684562,CHI
23686250,23688668,NA
23686493,23686993,CHI
23686511,23686705,OCH
23686815,23686989,OCH
23687593,23688668,FEM
23695185,23696655,NA
23695327,23696505,CHI
23697502,23698123,CHI
23697507,23698195,NA
23706992,23708013,NA
23707045,23707511,CHI
23734893,23735889,OCH
23734925,23735784,NA
23737992,23738449,NA
23741795,23742521,NA
23749511,23750159,FEM
23749511,23753011,NA
23750511,23750621,FEM
23750758,23751072,FEM
23751455,23751882,FEM
23751492,23752229,OCH
23752118,23752292,FEM
23756011,23757511,OCH
23756537,23757416,NA
23757722,23757887,OCH
23764058,23764458,NA
23765581,23765689,NA
23765829,23766511,NA
23765992,23766473,OCH
23777732,23779931,NA
23778353,23778490,OCH
23778510,23778993,CHI
23779226,23779493,OCH
23780689,23781511,NA
23781058,23781240,OCH
23785685,23787010,NA
23802722,23806011,NA
23802992,23805992,CHI
23803360,23805491,OCH
23815492,23817082,NA
23815991,23816511,OCH
23816644,23816874,OCH
23820991,23823492,NA
23821015,23823011,CHI
23821992,23822956,OCH
23835684,23836649,NA
23835745,23836538,CHI
23838707,23839174,NA
23844952,23847991,NA
23845166,23847841,CHI
23845546,23846256,OCH
23846992,23847554,OCH
23853682,23854026,NA
23853724,23854001,FEM
23854603,23855278,NA
23854844,23854966,CHI
23866903,23867894,NA
23866993,23867676,CHI
23874183,23875012,NA
23874190,23875012,CHI
23877992,23879011,CHI
23877992,23879472,NA
23893491,23894492,NA
23893512,23894492,CHI
23910972,23912816,NA
23911214,23912748,CHI
23957944,23958835,FEM
23957993,23963012,NA
23958985,23959103,FEM
23959493,23961010,FEM
23961687,23962703,CHI
23961992,23962510,OCH
24054152,24054837,NA
24157011,24158501,NA
24157011,24158511,CHI
24189906,24190809,NA
24189992,24190716,CHI
24190010,24190121,FEM
24306492,24307587,NA
24306531,24307511,CHI
24322550,24323375,NA
24326679,24328491,NA
24326862,24328011,CHI
24327278,24327401,OCH
24327604,24327926,OCH
24331565,24332520,NA
24331992,24332475,OCH
24344012,24345146,CHI
24344012,24345305,NA
24418322,24419510,NA
24418356,24419207,OCH
24419011,24419192,CHI
24481555,24482544,NA
24481712,24482466,CHI
24483971,24485083,NA
24483992,24485011,CHI
24489992,24490510,CHI
24489992,24490559,NA
24722982,24724011,NA
24723001,24723511,CHI
24723168,24723742,OCH
24734876,24738610,NA
24734908,24738492,CHI
24738730,24743511,NA
24739012,24739365,CHI
24739685,24743338,CHI
24867597,24870106,NA
24867726,24868004,FEM
24868404,24870011,FEM
25298079,25299493,FEM
25298085,25299492,NA
25367864,25369217,NA
25370494,25371010,NA
25370580,25370917,MAL
25491898,25493493,NA
25491993,25493092,CHI
25493689,25494011,NA
25493732,25494010,FEM
25503992,25505725,NA
25504011,25505572,CHI
25542167,25543011,FEM
25542260,25543011,NA
25663993,25670866,NA
25664011,25668993,FEM
25668568,25670512,MAL
25670714,25670864,MAL
25684992,25689493,FEM
25684992,25689852,NA
25711511,25713011,FEM
25711511,25713011,NA
25720492,25721381,NA
25720500,25721224,CHI
25722441,25724491,NA
25722492,25724011,CHI
25737887,25738940,NA
25738066,25738512,CHI
25741992,25742419,NA
25744510,25745492,NA
25744620,25745283,CHI
25749993,25751993,NA
25750492,25751491,CHI
25750496,25752011,OCH
25779823,25780992,NA
25779943,25780512,CHI
25797982,25799992,FEM
25797990,25799991,NA
25871665,25876522,NA
25871680,25872718,FEM
25873211,25873751,CHI
25873511,25876511,FEM
25879333,25882004,NA
25879370,25882011,FEM
25897011,25898493,NA
25897492,25898010,FEM
25960161,25960407,NA
26021395,26025259,NA
26021485,26025204,CHI
26038511,26040106,CHI
26038579,26040084,NA
26042676,26043992,CHI
26042720,26043992,NA
26077295,26078545,NA
26077378,26078510,CHI
26127762,26128575,CHI
26127772,26128646,NA
26143982,26148992,NA
26143992,26148911,CHI
26150452,26152492,CHI
26150452,26152511,NA
26169947,26172510,NA
26170015,26170811,OCH
26170064,26171117,CHI
26171240,26172465,CHI
26174338,26176491,NA
26174374,26176229,CHI
26176983,26177909,NA
26292256,26293429,NA
26292431,26293012,CHI
26314752,26320511,NA
26314755,26320493,CHI
26322011,26324510,NA
26322184,26324511,CHI
26508797,26510010,NA
26508811,26510011,CHI
26527512,26528492,NA
26527738,26528011,OCH
26528837,26529922,NA
26528965,26529512,OCH
26534491,26536492,NA
26534993,26536353,CHI
26539363,26541493,NA
26539367,26541493,FEM
26545487,26549491,NA
26545982,26546890,MAL
26547510,26549223,FEM
26550620,26551207,NA
26550659,26551185,FEM
26559011,26559591,NA
26559114,26559512,FEM
26570492,26572144,NA
26570511,26571827,FEM
26572511,26575012,NA
26572992,26575012,FEM
26595437,26650623,NA
26596031,26597199,FEM
26598419,26600802,CHI
26601249,26603549,OCH
26601522,26601635,CHI
26601769,26601992,CHI
26603512,26617226,CHI
26607493,26609012,OCH
26611608,26613199,FEM
26614580,26615511,FEM
26615319,26618492,OCH
26617511,26624899,CHI
26625039,26640824,CHI
26632992,26635510,FEM
26637512,26641630,OCH
26641427,26650511,CHI
26651678,26658106,NA
26651847,26653511,CHI
26653210,26654606,FEM
26654493,26655678,CHI
26656503,26656992,FEM
26657188,26658011,CHI
26658835,26660492,NA
26658857,26659284,FEM
26659733,26660275,CHI
26660699,26661447,NA
26661673,26665011,NA
26662492,26665011,CHI
26667492,26675173,NA
26668050,26674992,CHI
26676508,26689028,NA
26676905,26689011,CHI
26678276,26679515,FEM
26689989,26691550,NA
26690011,26691542,FEM
26693807,26710920,NA
26693992,26694605,OCH
26693992,26696981,CHI
26694971,26695319,OCH
26695511,26697909,OCH
26697168,26700065,CHI
26698034,26698356,FEM
26698493,26699450,FEM
26700211,26701019,FEM
26701410,26706243,CHI
26705800,26707012,FEM
26706988,26709011,CHI
26709510,26710956,FEM
26714612,26717028,FEM
26714637,26717609,NA
26715992,26716301,MAL
26716471,26716584,MAL
26718446,26719492,NA
26718515,26719011,FEM
26720395,26726345,NA
26720493,26720599,MAL
26720938,26721993,CHI
26722219,26724215,CHI
26724215,26725012,FEM
26724484,26726214,CHI
26726902,26736492,NA
26727011,26730708,CHI
26730992,26731491,FEM
26731225,26735992,CHI
26731492,26732012,OCH
26740312,26741093,NA
26740454,26740930,CHI
26741235,26778492,NA
26741382,26757196,CHI
26743492,26744594,OCH
26746104,26746744,OCH
26751992,26752127,FEM
26752484,26752703,MAL
26756139,26756750,OCH
26757162,26757533,FEM
26757797,26764073,CHI
26763912,26764477,FEM
26764379,26768296,CHI
26764980,26765488,FEM
26768510,26769011,FEM
26769012,26773992,CHI
26774511,26777881,CHI
26777491,26778171,OCH
26778679,26783524,NA
26778862,26780492,OCH
26779084,26780545,CHI
26781287,26783089,OCH
26781513,26781776,FEM
26782588,26782748,CHI
26784511,26788527,OCH
26784975,26804116,NA
26788992,26789512,FEM
26789289,26790075,CHI
26789511,26790010,OCH
26789807,26791493,FEM
26791427,26796992,OCH
26793011,26794493,CHI
26797438,26797885,OCH
26798354,26799026,OCH
26798511,26798958,CHI
26799398,26801042,OCH
26799419,26801511,CHI
26799591,26799913,MAL
26801493,26802492,FEM
26803511,26804011,CHI
26803602,26803953,OCH
26804609,26805799,NA
26804628,26805811,FEM
28494511,28505598,NA
28495010,28501011,CHI
28497493,28497928,OCH
28498547,28498962,OCH
28500010,28503387,OCH
28501873,28502737,CHI
28504108,28505492,OCH
28504594,28505421,CHI
28506531,28507164,NA
28506576,28507016,CHI
28509835,28565512,NA
28509992,28513089,CHI
28510102,28510742,OCH
28511165,28511862,OCH
28512007,28513057,OCH
28513485,28532010,CHI
28513620,28519492,OCH
28523755,28523882,OCH
28527992,28529511,OCH
28533170,28534012,OCH
28533178,28550588,CHI
28537993,28540511,OCH
28551341,28563007,CHI
28555257,28555510,FEM
28558151,28558510,FEM
28559901,28562510,OCH
28563335,28565492,CHI
28564706,28565427,OCH
28577991,28582937,NA
28578140,28578982,OCH
28579507,28580511,OCH
28579726,28580494,CHI
28581949,28582906,OCH
28583820,28592652,NA
28584011,28592563,CHI
28584050,28584440,MAL
28586010,28587510,OCH
28589492,28591993,OCH
28607492,28621510,NA
28607511,28610300,OCH
28608010,28612011,CHI
28610629,28616993,OCH
28613512,28615194,CHI
28616682,28621010,CHI
31776239,31776362,NA
32059992,32061511,NA
32060261,32061226,CHI
32060414,32061011,OCH
32087492,32091512,NA
32087544,32089581,CHI
32090646,32090958,CHI
32090833,32091010,OCH
32138512,32140564,NA
32138670,32140493,CHI
32156102,32160511,NA
32156492,32160505,CHI
32156617,32157493,OCH
32181477,32184992,NA
32181492,32184697,CHI
32181584,32184512,OCH
32200991,32203492,NA
32201545,32202031,FEM
32201992,32203401,CHI
32218379,32219464,NA
32218511,32218649,FEM
32222792,32224515,NA
32223493,32223992,CHI
32225173,32230511,NA
32226010,32227011,FEM
32227234,32229499,CHI
32229463,32230327,FEM
32241174,32245992,NA
32241228,32243886,FEM
32244252,32245799,FEM
32256011,32256915,NA
32259244,32260992,NA
32259595,32260734,FEM
32267511,32269811,NA
32267560,32269011,CHI
32299710,32300010,NA
32299727,32300010,FEM
32305492,32307885,NA
32305532,32306599,CHI
32307512,32307625,FEM
32314942,32315384,NA
32317449,32318991,CHI
32317481,32322992,NA
32318661,32322993,FEM
32343293,32344511,NA
32343335,32344511,CHI
32346540,32348011,NA
32346543,32347987,FEM
32382032,32383347,NA
32382242,32383322,FEM
32426011,32426510,NA
32426080,32426510,OCH
32456541,32457559,NA
32456552,32457512,CHI
32457885,32457993,NA
32525297,32527012,FEM
32525364,32527011,NA
32654510,32656969,FEM
32654510,32657011,NA
32655798,32657033,MAL
32662492,32663214,OCH
32662492,32663378,NA
32703578,32703816,NA
32835011,32835134,NA
33014274,33015175,NA
33014291,33015128,CHI
33155202,33155310,NA
33464959,33466592,CHI
33464986,33466631,NA
33479511,33481578,NA
33479664,33479789,CHI
33479983,33481527,CHI
33500993,33503011,NA
33501050,33503011,CHI
33507243,33508510,CHI
33507292,33508542,NA
33510983,33513970,CHI
33510989,33513991,NA
33517010,33529248,CHI
33517010,33529438,NA
33543646,33547011,CHI
33543690,33547011,NA
33550492,33554473,CHI
33550492,33554491,NA
33569117,33572730,CHI
33569162,33573013,NA
33579510,33585109,NA
33579895,33585011,CHI
33586660,33595011,NA
33586755,33594492,CHI
33593611,33593773,OCH
33593950,33594714,OCH
33596257,33596370,NA
33596493,33599991,NA
33596571,33598108,OCH
33598221,33598586,OCH
33598297,33599718,CHI
33599058,33599191,OCH
33601635,33603992,NA
33601748,33602511,OCH
33601886,33602510,CHI
33602511,33603832,FEM
33602637,33602894,CHI
33604546,33605992,NA
33604681,33605879,CHI
33606363,33614620,NA
33606777,33606929,CHI
33607963,33608685,FEM
33608596,33610067,CHI
33608824,33610512,FEM
33610353,33612012,CHI
33611880,33612531,FEM
33612825,33614605,FEM
33616492,33623011,NA
33616553,33617851,MAL
33617523,33618503,FEM
33618194,33621547,CHI
33621504,33623011,FEM
33626991,33629492,NA
33627012,33627253,FEM
33627486,33629492,FEM
33631325,33634700,CHI
33631325,33636705,NA
33635397,33635714,FEM
33635856,33636492,FEM
33643492,33655163,NA
33643492,33648492,FEM
33648011,33649307,CHI
33649180,33655208,FEM
33650905,33652493,MAL
33655703,33657402,FEM
33655865,33657436,NA
33671558,33673669,NA
33671656,33673509,FEM
33677144,33677291,NA
33677492,33678511,FEM
33677492,33678607,NA
33684584,33688492,NA
33684898,33685183,OCH
33686189,33686427,CHI
33687306,33688347,OCH
33719944,33721800,NA
33719946,33721775,FEM
33724696,33725064,NA
33724708,33725012,FEM
33748360,33749511,CHI
33748415,33749510,NA
33858891,33861913,CHI
33858901,33861993,NA
33895511,33896036,NA
33911720,33914562,NA
33911786,33913153,CHI
33913168,33914137,FEM
33914293,33914458,FEM
33948480,33950056,FEM
33948487,33950352,NA
33958784,33963835,NA
33958992,33960492,FEM
33961057,33963028,CHI
33963131,33963511,FEM
33966511,33968494,NA
33966734,33968344,FEM
33972347,33972992,NA
33972642,33972801,FEM
33982416,33983493,FEM
33982448,33983626,NA
33984011,33985423,NA
33984132,33985492,CHI
33992511,33994511,CHI
33992514,33994579,NA
34071565,34072885,NA
34071627,34072791,FEM
34077350,34078992,CHI
34077351,34078991,NA
34081990,34082992,NA
34081992,34082849,CHI
34087993,34089377,CHI
34087993,34089994,NA
34090870,34092510,NA
34090991,34092510,CHI
34105011,34107347,NA
34105011,34107353,CHI
34115511,34116746,NA
34115519,34116673,CHI
34117804,34119024,CHI
34117804,34119159,NA
34120489,34121512,NA
34120492,34121491,CHI
34129826,34130489,MAL
34129991,34130961,NA
34150214,34152011,NA
34150299,34151912,OCH
34168535,34169789,NA
34168539,34169757,FEM
34171511,34171707,NA
34171990,34173011,NA
34171991,34173010,CHI
34175306,34182982,NA
34175331,34176992,CHI
34176992,34177908,FEM
34177383,34177992,MAL
34177825,34179011,CHI
34178581,34184499,FEM
34183094,34184511,NA
34186506,34189992,NA
34186512,34189814,CHI
34188029,34188218,MAL
34195993,34197041,CHI
34195993,34197321,NA
34206492,34209010,CHI
34206492,34209116,NA
34210627,34211683,NA
34210747,34211594,CHI
34216865,34217089,NA
34217378,34217962,NA
34217492,34217899,FEM
34243307,34244011,NA
34243493,34244011,FEM
34250011,34253511,NA
34250092,34252414,CHI
34252087,34253494,FEM
34264492,34265800,CHI
34264492,34266007,NA
34278857,34282011,NA
34278992,34282006,CHI
34284836,34287992,NA
34284855,34287992,CHI
34289992,34293353,CHI
34289992,34293448,NA
34304410,34306751,NA
34304428,34306544,FEM
34316165,34316354,MAL
34317209,34319045,NA
34317317,34319011,FEM
34319984,34324009,NA
34320011,34322993,FEM
34327493,34327910,NA
34327495,34327782,MAL
34329790,34330904,NA
34329805,34330709,FEM
34335993,34338521,NA
34336177,34337512,CHI
34336992,34338040,FEM
34337512,34337706,MAL
34346918,34347419,NA
34346980,34347272,FEM
34364491,34371936,NA
34364593,34365011,OCH
34365992,34366478,FEM
34366179,34367063,MAL
34366520,34368845,CHI
34367342,34367990,FEM
34369421,34371065,FEM
34370816,34371820,CHI
34372667,34374798,NA
34372784,34373366,CHI
34372861,34373269,OCH
34373371,34374043,OCH
34373582,34374655,CHI
34375556,34380907,NA
34375948,34376152,CHI
34375995,34376120,OCH
34376476,34377927,OCH
34376554,34379062,CHI
34379492,34379733,FEM
34379492,34380859,CHI
34382011,34384021,NA
34382273,34382901,FEM
34382308,34383785,CHI
34384264,34384546,NA
34385602,34386512,NA
34385730,34386481,CHI
34391010,34393381,NA
34391080,34391181,CHI
34391409,34393012,CHI
34437305,34437437,NA
34445864,34447011,NA
34445993,34447012,FEM
34663213,34663993,CHI
34663229,34664010,NA
34705992,34707050,CHI
34705992,34707057,NA
34941459,34942011,CHI
34941463,34942020,NA
34944728,34945884,NA
34944758,34945855,CHI
35105992,35107511,NA
35106011,35107499,CHI
35145993,35146300,FEM
35146011,35146283,NA
35211512,35211836,NA
35212011,35212205,NA
35230528,35230974,NA
35263230,35264614,NA
35263991,35264229,MAL
35268824,35269048,NA
35269432,35271011,NA
35269493,35270011,FEM
35312053,35312217,NA
35312335,35313153,NA
35317392,35317880,OCH
35324559,35324674,OCH
35416754,35417974,NA
35416848,35417798,CHI
35482128,35482992,FEM
35482148,35483012,NA
35488992,35490011,NA
35489387,35489510,FEM
35502276,35503992,NA
35502759,35503191,OCH
35516996,35519137,MAL
35517378,35522493,NA
35520010,35521502,MAL
35526573,35528136,MAL
35527113,35528169,NA
35528510,35528726,NA
35622099,35622377,OCH
35687377,35690011,NA
35687638,35689602,OCH
35688099,35688492,CHI
35694906,35697577,NA
35694992,35696001,CHI
35696511,35697010,FEM
35704668,35707542,NA
35709510,35714512,NA
35709537,35714400,CHI
35709903,35710489,OCH
35753417,35755012,NA
35753493,35754851,CHI
35756390,35761750,CHI
35756390,35761925,NA
35767492,35767603,NA
35767492,35767610,OCH
35767745,35768202,OCH
35767923,35768478,NA
35779409,35780511,NA
35779467,35780512,FEM
35798369,35799086,NA
35798492,35799018,CHI
35903341,35903992,OCH
35903647,35903811,NA
35947577,35948532,NA
35947646,35948510,FEM
35960851,35962491,NA
35960900,35962491,CHI
35987510,35991700,NA
35987782,35991624,CHI
35997991,35998283,FEM
35997991,35998465,NA
36007991,36010492,CHI
36007991,36010991,NA
36009993,36010363,OCH
36011512,36015648,NA
36011665,36015553,CHI
36019193,36029620,NA
36019244,36023864,CHI
36021512,36023512,OCH
36023991,36029534,CHI
36033512,36036310,CHI
36033512,36036354,NA
36075491,36076870,OCH
36075512,36076044,NA
36086492,36090010,NA
36086980,36089862,CHI
36090174,36090491,NA
36141648,36142779,NA
36141974,36142492,OCH
36141992,36142351,CHI
36155492,36155971,NA
36156512,36156993,NA
36202493,36204187,NA
36202493,36204189,CHI
36225455,36226493,NA
36225728,36226003,FEM
36225821,36226165,MAL
36228992,36229188,FEM
36228992,36230011,NA
36229491,36230011,FEM
36282992,36283944,OCH
36283012,36284212,NA
36330081,36330491,NA
36413538,36413859,NA
36413540,36414014,MAL
36468137,36468427,OCH
36468163,36468409,NA
36471011,36473743,NA
36471656,36472741,CHI
36471686,36472511,OCH
36473070,36473232,OCH
36474339,36482010,NA
36474492,36479058,CHI
36480021,36482011,CHI
36496511,36497512,OCH
36496511,36498013,NA
36502404,36503992,NA
36503661,36503992,FEM
36515267,36516455,OCH
36539011,36540992,FEM
36539011,36540992,NA
36561491,36562991,NA
36561503,36562883,CHI
36611492,36611991,NA
36621131,36622511,NA
36621153,36621993,OCH
36628644,36629012,NA
36628652,36629011,OCH
36648286,36649010,OCH
36741992,36743094,NA
36775011,36775814,NA
36783011,36783274,NA
36783018,36783148,FEM
36785991,36786882,NA
36786003,36786800,CHI
36830511,36831512,NA
36833650,36836492,CHI
36833653,36836512,NA
36846173,36847992,NA
36846492,36847977,FEM
36848733,36851993,NA
36848847,36850492,CHI
36850692,36851011,CHI
36851252,36851409,CHI
36854168,36855511,NA
36854512,36854882,CHI
36871413,36872176,NA
36871487,36872076,FEM
36962067,36962492,NA
37051732,37054493,NA
37052502,37054222,CHI
37053086,37054063,OCH
37092305,37094492,NA
37092330,37094453,CHI
37254011,37254443,NA
37254067,37254194,CHI
37254743,37255215,NA
37267508,37269860,NA
37267992,37268512,FEM
37268181,37269511,OCH
37292722,37293012,NA
37327088,37327250,NA
37361269,37367445,NA
37361512,37363750,CHI
37364029,37367313,FEM
37407472,37407992,NA
37415463,37417493,NA
37415491,37417482,FEM
37468653,37469097,FEM
37468663,37469257,NA
37475492,37476010,NA
37482492,37483467,CHI
37482492,37483493,NA
37520992,37522492,CHI
37520992,37522492,NA
37523080,37526011,CHI
37523080,37526011,NA
37532012,37533993,NA
37532022,37533939,CHI
37535975,37537102,CHI
37535992,37537219,NA
37537967,37540205,NA
37539011,37540013,FEM
37551134,37552619,NA
37551163,37552511,FEM
37564304,37565244,CHI
37564347,37565243,NA
37584732,37587516,NA
37585016,37585234,FEM
37585991,37587511,FEM
37593674,37594546,NA
37593722,37594512,FEM
37654566,37654780,NA
37950684,37956013,NA
37950687,37956020,CHI
37989010,37993511,CHI
37989010,37993511,NA
38004491,38009641,NA
38004512,38009580,CHI
38024507,38024873,NA
38024581,38024711,OCH
38027703,38028457,NA
38028012,38028339,FEM
38119511,38121288,CHI
38119511,38121492,NA
38125755,38127576,CHI
38125757,38127564,NA
38148492,38152507,NA
38148626,38150104,CHI
38150102,38150394,MAL
38150107,38151010,FEM
38151010,38152492,CHI
38155479,38157492,CHI
38155490,38158011,NA
38157758,38157991,FEM
38160511,38165978,NA
38160924,38162954,CHI
38163012,38163444,FEM
38163511,38165728,CHI
38166331,38172124,NA
38166461,38172065,CHI
38177511,38180689,NA
38177740,38180511,CHI
38180899,38183003,NA
38181059,38182991,CHI
38192511,38197008,NA
38192737,38195800,CHI
38192740,38193491,OCH
38197212,38204561,NA
38198140,38199134,FEM
38198734,38203170,CHI
38203004,38204531,FEM
38220010,38220992,NA
38220022,38220967,CHI
38231933,38232547,CHI
38231941,38232623,NA
38267596,38273011,CHI
38267694,38278756,NA
38273349,38276992,CHI
38277492,38278616,FEM
38279993,38281186,NA
38280011,38280345,OCH
38280345,38280939,CHI
38282213,38284010,NA
38282372,38283992,CHI
38286992,38292492,NA
38287029,38291729,CHI
38291493,38292141,OCH
38293400,38299011,NA
38293511,38295360,CHI
38295524,38298992,FEM
38301491,38302720,NA
38301577,38302492,FEM
38301992,38302630,MAL
38306010,38307137,CHI
38306010,38307589,NA
38308511,38312364,NA
38308616,38311011,CHI
38311157,38311992,FEM
38313483,38314992,NA
38313489,38314991,FEM
38316027,38317011,NA
38316416,38316907,FEM
38323299,38325815,CHI
38323329,38325972,NA
38328080,38329106,NA
38328468,38328910,CHI
38332145,38333520,CHI
38332190,38333518,NA
38359946,38370096,NA
38359992,38362452,FEM
38361936,38363993,CHI
38363993,38366141,FEM
38366227,38370064,CHI
38369044,38369262,FEM
38376492,38378991,NA
38376504,38377992,OCH
38376747,38377010,CHI
38377748,38378528,FEM
38378759,38378943,CHI
38378772,38378910,OCH
38379125,38380478,NA
38379214,38380473,FEM
38380836,38381720,NA
38380854,38381694,FEM
38386609,38386813,OCH
38386992,38387569,OCH
38387010,38387569,NA
38387177,38387445,CHI
38389241,38393083,NA
38389255,38390646,FEM
38391725,38393014,FEM
38395043,38395478,NA
38396179,38400668,NA
38396256,38397211,OCH
38396849,38397220,CHI
38397993,38400656,CHI
38398266,38398492,OCH
38402718,38404007,NA
38402729,38404138,FEM
38404301,38405634,FEM
38404410,38405991,NA
38406243,38408639,NA
38406523,38406992,CHI
38406992,38408607,FEM
38409019,38409962,FEM
38409026,38409993,NA
38410453,38412738,NA
38410561,38410951,FEM
38410856,38410996,CHI
38410991,38411251,OCH
38411160,38411444,FEM
38411656,38412510,FEM
38412947,38416999,NA
38413131,38414761,OCH
38413172,38413354,CHI
38414010,38414148,FEM
38414285,38416592,FEM
38416100,38416404,OCH
38417161,38425698,NA
38417321,38417491,FEM
38417343,38418578,MAL
38417861,38418011,FEM
38418923,38420011,OCH
38418992,38419243,CHI
38419750,38420012,CHI
38420372,38422053,FEM
38420376,38421029,MAL
38422451,38423610,OCH
38422578,38423579,CHI
38423727,38425163,OCH
38424011,38425223,CHI
38426088,38426937,NA
38426208,38426871,CHI
38428165,38428933,NA
38428258,38428731,CHI
38429492,38431016,MAL
38429554,38431095,NA
38430116,38431004,FEM
38431451,38435626,NA
38431464,38435617,FEM
38436547,38436692,NA
38437511,38441011,NA
38437605,38438992,FEM
38438012,38439154,OCH
38438658,38438773,MAL
38440594,38440992,OCH
38442433,38444721,NA
38442467,38443992,FEM
38442720,38442862,MAL
38444149,38444490,MAL
38445243,38447869,NA
38445935,38447855,FEM
38456400,38457991,MAL
38456697,38457696,NA
38463334,38464510,NA
38463390,38464492,FEM
38463491,38464210,MAL
38474978,38476748,NA
38474992,38476600,FEM
38493298,38494363,NA
38493461,38494328,CHI
38500993,38502206,NA
38501133,38501636,FEM
38501236,38501379,MAL
38501516,38502010,MAL
38502457,38503545,NA
38502520,38503554,FEM
38508487,38509493,NA
38511992,38512659,NA
38528747,38529965,MAL
38529010,38529992,NA
38544491,38544677,FEM
38585987,38587221,NA
38586011,38586512,OCH
38586682,38587011,OCH
38625068,38626860,NA
38625208,38626371,OCH
38625650,38625993,CHI
38642992,38643841,NA
38643119,38643475,FEM
38670985,38672382,NA
38670991,38672010,CHI
38686096,38689282,NA
38686165,38686992,FEM
38687647,38689318,FEM
38714036,38715492,NA
38714228,38714363,OCH
38714799,38714973,OCH
38724991,38726938,NA
38725015,38726508,CHI
38725493,38726512,OCH
38741492,38742076,MAL
38750511,38753624,NA
38750599,38753512,OCH
38750783,38750992,CHI
38752052,38753491,CHI
38753812,38755422,NA
38753954,38754899,OCH
38753993,38755011,CHI
38758993,38759182,NA
38807898,38810205,NA
38808263,38810065,CHI
38808599,38809164,OCH
38809491,38809759,OCH
38809869,38810011,OCH
38851253,38853362,NA
38852492,38853020,OCH
38852656,38852992,CHI
38865970,38868010,NA
38866011,38867980,CHI
38866056,38866952,OCH
38867578,38867698,OCH
38880582,38883577,NA
38880719,38882511,OCH
38880992,38881340,CHI
38881492,38882123,CHI
38882992,38883299,CHI
38883034,38883184,OCH
38884485,38891029,NA
38884492,38885992,OCH
38886251,38887620,OCH
38886492,38889011,CHI
38887801,38888034,OCH
38888282,38888511,OCH
38888584,38888748,FEM
38888615,38889012,OCH
38889332,38889511,OCH
38889691,38889953,OCH
38891355,38892153,NA
38891556,38891991,CHI
38893510,38907928,NA
38893667,38895491,CHI
38894793,38894965,OCH
38895795,38898011,CHI
38899162,38900011,CHI
38900134,38900473,CHI
38902010,38902137,OCH
38902754,38904025,CHI
38904086,38904456,FEM
38904935,38905347,CHI
38905491,38906959,CHI
38905783,38907010,OCH
38932728,38932927,NA
38932785,38932901,FEM
38992335,38995011,NA
38993010,38994613,OCH
38994198,38994394,FEM
39001584,39002553,NA
39001942,39002526,OCH
39002656,39002799,NA
39110452,39113100,NA
39110511,39112831,OCH
39110680,39110992,CHI
39111512,39112801,CHI
39114011,39117023,NA
39114152,39114260,FEM
39114225,39116993,OCH
39114387,39114510,FEM
39116299,39116512,CHI
39145670,39146011,NA
39178011,39179110,NA
39178087,39179012,CHI
39286492,39286662,NA
39286492,39286767,FEM
39330993,39331103,OCH
39390487,39391213,NA
39390489,39391046,FEM
39414011,39417391,NA
39414492,39417263,FEM
39418112,39420819,NA
39418282,39419440,FEM
39419386,39420127,OCH
39421092,39423562,NA
39421205,39423409,CHI
39421510,39421718,FEM
39422187,39423378,OCH
39429107,39429930,MAL
39429172,39430011,NA
39453018,39453558,NA
39453983,39455260,NA
39453991,39455010,CHI
39458576,39458728,NA
39464415,39464866,MAL
39464483,39465011,NA
39484493,39485889,FEM
39484493,39485991,NA
39486315,39487894,NA
39486508,39487760,FEM
39490838,39492102,NA
39490991,39492083,FEM
39496992,39508089,NA
39496992,39498992,CHI
39498492,39498978,OCH
39498992,39502517,FEM
39502046,39502210,CHI
39502320,39505403,CHI
39502647,39503012,FEM
39505359,39506824,FEM
39506511,39507815,CHI
39508487,39510785,NA
39508511,39510538,FEM
39510983,39525992,NA
39511004,39513064,FEM
39513820,39513931,OCH
39513979,39514357,CHI
39515008,39516331,CHI
39515448,39516182,OCH
39516814,39519300,CHI
39518051,39519489,FEM
39519154,39519400,OCH
39519557,39520698,OCH
39519687,39520765,CHI
39520975,39523967,CHI
39522011,39525455,OCH
39525013,39525511,FEM
39529492,39530535,OCH
39529492,39530837,NA
39536816,39538269,NA
39537018,39538010,OCH
39540493,39541511,NA
39540511,39541220,FEM
39597992,39603463,NA
39598190,39603011,OCH
39598257,39598395,CHI
39598769,39600024,CHI
39598894,39599019,FEM
39604083,39606302,NA
39604712,39605492,CHI
39605993,39606315,MAL
39633011,39640036,NA
39633074,39637510,CHI
39637931,39639492,FEM
39638511,39639964,CHI
39649382,39655481,NA
39649544,39651753,CHI
39649618,39649733,OCH
39649838,39650371,OCH
39650992,39651449,FEM
39652295,39653822,CHI
39653818,39655072,FEM
39655774,39659993,NA
39656188,39656993,CHI
39656512,39658512,FEM
39658687,39659510,CHI
39662096,39664821,NA
39662141,39664799,FEM
39674828,39677061,NA
39675012,39675478,FEM
39675891,39676993,FEM
39684511,39687152,CHI
39684511,39687992,NA
39695493,39697484,NA
39695503,39696470,FEM
39696630,39697246,FEM
39702638,39703993,NA
39702697,39703964,FEM
39707391,39708542,NA
39707493,39708627,MAL
39715923,39718010,NA
39715993,39717696,FEM
39719997,39732913,NA
39720024,39720512,FEM
39720491,39721171,CHI
39721313,39728991,FEM
39722614,39723491,CHI
39728991,39729843,CHI
39729921,39732815,FEM
39734263,39743131,NA
39734493,39736030,FEM
39734545,39736011,MAL
39736545,39737492,CHI
39736992,39738325,FEM
39737982,39739020,CHI
39738610,39739894,FEM
39738831,39739194,MAL
39739638,39740868,MAL
39741011,39741559,OCH
39741081,39741781,CHI
39741828,39742086,MAL
39741929,39742963,FEM
39742309,39742778,MAL
39746511,39748528,FEM
39746511,39748722,NA
39747512,39747684,MAL
39750747,39751788,NA
39751992,39753492,NA
39752056,39753492,FEM
39758011,39761492,FEM
39758011,39761511,NA
39767993,39773067,NA
39768003,39772730,FEM
39770806,39771290,CHI
39772509,39772931,CHI
39772522,39772841,OCH
39778486,39781729,NA
39778493,39780012,FEM
39780511,39781473,CHI
39780534,39781032,OCH
39782225,39791807,NA
39782401,39784011,CHI
39783513,39784976,FEM
39785109,39791780,CHI
39787219,39787832,FEM
39794993,39796367,FEM
39794993,39796375,NA
39797458,39799328,NA
39797492,39798891,FEM
39798638,39799131,MAL
39802172,39803011,NA
39802271,39802978,CHI
39804991,39808837,NA
39805012,39806217,CHI
39806758,39806918,FEM
39807512,39808744,CHI
39809035,39809401,NA
39812011,39814492,FEM
39812011,39814492,NA
39824011,39825992,FEM
39824011,39826492,NA
39891493,39897993,CHI
39891493,39900746,NA
39895011,39895207,OCH
39895401,39896511,OCH
39896791,39896992,OCH
39897660,39899511,FEM
39899491,39900615,CHI
39901996,39910992,NA
39902006,39904492,FEM
39904449,39905991,CHI
39904795,39906390,FEM
39904822,39905669,OCH
39906879,39910492,CHI
39912429,39936923,NA
39912492,39912865,FEM
39913160,39917492,CHI
39915992,39918493,FEM
39920511,39921409,CHI
39921240,39922931,FEM
39922575,39923992,CHI
39923682,39925380,FEM
39924711,39925492,CHI
39925492,39926331,FEM
39925865,39929513,CHI
39927134,39927492,FEM
39928135,39928511,FEM
39928565,39929650,OCH
39930005,39931011,OCH
39930015,39932992,CHI
39931328,39931512,OCH
39931635,39932119,OCH
39932220,39932490,OCH
39932492,39936836,FEM
39933147,39934011,OCH
39934041,39934169,CHI
39934492,39935159,CHI
39935518,39936077,CHI
39937676,39952536,NA
39937703,39941512,CHI
39939683,39940550,FEM
39940285,39940953,OCH
39940992,39941979,FEM
39943010,39951664,CHI
39943992,39944132,OCH
39944364,39944470,OCH
39944985,39948544,OCH
39950511,39950781,FEM
39951930,39952487,FEM
39955012,39956878,NA
39955493,39956754,FEM
39955599,39956574,MAL
39959511,39961497,FEM
39959511,39961543,NA
39962187,39966505,NA
39962214,39963491,FEM
39963512,39966247,CHI
39967012,39974992,NA
39967118,39971772,CHI
39971510,39972563,FEM
39973394,39974872,FEM
39973704,39974671,MAL
39986492,39988367,CHI
39986511,39988415,NA
39990947,40010664,NA
39991116,39993949,FEM
39991511,39992353,CHI
39991992,39992967,OCH
39993563,39996231,CHI
39996281,39997511,FEM
39997481,40005429,CHI
40000510,40001784,FEM
40001992,40002255,FEM
40002468,40003005,FEM
40005510,40005994,FEM
40006600,40007289,CHI
40007010,40009001,FEM
40007831,40010519,CHI
40008767,40009020,OCH
40013011,40023737,NA
40013011,40015900,CHI
40015991,40016690,FEM
40016906,40017292,FEM
40017237,40017993,CHI
40017817,40019408,FEM
40020011,40020956,FEM
40020237,40020374,CHI
40020672,40020920,MAL
40021209,40021391,MAL
40021950,40023276,CHI
40024370,40025565,NA
40024434,40025519,CHI
40028492,40029680,NA
40028499,40029641,FEM
40033106,40034024,NA
40033632,40034010,MAL
40037843,40041579,NA
40037993,40039098,FEM
40039454,40040306,CHI
40040344,40041512,FEM
40050683,40054120,NA
40050789,40051496,CHI
40051992,40054010,FEM
40054988,40056993,NA
40055011,40055818,CHI
40055988,40056513,CHI
40061010,40062510,CHI
40061010,40062510,NA
40096898,40099991,FEM
40096927,40101492,NA
40100113,40101492,CHI
40103824,40109054,NA
40104011,40106004,FEM
40105987,40107200,CHI
40107050,40109013,FEM
40110167,40112011,CHI
40110171,40112058,NA
40136663,40140993,NA
40136918,40138062,FEM
40139493,40140710,FEM
40346851,40348927,NA
40346918,40348891,CHI
40523492,40524586,NA
40523510,40524511,FEM
40576385,40577576,CHI
40576400,40577588,NA
40587198,40587492,NA
40587198,40588286,MAL
40587603,40587838,NA
40652992,40653492,NA
40658895,40659644,NA
40660221,40660876,NA
40662992,40663402,NA
40673922,40678510,NA
40673964,40678492,CHI
40682248,40685232,NA
40682324,40682727,CHI
40683492,40685279,FEM
40708992,40710275,CHI
40708992,40710357,NA
40787805,40787969,NA
40824992,40826133,CHI
40825011,40826137,NA
40857991,40859010,CHI
40857991,40859127,NA
40868493,40870636,NA
40868511,40870592,CHI
40876993,40879551,CHI
40876993,40879688,NA
40891731,40894164,CHI
40891763,40895540,NA
40894492,40895562,FEM
40900645,40902297,CHI
40900690,40902313,NA
40904511,40905513,NA
40904524,40905511,CHI
40912413,40914342,CHI
40912450,40914372,NA
40916492,40920491,CHI
40916492,40921673,NA
40920746,40921603,FEM
40926379,40931129,NA
40926394,40929099,CHI
40929511,40930777,FEM
40929570,40930419,OCH
40931376,40933241,NA
40931511,40933204,CHI
40939496,40942317,NA
40939521,40942182,CHI
40943011,40947366,NA
40943475,40947274,CHI
41038630,41040368,NA
41038638,41040339,CHI
41046510,41048992,NA
41046603,41048993,CHI
41082992,41085574,CHI
41082992,41085672,NA
41090993,41093143,NA
41090993,41093155,CHI
41097370,41106560,NA
41097394,41099783,CHI
41100137,41102376,CHI
41102503,41106190,CHI
41107011,41110992,CHI
41107011,41111493,NA
41112488,41115698,NA
41112492,41115511,CHI
41116025,41116179,NA
41116481,41118020,NA
41116601,41117826,FEM
41119105,41121430,NA
41119208,41121336,CHI
41126638,41128396,CHI
41126675,41132900,NA
41128381,41129974,FEM
41130437,41132271,CHI
41131010,41131722,FEM
41131834,41132474,FEM
41139406,41141085,CHI
41139426,41141122,NA
41142173,41143511,NA
41142230,41143428,FEM
41152997,41154062,NA
41153010,41153938,CHI
41158474,41161565,CHI
41158488,41161549,NA
41162173,41162716,NA
41162322,41162511,FEM
41163825,41164878,FEM
41163827,41164991,NA
41165601,41169411,NA
41166492,41167992,FEM
41171723,41174707,NA
41171890,41174185,CHI
41172013,41172153,FEM
41172298,41172426,FEM
41175010,41178491,NA
41175051,41175959,FEM
41175923,41178307,CHI
41179666,41180874,FEM
41179811,41180753,NA
41181863,41181991,FEM
41181873,41183722,NA
41182123,41183723,FEM
41195134,41196621,CHI
41195211,41196623,NA
41200491,41203010,CHI
41200496,41203010,NA
41221705,41223242,CHI
41221724,41223253,NA
41249512,41251037,FEM
41249512,41251302,NA
41276873,41277273,NA
41276928,41277218,CHI
41332562,41333708,FEM
41332591,41335839,NA
41334248,41335725,CHI
41337636,41339153,FEM
41337813,41339214,NA
41342410,41349455,NA
41342471,41344455,CHI
41344493,41345860,FEM
41345719,41347729,CHI
41348004,41349475,FEM
41351492,41352511,CHI
41351511,41352512,NA
41358924,41359614,CHI
41358934,41360652,NA
41359535,41360602,FEM
41373992,41375011,FEM
41374010,41375011,NA
41379871,41382350,NA
41379935,41382406,CHI
41383437,41385992,NA
41383447,41385992,CHI
41389010,41392663,NA
41389294,41392676,CHI
41399436,41401291,NA
41399456,41401265,CHI
41404797,41406311,CHI
41404827,41406248,NA
41408820,41411289,NA
41408854,41410275,CHI
41409800,41409965,OCH
41410259,41411180,FEM
41411672,41413493,NA
41411724,41413444,CHI
41414011,41416514,CHI
41414011,41416601,NA
41417733,41419495,NA
41418437,41419011,OCH
41420889,41421880,NA
41421085,41421512,CHI
41422993,41430992,NA
41423020,41425011,CHI
41424510,41425717,FEM
41425309,41426959,CHI
41426512,41427849,FEM
41427634,41429877,CHI
41429764,41430576,FEM
41431510,41436011,NA
41431765,41435992,CHI
41455447,41459991,CHI
41455454,41459852,NA
41479266,41479492,CHI
41479298,41479401,NA
41490726,41491690,NA
41490949,41491511,CHI
41492820,41493508,NA
41492993,41493248,CHI
41513096,41513273,NA
41537733,41537991,NA
41544139,41544463,MAL
41572465,41575184,NA
41572492,41574846,CHI
41598510,41605246,NA
41598993,41604263,CHI
41600790,41600991,OCH
41602569,41603318,OCH
41604828,41604951,CHI
41623455,41625623,NA
41623757,41625492,CHI
41623991,41625510,OCH
41635887,41640109,NA
41635991,41638011,CHI
41636737,41636874,OCH
41636992,41642993,OCH
41640259,41648239,NA
41642011,41644011,CHI
41643195,41647311,OCH
41645458,41647265,CHI
41647292,41648014,FEM
41649479,41650642,NA
41649491,41650510,FEM
41653197,41653511,NA
41653759,41653961,NA
43849630,43850047,NA
43850511,43858412,NA
43850695,43858010,CHI
43865702,43869011,NA
43865859,43866426,OCH
43865972,43866335,CHI
43867492,43868992,CHI
43867710,43867833,OCH
43873741,43874467,OCH
43873797,43874469,NA
43875989,43876630,NA
43876213,43876480,CHI
44007626,44009442,NA
44007992,44009011,CHI
44008000,44009191,OCH
44022624,44022924,NA
44024356,44027493,NA
44024523,44027223,CHI
44052512,44054493,NA
44052768,44054012,CHI
44094836,44097492,NA
44094900,44097011,CHI
44095587,44097011,OCH
44740412,44748196,NA
44740492,44741756,CHI
44740593,44741553,OCH
44742419,44748023,CHI
44742512,44743511,OCH
44748992,44749993,NA
44749007,44749974,CHI
44751619,44756012,NA
44751763,44756012,CHI
44761073,44768149,NA
44761417,44768012,CHI
44761673,44762328,OCH
44762492,44765011,OCH
44773806,44774432,OCH
44773860,44774435,NA
44775492,44776553,NA
44775526,44776446,CHI
44776172,44776494,OCH
44932136,44933511,NA
44932401,44933493,CHI
44943562,44945511,NA
44943690,44945492,CHI
52539077,52540192,NA
52539098,52539992,CHI
52894492,52895012,NA
52894514,52894980,CHI
52965188,52967010,OCH
52965355,52967010,NA
52976012,52978992,NA
52976464,52978562,CHI
52976492,52977511,OCH
52977613,52977993,OCH
52978104,52978337,OCH
53013974,53014651,NA
53013992,53014491,CHI
53028410,53030197,NA
53028493,53030012,CHI
53029252,53029476,OCH
