child_id,experiment,date_iso,start_time,recording_device_type,recording_filename,duration,its_filename
7201,neurogen,2022-10-04,10:55:17,lena,20221018_135301_043300_3.wav,766625,20221018_135301_043300_3.its
3071,neurogen,2018-12-03,9:09:28,lena,20181207_135636_022875_1.wav,1887312,20181207_135636_022875_1.its
2981,neurogen,2019-03-22,10:01:05,lena,20190404_133218_024880_2.wav,3272437,20190404_133218_024880_2.its
6581,neurogen,2022-08-18,8:23:16,lena,20220830_095853_022873_1.wav,4333937,20220830_095853_022873_1.its
3991,neurogen,2021-08-26,5:25:09,lena,20210909_113112_043299_3.wav,9798375,20210909_113112_043299_3.its
3071,neurogen,2018-12-04,10:05:42,lena,20181207_135636_022875_3.wav,10363187,20181207_135636_022875_3.its
4021,neurogen,2019-10-07,7:23:56,lena,20191015_104144_024880_2.wav,11526750,20191015_104144_024880_2.its
3251,neurogen,2018-04-16,5:53:04,lena,20180417_111117_022874.wav,11775687,20180417_111117_022874.its
4021,neurogen,2019-10-07,1:50:25,lena,20191015_104144_024880_3.wav,12207187,20191015_104144_024880_3.its
3841,neurogen,2021-01-22,9:02:59,lena,20210127_105355_024882_1.wav,14178000,20210127_105355_024882_1.its
3841,neurogen,2021-01-22,3:58:52,lena,20210127_105355_024882_2.wav,14698562,20210127_105355_024882_2.its
5441,neurogen,2020-12-19,3:44:38,lena,20210112_153555_024882_3.wav,14760125,20210112_153555_024882_3.its
3071,neurogen,2018-12-04,2:55:50,lena,20181207_135636_022875_4.wav,14995187,20181207_135636_022875_4.its
4001,neurogen,2019-09-17,6:57:20,lena,20191004_125707_025480_2.wav,16527812,20191004_125707_025480_2.its
3641,neurogen,2020-04-21,8:49:18,lena,20200427_232107_022870_3.wav,19199000,20200427_232107_022870_3.its
5441,neurogen,2020-12-19,7:18:17,lena,20210112_153555_024882_2.wav,19268625,20210112_153555_024882_2.its
3931,neurogen,2020-03-04,6:29:12,lena,20200312_145204_022874.wav,20150812,20200312_145204_022874.its
5421,neurogen,2020-06-24,7:30:48,lena,20200701_171816_024879_2.wav,20389500,20200701_171816_024879_2.its
3281,neurogen,2020-06-30,7:52:21,lena,20200710_084035_024880_2.wav,20608250,20200710_084035_024880_2.its
4001,neurogen,2019-09-17,11:26:32,lena,20191004_125707_025480_1.wav,21796937,20191004_125707_025480_1.its
6371,neurogen,2022-05-08,9:19:32,lena,20220513_113018_024879_2.wav,25847750,20220513_113018_024879_2.its
3071,neurogen,2018-12-03,1:39:23,lena,20181207_135636_022875_2.wav,26493687,20181207_135636_022875_2.its
3991,neurogen,2021-08-26,7:28:05,lena,20210909_113112_043299_2.wav,28956187,20210909_113112_043299_2.its
7191,neurogen,2022-09-22,8:20:20,lena,20220929_145355_045737_2.wav,33686625,20220929_145355_045737_2.its
4011,neurogen,2020-03-22,6:51:20,lena,20200414_125938_024878_2.wav,34729375,20200414_125938_024878_2.its
5751,neurogen,2021-01-26,8:12:21,lena,20210210_105331_024883.wav,35051875,20210210_105331_024883.its
6721,neurogen,2023-05-07,9:06:41,lena,20230509_144410_045737_2.wav,35121875,20230509_144410_045737_2.its
3931,neurogen,2019-02-21,8:55:32,lena,20190226_173707_024879_2.wav,35291187,20190226_173707_024879_2.its
3931,neurogen,2019-08-25,8:59:13,lena,20190828_145417_024879_2.wav,35438812,20190828_145417_024879_2.its
6921,neurogen,2023-02-20,7:28:16,lena,20230301_083834_024880_2.wav,35806000,20230301_083834_024880_2.its
3331,neurogen,2018-12-22,9:34:41,lena,20190110_135751_024878.wav,35955187,20190110_135751_024878.its
3931,neurogen,2020-03-22,9:43:16,lena,20200414_131003_024882.wav,36335687,20200414_131003_024882.its
2861,neurogen,2017-11-19,9:15:15,lena,20171205_123455_009399.wav,36709625,20171205_123455_009399.its
4021,neurogen,2021-05-07,8:32:16,lena,20210520_130852_043305.wav,36906250,20210520_130852_043305.its
3901,neurogen,2020-02-15,10:10:51,lena,20200303_113417_024878_1.wav,37095500,20200303_113417_024878_1.its
6771,neurogen,2022-05-09,9:34:13,lena,20220513_130051_043300_2.wav,37175250,20220513_130051_043300_2.its
5901,neurogen,2020-12-08,9:53:33,lena,20201210_142957_025480_2.wav,37306562,20201210_142957_025480_2.its
3181,neurogen,2018-04-20,7:32:31,lena,20180424_113402_022874.wav,37983062,20180424_113402_022874.its
6771,neurogen,2023-04-01,8:44:41,lena,20230404_115212_043300_2.wav,38302750,20230404_115212_043300_2.its
3641,neurogen,2020-04-20,8:23:45,lena,20200427_232107_022870_1.wav,38397250,20200427_232107_022870_1.its
3441,neurogen,2018-06-27,10:02:22,lena,20180703_141752_022875.wav,38536750,20180703_141752_022875.its
6991,neurogen,2023-02-07,7:47:30,lena,20230214_124426_043302_1.wav,38676500,20230214_124426_043302_1.its
5441,neurogen,2021-07-25,9:21:32,lena,20210901_120042_025480_2.wav,38723937,20210901_120042_025480_2.its
6731,neurogen,2023-10-20,9:11:11,lena,20231025_115855_045737_2.wav,39369562,20231025_115855_045737_2.its
3461,neurogen,2019-10-15,8:45:08,lena,20191030_105145_022870.wav,39394250,20191030_105145_022870.its
6641,neurogen,2022-04-26,8:44:23,lena,20220516_094951_024880_1.wav,39444937,20220516_094951_024880_1.its
2981,neurogen,2019-03-21,8:39:38,lena,20190404_133218_024880_1.wav,39554000,20190404_133218_024880_1.its
1231,neurogen,2020-02-23,7:33:09,lena,20200304_100729_025480.wav,39660437,20200304_100729_025480.its
6451,neurogen,2022-02-26,7:19:47,lena,20220303_120548_045737_2.wav,39869250,20220303_120548_045737_2.its
3951,neurogen,2019-09-12,7:08:18,lena,20190917_075812_025481_1.wav,39922750,20190917_075812_025481_1.its
7201,neurogen,2022-10-11,10:19:01,lena,20221018_135301_043300_4.wav,40018062,20221018_135301_043300_4.its
6261,neurogen,2021-04-24,9:05:34,lena,20210504_102146_025480_2.wav,40028187,20210504_102146_025480_2.its
3891,neurogen,2019-03-02,7:19:02,lena,20190307_114201_025481.wav,40125937,20190307_114201_025481.its
1201,neurogen,2020-07-02,9:10:55,lena,20200710_084537_024878.wav,40335062,20200710_084537_024878.its
7011,neurogen,2023-02-19,8:08:25,lena,20230228_112602_025480_1.wav,40467000,20230228_112602_025480_1.its
6731,neurogen,2022-11-23,7:51:20,lena,20221205_151622_043305_2.wav,40516625,20221205_151622_043305_2.its
3991,neurogen,2019-03-11,8:50:21,lena,20190315_143529_025480_1.wav,40707000,20190315_143529_025480_1.its
7041,neurogen,2022-07-27,7:24:25,lena,20220803_132413_043299_2.wav,40711437,20220803_132413_043299_2.its
5371,neurogen,2021-11-07,7:37:00,lena,20211117_114244_024884_2.wav,40799812,20211117_114244_024884_2.its
3901,neurogen,2019-02-15,9:31:03,lena,20190222_102700_024878_2.wav,40941000,20190222_102700_024878_2.its
6991,neurogen,2022-06-23,9:12:25,lena,20220705_160928_024884_2.wav,40975437,20220705_160928_024884_2.its
5211,neurogen,2020-10-28,8:52:48,lena,20201105_131250_024883_1.wav,40999562,20201105_131250_024883_1.its
4021,neurogen,2019-03-28,8:29:29,lena,20190424_135540_024883_2.wav,41116437,20190424_135540_024883_2.its
7251,neurogen,2023-01-24,6:53:57,lena,20230131_124242_043302_2.wav,41127125,20230131_124242_043302_2.its
3502,neurogen,2018-09-15,8:22:41,lena,20180918_114920_022870.wav,41173750,20180918_114920_022870.its
6361,neurogen,2021-09-09,7:34:34,lena,20210920_104409_022875_1.wav,41471812,20210920_104409_022875_1.its
3831,neurogen,2019-01-21,7:33:11,lena,20190207_135236_024882.wav,41698687,20190207_135236_024882.its
7231,neurogen,2022-12-19,8:32:46,lena,20230110_120835_024882_2.wav,41753687,20230110_120835_024882_2.its
3211,neurogen,2019-12-16,8:41:18,lena,20191217_163433_024883.wav,41767000,20191217_163433_024883.its
6361,neurogen,2022-03-27,7:34:25,lena,20220412_101614_043299_2.wav,41771000,20220412_101614_043299_2.its
3321,neurogen,2018-05-21,8:08:20,lena,20180530_181655_022873.wav,41995562,20180530_181655_022873.its
5131,neurogen,2020-03-08,8:48:52,lena,20200312_145310_024878_2.wav,42240687,20200312_145310_024878_2.its
3501,neurogen,2018-07-21,7:37:50,lena,20180808_110630_024879.wav,42456000,20180808_110630_024879.its
3461,neurogen,2018-08-27,8:10:46,lena,20180906_133202_022870.wav,42459875,20180906_133202_022870.its
7061,neurogen,2022-07-04,9:31:06,lena,20220712_113417_045737_3.wav,42665187,20220712_113417_045737_3.its
6212,neurogen,2023-04-22,7:35:00,lena,20230425_114841_045738_2.wav,42934750,20230425_114841_045738_2.its
5371,neurogen,2019-10-18,8:08:05,lena,20191030_105828_024878_2.wav,43107250,20191030_105828_024878_2.its
1201,neurogen,2018-12-14,8:15:48,lena,20181221_141812_022874.wav,43221500,20181221_141812_022874.its
2941,neurogen,2018-02-27,6:49:07,lena,20180301_161002_009463.wav,43224000,20180301_161002_009463.its
6851,neurogen,2022-06-17,12:25:37,lena,20220627_105047_024883_1.wav,43294125,20220627_105047_024883_1.its
5771,neurogen,2020-09-07,8:01:49,lena,20201002_120150_024879.wav,43340312,20201002_120150_024879.its
6851,neurogen,2023-06-07,10:06:58,lena,20230622_101644_043300_2.wav,43350437,20230622_101644_043300_2.its
6791,neurogen,2022-10-27,8:13:33,lena,20221114_141608_024884_1.wav,43355937,20221114_141608_024884_1.its
5131,neurogen,2021-01-30,8:18:44,lena,20210204_115547_025480_2.wav,43356625,20210204_115547_025480_2.its
1571,neurogen,2019-12-31,8:01:44,lena,20200209_114853_022875.wav,43382937,20200209_114853_022875.its
3362,neurogen,2019-07-12,6:50:56,lena,20190819_210318_025481_2.wav,43398312,20190819_210318_025481_2.its
3901,neurogen,2021-03-20,9:24:28,lena,20210401_141025_022870.wav,43404875,20210401_141025_022870.its
6791,neurogen,2022-04-30,8:17:14,lena,20220516_101301_022870_2.wav,43427750,20220516_101301_022870_2.its
4071,neurogen,2021-04-17,8:02:02,lena,20210428_110259_024883_2.wav,43500437,20210428_110259_024883_2.its
5131,neurogen,2021-07-16,9:04:12,lena,20210810_154653_043305.wav,43619500,20210810_154653_043305.its
6851,neurogen,2022-11-14,8:11:35,lena,20221214_150332_024883_1.wav,43637937,20221214_150332_024883_1.its
2971,neurogen,2018-03-25,7:20:34,lena,20180327_121840_022874.wav,43671687,20180327_121840_022874.its
7131,neurogen,2022-07-24,8:06:48,lena,20220731_113759_045737_2.wav,43719500,20220731_113759_045737_2.its
7121,neurogen,2023-03-04,6:57:57,lena,20230308_094400_045733_2.wav,43720750,20230308_094400_045733_2.its
7111,neurogen,2023-02-24,7:37:54,lena,20230314_110332_043302_1.wav,43751812,20230314_110332_043302_1.its
3741,neurogen,2018-11-02,8:05:12,lena,20181115_125826_024880.wav,43791937,20181115_125826_024880.its
7101,neurogen,2022-07-25,6:58:50,lena,20220728_144904_024880_2.wav,43956875,20220728_144904_024880_2.its
5851,neurogen,2022-01-30,8:58:25,lena,20220216_162747_022870_1.wav,43998687,20220216_162747_022870_1.its
7051,neurogen,2022-07-08,8:06:37,lena,20220720_091357_024879_1.wav,44010750,20220720_091357_024879_1.its
3211,neurogen,2018-04-17,7:31:04,lena,20180419_111712_022875.wav,44076875,20180419_111712_022875.its
5291,neurogen,2021-09-30,7:30:56,lena,20211005_154551_043302_2.wav,44132500,20211005_154551_043302_2.its
3511,neurogen,2019-12-02,7:22:04,lena,20191204_101503_025480.wav,44154812,20191204_101503_025480.its
6981,neurogen,2022-07-28,10:42:43,lena,20220805_082527_043300_2.wav,44294375,20220805_082527_043300_2.its
3941,neurogen,2020-03-20,8:31:25,lena,20200414_130512_024879_2.wav,44384125,20200414_130512_024879_2.its
4021,neurogen,2020-11-10,8:34:18,lena,20201119_134105_024882_1.wav,44403375,20201119_134105_024882_1.its
5061,neurogen,2019-07-21,7:38:23,lena,20190828_145547_024884_2.wav,44403625,20190828_145547_024884_2.its
2781,neurogen,2017-07-17,8:19:27,lena,20170718_161919_009463.wav,44415937,20170718_161919_009463.its
6951,neurogen,2022-11-17,7:58:14,lena,20221202_142744_043302_2.wav,44420312,20221202_142744_043302_2.its
6881,neurogen,2022-06-15,7:30:04,lena,20220624_095947_043300_1.wav,44454687,20220624_095947_043300_1.its
6881,neurogen,2022-11-10,7:11:22,lena,20221202_162209_043300_2.wav,44470625,20221202_162209_043300_2.its
6701,neurogen,2022-11-11,7:02:30,lena,20221202_164216_045738_2.wav,44533000,20221202_164216_045738_2.its
6701,neurogen,2023-07-29,7:04:10,lena,20230801_150819_045737_2.wav,44645875,20230801_150819_045737_2.its
6761,neurogen,2022-07-10,8:44:36,lena,20220720_132637_024882_2.wav,44651437,20220720_132637_024882_2.its
5211,neurogen,2020-02-24,7:27:05,lena,20200304_101121_024879_1.wav,44659812,20200304_101121_024879_1.its
1151,neurogen,2018-12-01,7:36:24,lena,20181206_151905_022874.wav,44707562,20181206_151905_022874.its
3741,neurogen,2019-11-04,9:01:25,lena,20191107_084351_024882.wav,44754125,20191107_084351_024882.its
3401,neurogen,2020-12-14,8:56:47,lena,20210111_142427_022874.wav,44813812,20210111_142427_022874.its
3362,neurogen,2020-01-20,7:00:26,lena,20200212_113821_024879_1.wav,44815750,20200212_113821_024879_1.its
7271,neurogen,2023-02-05,8:18:24,lena,20230214_105958_043300_2.wav,44817875,20230214_105958_043300_2.its
5441,neurogen,2019-12-07,7:10:15,lena,20191217_162747_024878_2.wav,44989437,20191217_162747_024878_2.its
5331,neurogen,2021-01-23,8:34:06,lena,20210127_150213_024880_2.wav,45079750,20210127_150213_024880_2.its
6781,neurogen,2022-04-25,6:40:08,lena,20220429_131117_024883_1.wav,45085125,20220429_131117_024883_1.its
3961,neurogen,2019-10-27,7:45:17,lena,20191106_173720_024880_1.wav,45099062,20191106_173720_024880_1.its
6701,neurogen,2022-03-09,6:05:26,lena,20220322_103011_022870_2.wav,45108562,20220322_103011_022870_2.its
5562,neurogen,2020-10-03,7:35:57,lena,20201023_092102_022873.wav,45134000,20201023_092102_022873.its
6721,neurogen,2022-11-05,9:31:10,lena,20221110_135610_045733_1.wav,45164812,20221110_135610_045733_1.its
5641,neurogen,2020-08-06,6:30:21,lena,20200813_155629_022870.wav,45189937,20200813_155629_022870.its
3901,neurogen,2019-08-19,8:08:02,lena,20190905_131929_024883_1.wav,45198125,20190905_131929_024883_1.its
2781,neurogen,2018-08-08,7:08:54,lena,20180809_181624_025481.wav,45218312,20180809_181624_025481.its
7261,neurogen,2023-07-10,7:35:02,lena,20230830_150754_045738.wav,45260000,20230830_150754_045738.its
6382,neurogen,2021-10-16,8:03:05,lena,20211103_114626_022870_1.wav,45336375,20211103_114626_022870_1.its
3291,neurogen,2018-05-29,9:32:44,lena,20180530_180405_024879.wav,45418562,20180530_180405_024879.its
2761,neurogen,2017-06-19,7:59:37,lena,20170620_163407_009463.wav,45439187,20170620_163407_009463.its
6881,neurogen,2023-05-30,7:55:35,lena,20230606_122122_025480_2.wav,45455062,20230606_122122_025480_2.its
6641,neurogen,2023-11-18,7:47:24,lena,20231206_100916_043302_2.wav,45459250,20231206_100916_043302_2.its
6951,neurogen,2022-06-22,7:25:28,lena,20220624_140959_025480_2.wav,45490937,20220624_140959_025480_2.its
5181,neurogen,2021-03-06,7:42:37,lena,20210318_114924_043305_2.wav,45557312,20210318_114924_043305_2.its
7171,neurogen,2022-08-19,8:03:50,lena,20220829_105740_024880_2.wav,45566500,20220829_105740_024880_2.its
3941,neurogen,2019-03-13,9:17:44,lena,20190315_142847_024878_2.wav,45602875,20190315_142847_024878_2.its
3281,neurogen,2020-06-29,7:03:26,lena,20200710_084035_024880_1.wav,45777750,20200710_084035_024880_1.its
6301,neurogen,2021-05-30,6:00:43,lena,20210615_144537_043299.wav,45815062,20210615_144537_043299.its
4041,neurogen,2019-04-13,7:30:01,lena,20190416_112037_022875.wav,45835312,20190416_112037_022875.its
5351,neurogen,2021-06-12,8:53:16,lena,20210624_093549_024884_1.wav,45908250,20210624_093549_024884_1.its
6761,neurogen,2023-07-23,8:38:13,lena,20230726_132638_043299_2.wav,46028375,20230726_132638_043299_2.its
6781,neurogen,2022-10-25,6:11:01,lena,20221101_141349_043302_1.wav,46175937,20221101_141349_043302_1.its
3101,neurogen,2018-12-01,7:46:01,lena,20181218_132511_022873.wav,46184625,20181218_132511_022873.its
5851,neurogen,2021-06-17,9:17:53,lena,20210624_093317_024883_2.wav,46274562,20210624_093317_024883_2.its
2981,neurogen,2018-03-07,8:48:45,lena,20180308_114648_022870.wav,46296437,20180308_114648_022870.its
6381,neurogen,2021-09-04,8:02:31,lena,20210910_133413_022870.wav,46532500,20210910_133413_022870.its
5041,neurogen,2019-07-24,9:27:35,lena,20190819_144621_024878_1.wav,46608125,20190819_144621_024878_1.its
6211,neurogen,2021-09-25,7:10:15,lena,20211004_121420_045738_1.wav,46662312,20211004_121420_045738_1.its
6901,neurogen,2023-01-29,6:21:29,lena,20230208_151351_045738_2.wav,46737437,20230208_151351_045738_2.its
3011,neurogen,2019-02-13,10:04:17,lena,20190214_135936_024883.wav,46773000,20190214_135936_024883.its
6761,neurogen,2023-02-25,9:01:39,lena,20230308_093128_024882_2.wav,46777500,20230308_093128_024882_2.its
6212,neurogen,2021-09-25,7:09:28,lena,20211004_114637_022870.wav,46779875,20211004_114637_022870.its
5781,neurogen,2020-11-20,6:57:19,lena,20201216_134012_024884.wav,46807687,20201216_134012_024884.its
3331,neurogen,2021-01-21,7:00:35,lena,20210210_103228_022874.wav,47007562,20210210_103228_022874.its
6651,neurogen,2022-07-01,5:51:34,lena,20220711_113631_043302_2.wav,47028562,20220711_113631_043302_2.its
3961,neurogen,2021-08-14,8:25:28,lena,20210817_164449_043300.wav,47046250,20210817_164449_043300.its
5201,neurogen,2020-03-22,6:49:53,lena,20200414_130727_024883_3.wav,47048750,20200414_130727_024883_3.its
6901,neurogen,2022-07-24,7:06:37,lena,20220731_124718_025480_2.wav,47330875,20220731_124718_025480_2.its
2761,neurogen,2018-08-01,7:59:24,lena,20180808_111213_024881.wav,47622375,20180808_111213_024881.its
4001,neurogen,2020-03-10,8:27:02,lena,20200319_064351_024882_1.wav,47653500,20200319_064351_024882_1.its
3301,neurogen,2018-05-21,9:28:17,lena,20180530_182225_022872.wav,47698625,20180530_182225_022872.its
3281,neurogen,2019-01-10,6:31:07,lena,20190115_125833_024884.wav,47733687,20190115_125833_024884.its
5131,neurogen,2019-08-19,6:55:19,lena,20190828_150425_025480_2.wav,47737812,20190828_150425_025480_2.its
6711,neurogen,2022-08-31,6:54:28,lena,20220913_122544_045738.wav,47758812,20220913_122544_045738.its
3651,neurogen,2018-10-10,8:48:53,lena,20181115_130549_024884.wav,48100437,20181115_130549_024884.its
5781,neurogen,2021-11-04,9:12:00,lena,20211112_120550_043300_1.wav,48315000,20211112_120550_043300_1.its
6451,neurogen,2022-09-10,6:49:53,lena,20220914_160209_024880_2.wav,48381625,20220914_160209_024880_2.its
5461,neurogen,2020-01-19,9:37:06,lena,20200209_114658_024884_2.wav,48419687,20200209_114658_024884_2.its
6641,neurogen,2022-11-20,7:50:07,lena,20221129_154915_045733_1.wav,48470375,20221129_154915_045733_1.its
4071,neurogen,2019-11-03,7:20:04,lena,20191120_103301_024878_2.wav,48529312,20191120_103301_024878_2.its
6211,neurogen,2021-04-03,7:10:44,lena,20210414_212304_024884_2.wav,48955437,20210414_212304_024884_2.its
7111,neurogen,2022-07-21,8:45:40,lena,20220726_115556_024883_2.wav,48960687,20220726_115556_024883_2.its
6941,neurogen,2022-06-23,6:23:19,lena,20220705_122546_022870_2.wav,48974812,20220705_122546_022870_2.its
5691,neurogen,2020-07-17,7:47:43,lena,20200729_202653_024882.wav,49080812,20200729_202653_024882.its
7091,neurogen,2022-07-13,8:06:45,lena,20220727_105320_024884_2.wav,49082750,20220727_105320_024884_2.its
6941,neurogen,2023-05-05,8:01:56,lena,20230516_124617_024879_1.wav,49259125,20230516_124617_024879_1.its
6891,neurogen,2022-08-06,8:42:31,lena,20220823_121134_022875_1.wav,49300000,20220823_121134_022875_1.its
7121,neurogen,2022-07-16,7:17:17,lena,20220722_144639_045738_2.wav,49301625,20220722_144639_045738_2.its
5351,neurogen,2019-10-25,6:47:13,lena,20191120_104516_024879_3.wav,49650375,20191120_104516_024879_3.its
7281,neurogen,2023-03-26,6:07:35,lena,20230405_090552_045738_2.wav,49690250,20230405_090552_045738_2.its
4081,neurogen,2019-04-22,3:27:45,lena,20190501_140431_022870.wav,49752312,20190501_140431_022870.its
7151,neurogen,2022-08-17,7:39:05,lena,20220823_141305_024879_2.wav,49808125,20220823_141305_024879_2.its
2791,neurogen,2017-08-30,8:50:34,lena,20170831_191112_009399.wav,49936062,20170831_191112_009399.its
6181,neurogen,2021-05-23,7:06:39,lena,20210601_214950_043298.wav,50584625,20210601_214950_043298.its
5961,neurogen,2021-09-12,8:12:09,lena,20210924_103333_045733_1.wav,50782125,20210924_103333_045733_1.its
3941,neurogen,2019-09-16,6:44:19,lena,20191004_131221_024883_2.wav,50845750,20191004_131221_024883_2.its
5351,neurogen,2020-12-09,7:31:03,lena,20201217_084733_024879_2.wav,50870125,20201217_084733_024879_2.its
7311,neurogen,2023-04-29,7:27:32,lena,20230509_154440_043299_2.wav,50953187,20230509_154440_043299_2.its
5201,neurogen,2020-11-18,6:48:02,lena,20201216_161229_024883_1.wav,51176562,20201216_161229_024883_1.its
6461,neurogen,2022-04-04,6:43:18,lena,20220412_100349_045737_1.wav,51438500,20220412_100349_045737_1.its
4071,neurogen,2019-04-28,7:29:22,lena,20190503_162938_024884_2.wav,51641875,20190503_162938_024884_2.its
3591,neurogen,2018-08-31,6:34:59,lena,20180906_131431_024882.wav,51766437,20180906_131431_024882.its
3371,neurogen,2018-06-16,8:27:58,lena,20180626_123557_022872.wav,52054687,20180626_123557_022872.its
3641,neurogen,2018-11-27,7:51:07,lena,20181130_145050_024879.wav,52115312,20181130_145050_024879.its
5711,neurogen,2020-08-03,6:31:06,lena,20200813_161017_022873.wav,52130312,20200813_161017_022873.its
5531,neurogen,2020-07-01,6:49:33,lena,20200729_200751_022874.wav,52238625,20200729_200751_022874.its
5211,neurogen,2019-08-28,6:00:42,lena,20190905_131625_024880_2.wav,52719750,20190905_131625_024880_2.its
6541,neurogen,2022-08-14,8:34:44,lena,20220823_125230_043302_2.wav,52748937,20220823_125230_043302_2.its
6461,neurogen,2021-10-13,6:25:05,lena,20211019_120823_045733_2.wav,52796562,20211019_120823_045733_2.its
4011,neurogen,2019-03-17,7:11:54,lena,20190404_133651_024882_1.wav,52902000,20190404_133651_024882_1.its
3951,neurogen,2019-03-02,7:13:41,lena,20190307_091344_022872.wav,53121250,20190307_091344_022872.its
6941,neurogen,2022-11-07,7:11:48,lena,20221117_094308_045737_2.wav,53327562,20221117_094308_045737_2.its
6091,neurogen,2021-02-21,6:52:55,lena,20210303_114715_024882.wav,53422937,20210303_114715_024882.its
5961,neurogen,2022-04-10,7:50:00,lena,20220414_121101_022873_1.wav,53635000,20220414_121101_022873_1.its
6431,neurogen,2021-09-28,7:00:22,lena,20211007_104945_045732_2.wav,53711062,20211007_104945_045732_2.its
6241,neurogen,2021-07-30,8:18:40,lena,20210817_164105_024884.wav,54143687,20210817_164105_024884.its
5201,neurogen,2019-09-04,6:06:24,lena,20190918_100335_024879_2.wav,54709000,20190918_100335_024879_2.its
6581,neurogen,2022-02-04,7:13:09,lena,20220224_125206_043299_1.wav,54982437,20220224_125206_043299_1.its
6581,neurogen,2023-02-17,6:42:44,lena,20230228_123152_024884_2.wav,56033000,20230228_123152_024884_2.its
6971,neurogen,2022-07-08,7:25:00,lena,20220714_094232_025480_2.wav,56600562,20220714_094232_025480_2.its
6411,neurogen,2021-11-09,6:09:24,lena,20211118_113757_024883_2.wav,57198750,20211118_113757_024883_2.its
6811,neurogen,2022-06-25,5:06:43,lena,20220630_132604_024880_1.wav,57502000,20220630_132604_024880_1.its
6271,neurogen,2021-05-28,8:28:33,lena,20210624_123256_024880.wav,57600000,20210624_123256_024880.its
6121,neurogen,2021-03-06,7:41:09,lena,20210312_163016_025480.wav,57600000,20210312_163016_025480.its
6601,neurogen,2022-02-17,8:15:18,lena,20220222_121343_022873_2.wav,57600000,20220222_121343_022873_2.its
7011,neurogen,2022-07-07,8:33:32,lena,20220711_142955_024883_2.wav,57600000,20220711_142955_024883_2.its
6971,neurogen,2023-02-11,8:13:04,lena,20230221_112913_045733_1.wav,57600000,20230221_112913_045733_1.its
6961,neurogen,2022-07-11,7:18:54,lena,20220719_095447_043305_2.wav,57600000,20220719_095447_043305_2.its
6081,neurogen,2021-03-07,9:34:24,lena,20210312_163542_024884.wav,57600000,20210312_163542_024884.its
6041,neurogen,2021-02-18,6:52:07,lena,20210303_113144_022870.wav,57600000,20210303_113144_022870.its
6031,neurogen,2021-03-29,8:30:47,lena,20210602_130006_022875.wav,57600000,20210602_130006_022875.its
6891,neurogen,2023-03-04,8:04:23,lena,20230314_121209_043300_1.wav,57600000,20230314_121209_043300_1.its
PO1005,neurogen,2021-10-25,7:17:09,lena,20211102_135358_045732_1.wav,57600000,20211102_135358_045732_1.its
6021,neurogen,2021-02-21,6:40:37,lena,20210303_115314_024880.wav,57600000,20210303_115314_024880.its
6011,neurogen,2021-02-24,6:51:34,lena,20210303_112648_022874.wav,57600000,20210303_112648_022874.its
PO1012,neurogen,2021-11-07,7:29:01,lena,20211116_102359_043299_1.wav,57600000,20211116_102359_043299_1.its
6001,neurogen,2021-02-21,6:41:58,lena,20210303_112011_022873.wav,57600000,20210303_112011_022873.its
5991,neurogen,2021-02-23,9:08:53,lena,20210312_162250_024883.wav,57600000,20210312_162250_024883.its
6481,neurogen,2021-12-12,7:44:38,lena,20220112_114228_045738_2.wav,57600000,20220112_114228_045738_2.its
6231,neurogen,2021-04-10,6:24:46,lena,20210504_111545_022870.wav,57600000,20210504_111545_022870.its
6131,neurogen,2021-03-07,9:09:21,lena,20210318_112332_022873.wav,57600000,20210318_112332_022873.its
7141,neurogen,2022-07-25,8:50:02,lena,20220809_093436_022873_1.wav,57600000,20220809_093436_022873_1.its
7291,neurogen,2023-03-05,7:58:52,lena,20230321_124603_024879_1.wav,57600000,20230321_124603_024879_1.its
7301,neurogen,2023-03-21,10:16:35,lena,20230328_105824_025480_2.wav,57600000,20230328_105824_025480_2.its
6221,neurogen,2021-05-16,8:10:20,lena,20210602_131937_022873.wav,57600000,20210602_131937_022873.its
6281,neurogen,2021-06-13,6:43:35,lena,20210624_123903_043298.wav,57600000,20210624_123903_043298.its
6311,neurogen,2021-06-11,6:59:01,lena,20210624_124109_024882.wav,57600000,20210624_124109_024882.its
6321,neurogen,2021-06-04,7:16:16,lena,20210624_124711_043305.wav,57600000,20210624_124711_043305.its
7261,neurogen,2023-02-02,7:21:40,lena,20230208_103250_043299_1.wav,57600000,20230208_103250_043299_1.its
6451,neurogen,2023-02-18,7:56:26,lena,20230328_132555_045737_1.wav,57600000,20230328_132555_045737_1.its
6371,neurogen,2021-10-13,6:45:05,lena,20211109_105644_025480_1.wav,57600000,20211109_105644_025480_1.its
6382,neurogen,2022-04-16,7:24:34,lena,20220429_145146_024882_1.wav,57600000,20220429_145146_024882_1.its
7141,neurogen,2023-02-13,11:03:39,lena,20230228_124411_043305_2.wav,57600000,20230228_124411_043305_2.its
6161,neurogen,2022-04-01,8:27:42,lena,20220408_134245_024882_1.wav,57600000,20220408_134245_024882_1.its
6421,neurogen,2021-09-03,7:00:41,lena,20210910_134003_022873.wav,57600000,20210910_134003_022873.its
6161,neurogen,2021-10-15,9:11:25,lena,20211022_110857_045737_2.wav,57600000,20211022_110857_045737_2.its
6161,neurogen,2021-03-27,8:11:03,lena,20210414_211903_024880_2.wav,57600000,20210414_211903_024880_2.its
6141,neurogen,2021-03-13,6:54:36,lena,20210318_113222_022874.wav,57600000,20210318_113222_022874.its
7241,neurogen,2022-12-03,7:01:52,lena,20221214_161607_045737_1.wav,57600000,20221214_161607_045737_1.its
5981,neurogen,2021-11-24,6:47:37,lena,20211202_121029_043302.wav,57600000,20211202_121029_043302.its
1111,neurogen,2018-12-04,5:35:53,lena,20181207_134922_025481.wav,57600000,20181207_134922_025481.its
5961,neurogen,2021-02-27,6:59:41,lena,20210318_114509_043298.wav,57600000,20210318_114509_043298.its
3371,neurogen,2020-10-13,7:39:09,lena,20201030_085516_022874.wav,57600000,20201030_085516_022874.its
3401,neurogen,2018-11-25,12:55:14,lena,20181128_142512_025480.wav,57600000,20181128_142512_025480.its
3451,neurogen,2018-08-29,10:16:08,lena,20180906_133011_022875.wav,57600000,20180906_133011_022875.its
3451,neurogen,2019-10-15,7:20:18,lena,20191217_163703_022875.wav,57600000,20191217_163703_022875.its
3481,neurogen,2018-09-05,8:54:06,lena,20180906_133341_024881.wav,57600000,20180906_133341_024881.its
3481,neurogen,2019-09-04,8:36:50,lena,20191030_104929_024882.wav,57600000,20191030_104929_024882.its
3491,neurogen,2018-07-21,7:40:13,lena,20180808_111325_024882.wav,57600000,20180808_111325_024882.its
3511,neurogen,2018-09-11,6:48:42,lena,20180913_111944_024880.wav,57600000,20180913_111944_024880.its
3521,neurogen,2018-09-26,1:18:56,lena,20181009_143916_022873.wav,57600000,20181009_143916_022873.its
3591,neurogen,2020-08-14,6:41:13,lena,20200826_171055_024880.wav,57600000,20200826_171055_024880.its
3601,neurogen,2018-08-27,9:24:31,lena,20180906_131545_025480.wav,57600000,20180906_131545_025480.its
3611,neurogen,2018-08-18,7:31:22,lena,20180821_182643_022873.wav,57600000,20180821_182643_022873.its
3341,neurogen,2018-06-18,6:17:37,lena,20180628_150733_022870.wav,57600000,20180628_150733_022870.its
3621,neurogen,2018-09-26,7:37:01,lena,20181009_144505_024881.wav,57600000,20181009_144505_024881.its
3661,neurogen,2018-10-27,7:17:12,lena,20181101_124332_025480_1.wav,57600000,20181101_124332_025480_1.its
3661,neurogen,2018-10-31,6:19:10,lena,20181101_124332_025480_2.wav,57600000,20181101_124332_025480_2.its
3661,neurogen,2019-10-29,7:41:54,lena,20191118_170512_022873.wav,57600000,20191118_170512_022873.its
3671,neurogen,2018-10-26,8:12:11,lena,20181101_124012_024883.wav,57600000,20181101_124012_024883.its
3681,neurogen,2018-10-21,8:24:30,lena,20181023_153740_024881.wav,57600000,20181023_153740_024881.its
3751,neurogen,2018-11-12,7:55:52,lena,20181115_125615_024883.wav,57600000,20181115_125615_024883.its
3751,neurogen,2019-11-18,7:56:55,lena,20191120_103727_024882_1.wav,57600000,20191120_103727_024882_1.its
3781,neurogen,2018-11-26,8:28:53,lena,20181211_160917_024880.wav,57600000,20181211_160917_024880.its
3831,neurogen,2020-05-08,7:35:30,lena,20200513_120319_022874.wav,57600000,20200513_120319_022874.its
5971,neurogen,2022-03-13,9:24:09,lena,20220401_085720_024879.wav,57600000,20220401_085720_024879.its
3851,neurogen,2019-01-18,8:19:10,lena,20190206_123623_024878.wav,57600000,20190206_123623_024878.its
3851,neurogen,2020-05-23,8:54:28,lena,20200604_144328_024883.wav,57600000,20200604_144328_024883.its
3631,neurogen,2018-10-26,7:08:17,lena,20181115_130413_022872.wav,57600000,20181115_130413_022872.its
3861,neurogen,2019-02-25,6:14:09,lena,20190226_105144_022875.wav,57600000,20190226_105144_022875.its
3311,neurogen,2018-06-02,5:54:30,lena,20180607_101857_024880.wav,57600000,20180607_101857_024880.its
3211,neurogen,2018-11-05,7:42:57,lena,20181115_130044_024882.wav,57600000,20181115_130044_024882.its
1111,neurogen,2020-01-23,5:23:28,lena,20200212_135855_024882_1.wav,57600000,20200212_135855_024882_1.its
1111,neurogen,2020-01-26,6:11:43,lena,20200212_135855_024882_2.wav,57600000,20200212_135855_024882_2.its
1241,neurogen,2020-03-29,6:37:08,lena,20200513_114127_024884.wav,57600000,20200513_114127_024884.its
1801,neurogen,2018-12-14,7:25:20,lena,20190104_125104_022872.wav,57600000,20190104_125104_022872.its
1801,neurogen,2020-06-04,11:36:17,lena,20200622_183505_024882.wav,57600000,20200622_183505_024882.its
1811,neurogen,2020-04-19,7:19:33,lena,20200503_130409_024882.wav,57600000,20200503_130409_024882.its
1851,neurogen,2018-12-03,7:02:30,lena,20181206_151623_024878.wav,57600000,20181206_151623_024878.its
2601,neurogen,2018-12-19,8:28:37,lena,20190104_125403_024884.wav,57600000,20190104_125403_024884.its
2771,neurogen,2018-12-02,9:09:06,lena,20181205_132608_024882.wav,57600000,20181205_132608_024882.its
2771,neurogen,2020-09-03,8:03:02,lena,20200921_143923_024883.wav,57600000,20200921_143923_024883.its
2791,neurogen,2018-10-05,7:24:01,lena,20181011_160409_024882.wav,57600000,20181011_160409_024882.its
2811,neurogen,2018-08-24,8:21:58,lena,20180918_114633_022872.wav,57600000,20180918_114633_022872.its
3221,neurogen,2018-05-15,8:36:13,lena,20180530_181958_022870.wav,57600000,20180530_181958_022870.its
2851,neurogen,2018-10-12,6:46:36,lena,20190110_135944_022870.wav,57600000,20190110_135944_022870.its
2881,neurogen,2020-03-03,10:03:50,lena,20200312_150451_024884.wav,57600000,20200312_150451_024884.its
2891,neurogen,2018-12-14,6:20:52,lena,20190104_125237_024883.wav,57600000,20190104_125237_024883.its
2991,neurogen,2018-11-26,8:10:54,lena,20181128_142339_024884.wav,57600000,20181128_142339_024884.its
2991,neurogen,2020-04-23,8:04:04,lena,20200503_130910_024883.wav,57600000,20200503_130910_024883.its
3001,neurogen,2019-03-13,7:24:07,lena,20190315_111550_024879.wav,57600000,20190315_111550_024879.its
3021,neurogen,2018-12-12,7:33:33,lena,20181220_134213_024882.wav,57600000,20181220_134213_024882.its
3041,neurogen,2018-11-29,6:56:18,lena,20181203_135820_024883.wav,57600000,20181203_135820_024883.its
3111,neurogen,2020-03-29,7:03:11,lena,20200413_130038_024880.wav,57600000,20200413_130038_024880.its
3131,neurogen,2018-12-13,9:58:56,lena,20181218_132113_024879.wav,57600000,20181218_132113_024879.its
3191,neurogen,2019-04-14,8:25:14,lena,20190424_135348_024879.wav,57600000,20190424_135348_024879.its
3201,neurogen,2018-05-23,6:47:17,lena,20180530_181101_022875.wav,57600000,20180530_181101_022875.its
3201,neurogen,2019-05-23,11:09:00,lena,20190604_163402_025480.wav,57600000,20190604_163402_025480.its
2881,neurogen,2018-12-04,7:03:00,lena,20181207_135236_025482.wav,57600000,20181207_135236_025482.its
3861,neurogen,2020-03-09,8:23:20,lena,20200828_120831_022875.wav,57600000,20200828_120831_022875.its
3841,neurogen,2019-01-11,6:21:59,lena,20190124_085828_022874.wav,57600000,20190124_085828_022874.its
3921,neurogen,2019-02-22,7:00:57,lena,20190301_122508_024884_2.wav,57600000,20190301_122508_024884_2.its
5361,neurogen,2019-09-30,8:01:00,lena,20191015_103838_024879_1.wav,57600000,20191015_103838_024879_1.its
5361,neurogen,2021-03-23,8:01:42,lena,20210401_140700_024879_1.wav,57600000,20210401_140700_024879_1.its
3871,neurogen,2020-10-27,7:19:41,lena,20201104_094551_024882_1.wav,57600000,20201104_094551_024882_1.its
5371,neurogen,2021-04-03,8:10:18,lena,20210414_211244_024882_1.wav,57600000,20210414_211244_024882_1.its
5401,neurogen,2019-11-25,7:38:35,lena,20191220_121955_022870.wav,57600000,20191220_121955_022870.its
5421,neurogen,2020-06-19,8:08:50,lena,20200701_171816_024879_1.wav,57600000,20200701_171816_024879_1.its
5431,neurogen,2019-12-09,8:45:48,lena,20191217_164433_024882.wav,57600000,20191217_164433_024882.its
5451,neurogen,2020-09-08,8:13:58,lena,20201002_114539_024880.wav,57600000,20201002_114539_024880.its
5461,neurogen,2021-01-20,5:36:54,lena,20210127_103244_024879_1.wav,57600000,20210127_103244_024879_1.its
5461,neurogen,2021-07-16,6:45:05,lena,20210726_101603_043300_1.wav,57600000,20210726_101603_043300_1.its
5511,neurogen,2020-07-15,7:13:11,lena,20200729_201119_024879.wav,57600000,20200729_201119_024879.its
5551,neurogen,2021-02-21,7:05:21,lena,20210303_114117_022875.wav,57600000,20210303_114117_022875.its
5331,neurogen,2019-10-29,8:17:25,lena,20191204_101714_024883.wav,57600000,20191204_101714_024883.its
5561,neurogen,2021-01-22,5:51:54,lena,20210210_104552_022870.wav,57600000,20210210_104552_022870.its
5651,neurogen,2020-10-14,7:42:55,lena,20201023_083845_022875.wav,57600000,20201023_083845_022875.its
5671,neurogen,2020-07-28,7:50:17,lena,20200807_203143_024883.wav,57600000,20200807_203143_024883.its
5681,neurogen,2020-09-10,7:01:51,lena,20200921_145245_024878.wav,57600000,20200921_145245_024878.its
5731,neurogen,2020-08-16,7:21:28,lena,20200826_172429_022874.wav,57600000,20200826_172429_022874.its
5761,neurogen,2020-08-27,7:49:36,lena,20200921_145948_024882.wav,57600000,20200921_145948_024882.its
5781,neurogen,2021-05-07,6:52:49,lena,20210520_130608_043299_1.wav,57600000,20210520_130608_043299_1.its
5781,neurogen,2022-12-10,8:28:29,lena,20230111_132607_024884.wav,57600000,20230111_132607_024884.its
5811,neurogen,2020-09-30,9:38:04,lena,20201023_084929_022870.wav,57600000,20201023_084929_022870.its
5851,neurogen,2020-12-20,9:19:19,lena,20210113_155238_025480_2.wav,57600000,20210113_155238_025480_2.its
5871,neurogen,2021-05-08,8:46:17,lena,20210602_131320_043300.wav,57600000,20210602_131320_043300.its
5891,neurogen,2021-06-04,7:25:48,lena,20210706_133031_025480.wav,57600000,20210706_133031_025480.its
5941,neurogen,2021-02-05,6:53:16,lena,20210210_110009_022873.wav,57600000,20210210_110009_022873.its
5631,neurogen,2020-07-23,8:20:53,lena,20200729_201847_024880.wav,57600000,20200729_201847_024880.its
5291,neurogen,2021-03-15,7:51:19,lena,20210324_131611_043300.wav,57600000,20210324_131611_043300.its
PO1016,neurogen,2021-11-16,9:07:22,lena,20211210_124133_022870_1.wav,57600000,20211210_124133_022870_1.its
5261,neurogen,2019-09-09,7:42:10,lena,20190912_091823_022874.wav,57600000,20190912_091823_022874.its
3961,neurogen,2019-03-09,6:48:57,lena,20190313_134218_024884_1.wav,57600000,20190313_134218_024884_1.its
3961,neurogen,2020-11-08,8:50:17,lena,20201112_145139_024884_2.wav,57600000,20201112_145139_024884_2.its
4011,neurogen,2019-10-20,8:27:55,lena,20191030_110047_024884_2.wav,57600000,20191030_110047_024884_2.its
4031,neurogen,2019-03-26,6:43:01,lena,20190404_132831_024879_1.wav,57600000,20190404_132831_024879_1.its
4031,neurogen,2019-10-09,7:34:40,lena,20191015_104352_024883_1.wav,57600000,20191015_104352_024883_1.its
4031,neurogen,2020-03-21,7:17:15,lena,20201123_095637_025480.wav,57600000,20201123_095637_025480.its
4031,neurogen,2020-11-14,7:01:57,lena,20201123_093717_024880_3.wav,57600000,20201123_093717_024880_3.its
4031,neurogen,2021-05-18,6:11:54,lena,20210602_132558_043302.wav,57600000,20210602_132558_043302.its
4051,neurogen,2019-04-12,6:49:45,lena,20190424_140125_024878_1.wav,57600000,20190424_140125_024878_1.its
3921,neurogen,2020-02-23,6:47:19,lena,20200304_101532_024883_2.wav,57600000,20200304_101532_024883_2.its
4051,neurogen,2019-10-20,7:00:12,lena,20191030_105458_025481_2.wav,57600000,20191030_105458_025481_2.its
5291,neurogen,2019-09-12,7:09:51,lena,20190927_114549_024878.wav,57600000,20190927_114549_024878.its
4051,neurogen,2021-07-23,6:04:57,lena,20210810_155503_043298.wav,57600000,20210810_155503_043298.its
3921,neurogen,2021-08-21,7:12:25,lena,20210902_111305_045737_1.wav,57600000,20210902_111305_045737_1.its
5001,neurogen,2019-06-19,8:46:23,lena,20190819_205941_024879.wav,57600000,20190819_205941_024879.its
5011,neurogen,2019-06-07,6:18:20,lena,20190618_135122_024883.wav,57600000,20190618_135122_024883.its
5241,neurogen,2019-08-30,7:21:46,lena,20191004_124906_024884.wav,57600000,20191004_124906_024884.its
5221,neurogen,2019-09-20,6:20:45,lena,20191004_125301_022873.wav,57600000,20191004_125301_022873.its
PO1015,neurogen,2021-12-11,6:44:48,lena,20220118_085259_045737_1.wav,57600000,20220118_085259_045737_1.its
5181,neurogen,2021-09-11,8:28:28,lena,20210922_112252_043298_1.wav,57600000,20210922_112252_043298_1.its
5181,neurogen,2019-09-02,4:54:53,lena,20190909_162209_025481_1.wav,57600000,20190909_162209_025481_1.its
5061,neurogen,2020-02-02,7:18:38,lena,20200212_135321_024883_2.wav,57600000,20200212_135321_024883_2.its
5041,neurogen,2021-02-05,10:45:27,lena,20210221_162501_024879_2.wav,57600000,20210221_162501_024879_2.its
5031,neurogen,2019-08-14,8:50:07,lena,20190819_210631_022870.wav,57600000,20190819_210631_022870.its
5041,neurogen,2022-01-22,9:44:03,lena,20220208_083611_043302_1.wav,57600000,20220208_083611_043302_1.its
3921,neurogen,2021-01-20,7:25:33,lena,20210127_105022_022873.wav,57600000,20210127_105022_022873.its
2811,neurogen,2017-08-29,6:59:58,lena,20170901_162854_009463.wav,57600125,20170901_162854_009463.its
2931,neurogen,2018-01-24,8:31:24,lena,20180206_110905_009463.wav,57600125,20180206_110905_009463.its
3011,neurogen,2018-02-14,11:09:03,lena,20180215_124742_009463.wav,57600125,20180215_124742_009463.its
2851,neurogen,2017-10-04,8:24:20,lena,20171005_132843_009399.wav,57600125,20171005_132843_009399.its
3171,neurogen,2018-04-01,8:48:22,lena,20180424_113552_022873.wav,57600125,20180424_113552_022873.its
3191,neurogen,2018-03-31,7:35:42,lena,20180405_171716_022875.wav,57600125,20180405_171716_022875.its
3001,neurogen,2018-02-25,9:18:54,lena,20180227_154841_022875.wav,57600125,20180227_154841_022875.its
5361,neurogen,2021-09-22,9:00:25,lena,20210930_113450_043300_2.wav,57605687,20210930_113450_043300_2.its
7221,neurogen,2022-11-18,9:25:49,lena,20221202_134100_043299_2.wav,57626375,20221202_134100_043299_2.its
4051,neurogen,2020-12-05,6:02:55,lena,20201216_150145_024880_1.wav,111801500,20201216_150145_024880_1.its
