recording_id,group_id,correct,confusion,missed detection,total,false alarm,ider
20190828_145547_024884_2.wav,angelman_syndrome,568253.0,84076.0,52475.0,704804.0,484012.0,0.8804759904881357
20211022_110857_045737_2.wav,fragile_x_syndrome,176881.0,14881.0,29995.0,221757.0,90626.0,0.6110382084894727
20180808_110630_024879.wav,low_risk,277652.0,45136.0,39892.0,362680.0,310573.0,1.090771478989743
20221129_154915_045733_1.wav,fragile_x_syndrome,344074.0,77339.0,45994.0,467407.0,330089.0,0.9700796094196279
20230110_120835_024882_2.wav,autism_sibling,199998.0,23967.0,15241.0,239206.0,297496.0,1.4075901106159545
20210318_114509_043298.wav,angelman_syndrome,164165.0,50373.0,74945.0,289483.0,193347.0,1.1008073012923039
20211103_114626_022870_1.wav,fragile_x_syndrome,338135.0,58818.0,60112.0,457065.0,482694.0,1.3162766783717852
20220720_091357_024879_1.wav,autism_sibling,513591.0,103674.0,62154.0,679419.0,466219.0,0.9302757208732756
20220728_144904_024880_2.wav,autism_sibling,332295.0,39811.0,53338.0,425444.0,344584.0,1.0288851176653095
20230328_132555_045737_1.wav,fragile_x_syndrome,172862.0,28582.0,46943.0,248387.0,114580.0,0.765358090399256
20201210_142957_025480_2.wav,fragile_x_syndrome,56161.0,34333.0,10500.0,100994.0,488422.0,5.280066142543121
20220513_113018_024879_2.wav,fragile_x_syndrome,349277.0,39634.0,58743.0,447654.0,339927.0,0.9791133330652692
20180906_131431_024882.wav,down_syndrome,316919.0,66399.0,66701.0,450019.0,267436.0,0.8900424204311373
20190307_114201_025481.wav,down_syndrome,300885.0,56374.0,67340.0,424599.0,350608.0,1.1171057868718486
20230131_124242_043302_2.wav,autism_sibling,315917.0,59373.0,39253.0,414543.0,391781.0,1.1830063467481058
20230405_090552_045738_2.wav,autism_sibling,379283.0,62841.0,78237.0,520361.0,394380.0,1.0290125509021621
20180906_133202_022870.wav,low_risk,226491.0,72692.0,36041.0,335224.0,283419.0,1.1698207765553779
20210127_103244_024879_1.wav,angelman_syndrome,222846.0,38309.0,111783.0,372938.0,286831.0,1.1715700733097727
20230425_114841_045738_2.wav,angelman_syndrome,130167.0,33557.0,57743.0,221467.0,160479.0,1.1368691498056145
20181218_132113_024879.wav,angelman_syndrome,361861.0,53949.0,50890.0,466700.0,338519.0,0.9499850010713521
20210414_211244_024882_1.wav,down_syndrome,309844.0,102591.0,112224.0,524659.0,327320.0,1.0333092542013003
20230228_124411_043305_2.wav,angelman_syndrome,67598.0,18899.0,33646.0,120143.0,194618.0,2.0572401221877263
20220805_082527_043300_2.wav,angelman_syndrome,464480.0,63717.0,55447.0,583644.0,475701.0,1.0192257609090474
20230301_083834_024880_2.wav,low_risk,53987.0,7672.0,14416.0,76075.0,245267.0,3.5143608281301346
20200312_145204_022874.wav,down_syndrome,349940.0,70604.0,63480.0,484024.0,348614.0,0.9972604664231526
20190819_210318_025481_2.wav,fragile_x_syndrome,663816.0,79498.0,67884.0,811198.0,371677.0,0.6398672087455837
20180808_111213_024881.wav,low_risk,158343.0,31273.0,29794.0,219410.0,346106.0,1.8557631830819015
20200414_125938_024878_2.wav,down_syndrome,196916.0,39517.0,75269.0,311702.0,228818.0,1.1023477552277496
20230308_093128_024882_2.wav,angelman_syndrome,270204.0,37561.0,43368.0,351133.0,271137.0,1.00265711283189
20220731_113759_045737_2.wav,autism_sibling,358933.0,166375.0,59985.0,585293.0,617264.0,1.4413703905565247
20210318_114924_043305_2.wav,down_syndrome,226259.0,96693.0,86354.0,409306.0,376961.0,1.3681890810298407
20230321_124603_024879_1.wav,autism_sibling,268836.0,92592.0,56014.0,417442.0,213649.0,0.8677972029647233
20231025_115855_045737_2.wav,low_risk,400260.0,126236.0,117568.0,644064.0,333979.0,0.8970894196850002
20201104_094551_024882_1.wav,down_syndrome,270840.0,72217.0,67874.0,410931.0,324718.0,1.1311120358405669
20221018_135301_043300_4.wav,autism_sibling,100610.0,41433.0,57011.0,199054.0,363233.0,2.319355551759824
20180530_181655_022873.wav,low_risk,617557.0,52970.0,52741.0,723268.0,490702.0,0.8246085821576511
20210504_102146_025480_2.wav,angelman_syndrome,312393.0,45821.0,51303.0,409517.0,314021.0,1.003975414940039
20190618_135122_024883.wav,low_risk,242313.0,88380.0,57332.0,388025.0,181354.0,0.842899297725662
20220711_142955_024883_2.wav,low_risk,145510.0,25943.0,36023.0,207476.0,178795.0,1.1604281941043784
20230308_094400_045733_2.wav,fragile_x_syndrome,269085.0,64296.0,54343.0,387724.0,350144.0,1.2090636638433525
20220829_105740_024880_2.wav,autism_sibling,215972.0,40009.0,24097.0,280078.0,418195.0,1.7220238647805255
20191004_125707_025480_2.wav,down_syndrome,368075.0,104264.0,103100.0,575439.0,414745.0,1.0811032967873224
20180809_181624_025481.wav,low_risk,399341.0,131947.0,80440.0,611728.0,484963.0,1.139967436507729
20230208_103250_043299_1.wav,fragile_x_syndrome,220438.0,39804.0,38863.0,299105.0,300750.0,1.268507714682135
20200414_130512_024879_2.wav,down_syndrome,183696.0,59009.0,18414.0,261119.0,636082.0,2.732489784351196
20220712_113417_045737_3.wav,autism_sibling,225361.0,35524.0,30963.0,291848.0,314868.0,1.3066904690112662
20190307_091344_022872.wav,down_syndrome,195834.0,76322.0,123595.0,395751.0,253197.0,1.1449472016495221
20210624_093317_024883_2.wav,fragile_x_syndrome,227097.0,16595.0,38011.0,281703.0,244877.0,1.063116118749179
20211019_120823_045733_2.wav,angelman_syndrome,133799.0,53095.0,50045.0,236939.0,146911.0,1.0553391379215749
20220726_115556_024883_2.wav,low_risk,248895.0,54114.0,71793.0,374802.0,208701.0,0.8927593769510301
