segment_onset,segment_offset,speaker_type,phonemes,syllables,words,raw_filename
1914,3765,FEM,14.19,6.27,4.59,20191015_104144_024880_2.txt
23510,26492,FEM,29.6,14.48,9.6,20191015_104144_024880_2.txt
26720,26872,MAL,8.32,3.93,2.41,20191015_104144_024880_2.txt
30709,31467,MAL,9.43,4.39,2.88,20191015_104144_024880_2.txt
32516,34492,FEM,16.31,7.71,5.32,20191015_104144_024880_2.txt
37010,38991,FEM,16.06,7.31,5.14,20191015_104144_024880_2.txt
38359,39486,MAL,9.9,4.33,3.04,20191015_104144_024880_2.txt
39761,40628,MAL,9.67,4.39,2.92,20191015_104144_024880_2.txt
51465,52010,FEM,11.83,5.79,3.64,20191015_104144_024880_2.txt
53011,58295,MAL,36.42,17.21,12.58,20191015_104144_024880_2.txt
57512,60992,FEM,27.0,13.04,9.14,20191015_104144_024880_2.txt
60011,71412,MAL,76.82,36.64,26.8,20191015_104144_024880_2.txt
70492,74512,FEM,28.23,13.11,9.53,20191015_104144_024880_2.txt
74010,74218,MAL,6.8,3.06,1.91,20191015_104144_024880_2.txt
76020,78418,FEM,21.56,10.67,7.14,20191015_104144_024880_2.txt
94993,96492,MAL,14.38,6.74,4.6,20191015_104144_024880_2.txt
96491,98992,FEM,18.07,8.22,5.94,20191015_104144_024880_2.txt
101512,102233,MAL,9.79,4.49,2.99,20191015_104144_024880_2.txt
106982,107988,MAL,11.69,5.48,3.62,20191015_104144_024880_2.txt
115493,116646,MAL,10.46,4.7,3.29,20191015_104144_024880_2.txt
116831,117491,MAL,7.14,2.88,2.1,20191015_104144_024880_2.txt
305011,306493,FEM,13.96,6.54,4.51,20191015_104144_024880_2.txt
439997,443492,FEM,21.94,9.43,7.35,20191015_104144_024880_2.txt
464883,465227,FEM,8.65,4.01,2.55,20191015_104144_024880_2.txt
472492,474512,FEM,15.45,6.94,5.04,20191015_104144_024880_2.txt
478511,478774,FEM,9.92,4.82,2.96,20191015_104144_024880_2.txt
479491,480492,FEM,11.77,5.48,3.7,20191015_104144_024880_2.txt
486992,490991,FEM,23.15,9.79,7.89,20191015_104144_024880_2.txt
494012,495991,FEM,18.97,9.09,6.21,20191015_104144_024880_2.txt
496349,497417,FEM,11.98,5.43,3.72,20191015_104144_024880_2.txt
509703,510420,FEM,6.55,2.59,1.91,20191015_104144_024880_2.txt
511010,511700,FEM,9.88,4.52,3.01,20191015_104144_024880_2.txt
524011,525992,FEM,19.1,9.07,6.15,20191015_104144_024880_2.txt
526718,530262,FEM,27.83,13.23,9.21,20191015_104144_024880_2.txt
531583,532869,FEM,12.28,5.64,3.81,20191015_104144_024880_2.txt
542587,544290,MAL,16.05,7.58,5.08,20191015_104144_024880_2.txt
542992,544821,FEM,15.68,7.45,5.09,20191015_104144_024880_2.txt
548011,551754,FEM,31.05,14.61,10.11,20191015_104144_024880_2.txt
553308,554012,FEM,9.37,4.36,2.85,20191015_104144_024880_2.txt
554992,556310,MAL,14.4,6.89,4.57,20191015_104144_024880_2.txt
557992,559477,FEM,13.73,6.1,4.27,20191015_104144_024880_2.txt
562493,562993,FEM,9.43,4.48,2.83,20191015_104144_024880_2.txt
567596,571511,FEM,33.24,16.55,11.08,20191015_104144_024880_2.txt
583511,584512,MAL,8.84,3.57,2.67,20191015_104144_024880_2.txt
585011,590889,FEM,47.06,22.74,15.8,20191015_104144_024880_2.txt
596492,597444,FEM,10.99,5.07,3.38,20191015_104144_024880_2.txt
600146,601211,MAL,11.03,4.9,3.46,20191015_104144_024880_2.txt
630202,631999,FEM,15.55,7.04,4.99,20191015_104144_024880_2.txt
632634,633766,FEM,10.08,4.37,3.05,20191015_104144_024880_2.txt
634502,637492,FEM,26.24,12.24,8.38,20191015_104144_024880_2.txt
637627,637991,FEM,5.81,2.46,1.61,20191015_104144_024880_2.txt
639122,642011,FEM,20.83,9.22,6.77,20191015_104144_024880_2.txt
659492,660990,FEM,14.93,6.92,4.78,20191015_104144_024880_2.txt
691492,692250,FEM,9.83,4.62,3.01,20191015_104144_024880_2.txt
693011,697012,FEM,31.03,14.89,10.41,20191015_104144_024880_2.txt
698888,700228,FEM,14.49,6.76,4.56,20191015_104144_024880_2.txt
701295,703269,FEM,20.11,9.55,6.38,20191015_104144_024880_2.txt
722491,723007,FEM,6.5,2.75,1.86,20191015_104144_024880_2.txt
733013,740428,FEM,57.64,28.24,19.58,20191015_104144_024880_2.txt
743492,746060,FEM,21.14,10.16,7.03,20191015_104144_024880_2.txt
748513,750055,FEM,14.12,6.66,4.52,20191015_104144_024880_2.txt
756506,757375,FEM,11.24,5.23,3.45,20191015_104144_024880_2.txt
760641,762772,FEM,17.07,7.94,5.6,20191015_104144_024880_2.txt
763511,766366,FEM,24.93,12.3,8.29,20191015_104144_024880_2.txt
766947,768489,MAL,16.49,7.86,5.26,20191015_104144_024880_2.txt
773950,776010,FEM,20.85,10.03,6.64,20191015_104144_024880_2.txt
778521,782991,FEM,36.32,18.01,12.36,20191015_104144_024880_2.txt
791473,793493,FEM,16.33,7.72,5.34,20191015_104144_024880_2.txt
811986,812492,FEM,7.73,3.43,2.27,20191015_104144_024880_2.txt
830118,830361,MAL,11.86,5.89,3.6,20191015_104144_024880_2.txt
830491,831173,MAL,13.47,6.56,4.16,20191015_104144_024880_2.txt
846165,846286,MAL,11.21,5.53,3.36,20191015_104144_024880_2.txt
851324,852011,MAL,11.56,5.37,3.52,20191015_104144_024880_2.txt
872993,873683,MAL,12.77,6.07,3.87,20191015_104144_024880_2.txt
874869,874985,MAL,11.43,5.67,3.44,20191015_104144_024880_2.txt
878492,878666,MAL,10.5,5.13,3.13,20191015_104144_024880_2.txt
879044,879226,MAL,10.39,5.02,3.1,20191015_104144_024880_2.txt
881634,881759,MAL,9.72,4.68,2.86,20191015_104144_024880_2.txt
891100,892541,MAL,16.4,7.77,5.21,20191015_104144_024880_2.txt
898511,899687,FEM,12.14,5.72,3.8,20191015_104144_024880_2.txt
910992,912460,FEM,14.39,6.67,4.54,20191015_104144_024880_2.txt
916098,918010,FEM,13.09,5.66,4.24,20191015_104144_024880_2.txt
948532,948660,FEM,6.59,2.96,1.83,20191015_104144_024880_2.txt
961489,962512,FEM,10.91,4.87,3.41,20191015_104144_024880_2.txt
968993,971077,FEM,16.35,7.56,5.35,20191015_104144_024880_2.txt
980387,983992,FEM,33.77,16.68,11.1,20191015_104144_024880_2.txt
984253,984786,FEM,11.11,5.32,3.4,20191015_104144_024880_2.txt
986897,989386,FEM,27.22,13.28,8.67,20191015_104144_024880_2.txt
993511,994122,FEM,11.5,5.43,3.49,20191015_104144_024880_2.txt
1009086,1010883,FEM,13.57,6.09,4.38,20191015_104144_024880_2.txt
1010991,1013492,FEM,20.65,9.59,6.75,20191015_104144_024880_2.txt
1012541,1014542,MAL,15.98,7.31,5.21,20191015_104144_024880_2.txt
1020360,1023011,FEM,26.7,13.26,8.69,20191015_104144_024880_2.txt
1024442,1025514,MAL,14.88,7.18,4.59,20191015_104144_024880_2.txt
1039011,1040351,MAL,13.87,6.34,4.4,20191015_104144_024880_2.txt
1052231,1052810,FEM,11.25,5.28,3.4,20191015_104144_024880_2.txt
1083491,1085992,FEM,19.3,8.72,6.2,20191015_104144_024880_2.txt
1086951,1087991,MAL,13.13,6.19,4.0,20191015_104144_024880_2.txt
1086991,1088063,FEM,13.36,6.31,4.08,20191015_104144_024880_2.txt
1089492,1091095,FEM,15.21,7.18,4.84,20191015_104144_024880_2.txt
1092012,1092371,FEM,7.73,3.52,2.24,20191015_104144_024880_2.txt
1092493,1097171,FEM,38.53,18.65,12.81,20191015_104144_024880_2.txt
1107412,1108489,MAL,11.45,5.03,3.55,20191015_104144_024880_2.txt
1113791,1114329,MAL,9.47,4.41,2.85,20191015_104144_024880_2.txt
1114493,1115376,MAL,11.61,5.44,3.62,20191015_104144_024880_2.txt
1116610,1116870,MAL,9.17,4.34,2.71,20191015_104144_024880_2.txt
1116798,1117205,FEM,7.59,3.42,2.2,20191015_104144_024880_2.txt
1119854,1120271,FEM,5.82,2.27,1.62,20191015_104144_024880_2.txt
1120492,1122993,MAL,21.53,10.15,7.04,20191015_104144_024880_2.txt
1137093,1137572,FEM,7.18,3.19,2.08,20191015_104144_024880_2.txt
1140421,1143011,FEM,25.7,12.54,8.29,20191015_104144_024880_2.txt
1146175,1146317,MAL,11.55,5.72,3.48,20191015_104144_024880_2.txt
1146511,1147360,MAL,13.47,6.52,4.19,20191015_104144_024880_2.txt
1151697,1152357,MAL,11.91,5.66,3.63,20191015_104144_024880_2.txt
1156982,1157797,MAL,13.08,6.41,4.1,20191015_104144_024880_2.txt
1160096,1161640,MAL,16.76,7.95,5.35,20191015_104144_024880_2.txt
1165334,1171493,FEM,54.73,27.02,18.19,20191015_104144_024880_2.txt
1169993,1172865,MAL,28.93,14.02,9.31,20191015_104144_024880_2.txt
1171805,1172011,FEM,10.27,5.01,3.06,20191015_104144_024880_2.txt
1173096,1176130,FEM,31.06,15.17,9.99,20191015_104144_024880_2.txt
1173280,1174125,MAL,12.03,5.6,3.6,20191015_104144_024880_2.txt
1175113,1177042,MAL,21.11,10.06,6.65,20191015_104144_024880_2.txt
1176284,1176492,FEM,9.68,4.59,2.87,20191015_104144_024880_2.txt
1180013,1184885,FEM,37.79,18.25,12.81,20191015_104144_024880_2.txt
1184011,1184293,MAL,8.28,3.84,2.41,20191015_104144_024880_2.txt
1188677,1189931,FEM,13.58,6.35,4.24,20191015_104144_024880_2.txt
1197011,1199012,MAL,19.09,8.95,6.15,20191015_104144_024880_2.txt
1203009,1203320,FEM,7.55,3.46,2.17,20191015_104144_024880_2.txt
1204436,1204856,MAL,10.45,4.94,3.16,20191015_104144_024880_2.txt
1212992,1214992,FEM,17.81,8.59,5.77,20191015_104144_024880_2.txt
1227634,1228382,MAL,11.38,5.43,3.52,20191015_104144_024880_2.txt
1228780,1229070,MAL,10.54,5.09,3.17,20191015_104144_024880_2.txt
1238011,1243311,FEM,48.36,24.16,16.08,20191015_104144_024880_2.txt
1240151,1241197,MAL,12.1,5.68,3.71,20191015_104144_024880_2.txt
1246492,1246850,MAL,10.63,5.12,3.21,20191015_104144_024880_2.txt
1252802,1256859,MAL,31.53,14.8,10.58,20191015_104144_024880_2.txt
1257508,1259163,MAL,17.11,7.99,5.48,20191015_104144_024880_2.txt
1259012,1260411,FEM,15.27,7.24,4.83,20191015_104144_024880_2.txt
1259585,1260544,MAL,12.04,5.69,3.73,20191015_104144_024880_2.txt
1292011,1293815,FEM,16.61,8.12,5.39,20191015_104144_024880_2.txt
1294512,1294713,FEM,8.5,4.0,2.47,20191015_104144_024880_2.txt
1298930,1299403,MAL,12.52,6.14,3.81,20191015_104144_024880_2.txt
1313049,1319450,FEM,49.91,24.46,16.94,20191015_104144_024880_2.txt
1322274,1326560,FEM,37.44,18.26,12.38,20191015_104144_024880_2.txt
1323920,1325069,MAL,12.59,5.81,3.89,20191015_104144_024880_2.txt
1326287,1326393,MAL,9.88,4.81,2.92,20191015_104144_024880_2.txt
1337253,1338876,FEM,13.87,6.12,4.34,20191015_104144_024880_2.txt
1351313,1351991,FEM,12.48,6.02,3.83,20191015_104144_024880_2.txt
1357756,1358512,FEM,12.0,5.6,3.68,20191015_104144_024880_2.txt
1373919,1375382,FEM,15.25,7.25,4.83,20191015_104144_024880_2.txt
1377837,1378382,FEM,9.16,4.26,2.75,20191015_104144_024880_2.txt
1393860,1393992,FEM,3.79,1.4,0.89,20191015_104144_024880_2.txt
1399587,1401195,FEM,16.92,8.03,5.31,20191015_104144_024880_2.txt
1423956,1426011,FEM,15.23,7.08,4.98,20191015_104144_024880_2.txt
1440283,1441780,FEM,14.37,6.81,4.59,20191015_104144_024880_2.txt
1454993,1456596,FEM,15.32,7.27,4.88,20191015_104144_024880_2.txt
1457011,1463051,MAL,43.02,20.87,14.85,20191015_104144_024880_2.txt
1459492,1460791,FEM,11.22,5.02,3.46,20191015_104144_024880_2.txt
1463516,1466010,MAL,19.93,9.24,6.56,20191015_104144_024880_2.txt
1469264,1470511,FEM,10.53,4.68,3.27,20191015_104144_024880_2.txt
1474511,1478171,FEM,31.61,15.57,10.49,20191015_104144_024880_2.txt
1476066,1476214,MAL,7.4,3.36,2.1,20191015_104144_024880_2.txt
1478512,1481170,FEM,19.57,9.24,6.47,20191015_104144_024880_2.txt
1482248,1483512,FEM,14.27,6.71,4.37,20191015_104144_024880_2.txt
1483010,1484022,MAL,10.18,4.61,3.12,20191015_104144_024880_2.txt
1486510,1488248,FEM,14.55,6.55,4.54,20191015_104144_024880_2.txt
1488491,1489498,FEM,10.47,4.78,3.21,20191015_104144_024880_2.txt
1488986,1490188,MAL,13.26,6.26,4.12,20191015_104144_024880_2.txt
1490189,1490341,FEM,5.91,2.55,1.6,20191015_104144_024880_2.txt
1490916,1492492,FEM,14.19,6.61,4.5,20191015_104144_024880_2.txt
1492611,1492753,FEM,5.53,2.35,1.47,20191015_104144_024880_2.txt
1492884,1496912,FEM,32.7,15.9,10.81,20191015_104144_024880_2.txt
1499992,1501101,MAL,12.32,5.8,3.84,20191015_104144_024880_2.txt
1500081,1500511,FEM,7.41,3.35,2.15,20191015_104144_024880_2.txt
1500807,1500993,FEM,11.93,5.9,3.61,20191015_104144_024880_2.txt
1505326,1505507,FEM,7.34,3.39,2.08,20191015_104144_024880_2.txt
1531928,1532935,MAL,13.43,6.47,4.15,20191015_104144_024880_2.txt
1531992,1533011,FEM,13.63,6.57,4.21,20191015_104144_024880_2.txt
1533965,1536012,FEM,21.11,10.59,6.88,20191015_104144_024880_2.txt
1535011,1535748,MAL,10.96,5.24,3.33,20191015_104144_024880_2.txt
1537512,1541329,FEM,30.27,14.87,10.12,20191015_104144_024880_2.txt
1553992,1555140,FEM,14.18,6.92,4.47,20191015_104144_024880_2.txt
1556992,1558815,FEM,21.88,10.85,6.99,20191015_104144_024880_2.txt
1560492,1563413,FEM,32.27,15.95,10.38,20191015_104144_024880_2.txt
1564957,1565936,FEM,15.05,7.33,4.68,20191015_104144_024880_2.txt
1567387,1568533,FEM,18.08,8.92,5.66,20191015_104144_024880_2.txt
1575811,1576938,MAL,18.72,9.25,5.82,20191015_104144_024880_2.txt
1575992,1580515,FEM,44.62,22.15,14.71,20191015_104144_024880_2.txt
1582492,1585511,FEM,30.44,15.16,9.99,20191015_104144_024880_2.txt
1582991,1583896,MAL,12.23,5.85,3.78,20191015_104144_024880_2.txt
1584260,1584488,MAL,11.1,5.45,3.34,20191015_104144_024880_2.txt
1589794,1591492,FEM,20.52,9.79,6.47,20191015_104144_024880_2.txt
1594404,1596993,FEM,24.71,11.84,8.01,20191015_104144_024880_2.txt
1608533,1608992,FEM,10.39,4.97,3.14,20191015_104144_024880_2.txt
1612406,1614011,FEM,20.1,9.76,6.31,20191015_104144_024880_2.txt
1612992,1613410,MAL,10.06,4.84,3.03,20191015_104144_024880_2.txt
1622511,1623993,FEM,12.96,6.04,4.18,20191015_104144_024880_2.txt
1630162,1633382,FEM,26.49,13.04,8.92,20191015_104144_024880_2.txt
1634062,1635957,FEM,22.06,11.02,7.17,20191015_104144_024880_2.txt
1695646,1696338,MAL,14.47,7.28,4.55,20191015_104144_024880_2.txt
1752511,1766154,MAL,115.6,58.03,39.36,20191015_104144_024880_2.txt
1757012,1758512,FEM,15.16,6.97,4.75,20191015_104144_024880_2.txt
1766288,1767792,MAL,15.75,7.53,5.05,20191015_104144_024880_2.txt
1769325,1770375,MAL,15.46,7.62,4.83,20191015_104144_024880_2.txt
1770964,1771593,MAL,10.37,4.87,3.11,20191015_104144_024880_2.txt
1772012,1772189,FEM,10.63,5.2,3.18,20191015_104144_024880_2.txt
1772493,1772615,FEM,10.25,5.0,3.04,20191015_104144_024880_2.txt
1772992,1778492,FEM,52.01,26.01,17.23,20191015_104144_024880_2.txt
1773132,1774544,MAL,15.35,7.3,4.85,20191015_104144_024880_2.txt
1777992,1780010,MAL,21.66,10.49,6.9,20191015_104144_024880_2.txt
1779094,1780333,FEM,14.18,6.68,4.43,20191015_104144_024880_2.txt
1783011,1783229,FEM,8.43,3.98,2.45,20191015_104144_024880_2.txt
1784492,1785407,MAL,12.27,5.81,3.75,20191015_104144_024880_2.txt
1786011,1786119,MAL,9.77,4.75,2.88,20191015_104144_024880_2.txt
1786263,1787728,MAL,16.38,7.92,5.21,20191015_104144_024880_2.txt
1787076,1789492,FEM,26.41,13.17,8.5,20191015_104144_024880_2.txt
1787869,1787991,MAL,10.21,4.99,3.03,20191015_104144_024880_2.txt
1789012,1790988,MAL,19.27,9.48,6.25,20191015_104144_024880_2.txt
1792511,1799102,FEM,53.56,27.14,18.4,20191015_104144_024880_2.txt
1799621,1802998,FEM,32.48,16.21,10.68,20191015_104144_024880_2.txt
1803156,1804511,MAL,17.21,8.28,5.3,20191015_104144_024880_2.txt
1804012,1807492,FEM,34.4,16.87,11.13,20191015_104144_024880_2.txt
1808992,1817770,FEM,74.59,37.86,25.46,20191015_104144_024880_2.txt
1817900,1818011,FEM,13.71,6.94,4.19,20191015_104144_024880_2.txt
1818011,1822991,MAL,46.49,23.33,15.46,20191015_104144_024880_2.txt
1821808,1833771,FEM,97.74,49.31,33.6,20191015_104144_024880_2.txt
1834684,1836493,FEM,19.44,9.55,6.28,20191015_104144_024880_2.txt
1838217,1838394,MAL,9.89,4.81,2.93,20191015_104144_024880_2.txt
1839491,1841010,FEM,15.4,7.28,4.89,20191015_104144_024880_2.txt
1846010,1847488,MAL,17.09,8.42,5.45,20191015_104144_024880_2.txt
1848123,1850686,MAL,25.94,12.73,8.42,20191015_104144_024880_2.txt
1859851,1884492,FEM,213.87,107.76,72.74,20191015_104144_024880_2.txt
1870378,1870511,MAL,12.17,6.09,3.68,20191015_104144_024880_2.txt
1884011,1888807,MAL,41.56,20.58,14.0,20191015_104144_024880_2.txt
1887558,1898756,FEM,101.48,50.42,33.88,20191015_104144_024880_2.txt
1890125,1892067,MAL,21.24,10.25,6.75,20191015_104144_024880_2.txt
1898993,1912478,FEM,131.48,66.59,43.79,20191015_104144_024880_2.txt
1903716,1904457,MAL,10.51,4.85,3.18,20191015_104144_024880_2.txt
1904783,1906371,MAL,19.84,9.65,6.17,20191015_104144_024880_2.txt
1912847,1916492,FEM,33.59,16.81,11.25,20191015_104144_024880_2.txt
1918291,1922992,FEM,47.67,24.38,15.81,20191015_104144_024880_2.txt
1927814,1937213,FEM,84.25,41.84,28.15,20191015_104144_024880_2.txt
1942596,1945492,FEM,28.82,14.31,9.49,20191015_104144_024880_2.txt
1945742,1948992,MAL,31.5,16.01,10.55,20191015_104144_024880_2.txt
1949857,1953588,MAL,34.88,17.32,11.59,20191015_104144_024880_2.txt
1955991,1962825,MAL,65.24,33.08,21.81,20191015_104144_024880_2.txt
1962492,1964993,FEM,23.09,11.39,7.67,20191015_104144_024880_2.txt
1967993,1983511,MAL,135.66,68.34,45.99,20191015_104144_024880_2.txt
1988402,1989011,MAL,11.73,5.76,3.62,20191015_104144_024880_2.txt
1996991,1998537,MAL,15.77,7.69,5.07,20191015_104144_024880_2.txt
1998643,1998744,MAL,10.93,5.39,3.26,20191015_104144_024880_2.txt
1999011,2010537,MAL,107.02,54.15,35.94,20191015_104144_024880_2.txt
2014492,2017501,MAL,31.65,15.94,10.34,20191015_104144_024880_2.txt
2026291,2026774,MAL,8.66,4.08,2.57,20191015_104144_024880_2.txt
2036667,2039516,MAL,30.71,15.68,10.11,20191015_104144_024880_2.txt
2043510,2046510,FEM,26.3,13.04,8.77,20191015_104144_024880_2.txt
2049513,2051283,FEM,17.22,8.52,5.59,20191015_104144_024880_2.txt
2052010,2054934,FEM,25.74,12.79,8.62,20191015_104144_024880_2.txt
2058510,2058701,FEM,10.03,4.87,2.98,20191015_104144_024880_2.txt
2058821,2060492,FEM,17.77,8.9,5.81,20191015_104144_024880_2.txt
2063342,2066012,FEM,22.49,10.77,7.29,20191015_104144_024880_2.txt
2069992,2070556,FEM,9.59,4.57,2.9,20191015_104144_024880_2.txt
2072010,2074492,FEM,23.16,11.45,7.69,20191015_104144_024880_2.txt
2074992,2075130,FEM,9.65,4.65,2.84,20191015_104144_024880_2.txt
2075878,2078890,FEM,23.1,11.3,7.76,20191015_104144_024880_2.txt
2081492,2082209,FEM,9.7,4.48,2.91,20191015_104144_024880_2.txt
2091493,2092011,FEM,10.88,5.2,3.27,20191015_104144_024880_2.txt
2098367,2102510,FEM,41.75,21.1,13.79,20191015_104144_024880_2.txt
2099478,2099692,MAL,9.04,4.33,2.65,20191015_104144_024880_2.txt
2100749,2101022,MAL,10.11,4.91,3.02,20191015_104144_024880_2.txt
2108941,2111216,FEM,24.59,12.11,7.81,20191015_104144_024880_2.txt
2109203,2109309,MAL,7.69,3.6,2.19,20191015_104144_024880_2.txt
2109491,2109597,MAL,9.5,4.61,2.79,20191015_104144_024880_2.txt
2114512,2116993,FEM,22.21,10.55,7.32,20191015_104144_024880_2.txt
2131010,2133010,FEM,21.79,10.86,7.15,20191015_104144_024880_2.txt
2154926,2156916,FEM,22.17,11.11,7.28,20191015_104144_024880_2.txt
2176919,2177238,MAL,11.53,5.65,3.5,20191015_104144_024880_2.txt
2313767,2314518,FEM,11.66,5.55,3.57,20191015_104144_024880_2.txt
2320993,2323016,MAL,23.91,11.92,7.65,20191015_104144_024880_2.txt
2328320,2330419,MAL,17.62,7.97,5.73,20191015_104144_024880_2.txt
2331136,2332511,MAL,11.61,5.01,3.71,20191015_104144_024880_2.txt
2332699,2332942,MAL,11.11,5.43,3.35,20191015_104144_024880_2.txt
2365048,2365492,FEM,7.24,3.21,2.09,20191015_104144_024880_2.txt
2386199,2386557,MAL,7.73,3.55,2.24,20191015_104144_024880_2.txt
2386235,2387485,FEM,13.91,6.67,4.4,20191015_104144_024880_2.txt
2396061,2397021,FEM,9.37,4.17,2.84,20191015_104144_024880_2.txt
2408614,2408739,MAL,10.01,4.87,2.96,20191015_104144_024880_2.txt
2408861,2410677,MAL,17.2,8.02,5.49,20191015_104144_024880_2.txt
2410493,2419511,FEM,72.75,35.98,24.78,20191015_104144_024880_2.txt
2418208,2421490,MAL,29.16,14.13,9.66,20191015_104144_024880_2.txt
2423010,2425278,FEM,22.69,11.18,7.39,20191015_104144_024880_2.txt
2431510,2434990,MAL,25.92,12.3,8.78,20191015_104144_024880_2.txt
2437992,2439492,FEM,12.93,5.88,4.11,20191015_104144_024880_2.txt
2439492,2440896,MAL,14.09,6.54,4.43,20191015_104144_024880_2.txt
2445677,2454493,FEM,57.62,26.67,19.97,20191015_104144_024880_2.txt
2453993,2454992,MAL,10.69,4.88,3.28,20191015_104144_024880_2.txt
2454627,2456522,FEM,15.64,7.2,5.03,20191015_104144_024880_2.txt
2460512,2465090,FEM,31.2,13.94,10.51,20191015_104144_024880_2.txt
2469744,2472142,FEM,19.9,9.5,6.53,20191015_104144_024880_2.txt
2482275,2482385,FEM,13.99,7.08,4.29,20191015_104144_024880_2.txt
2495750,2496025,MAL,8.49,3.98,2.48,20191015_104144_024880_2.txt
2495948,2497229,FEM,14.87,6.94,4.62,20191015_104144_024880_2.txt
2517492,2518302,MAL,12.83,6.28,3.97,20191015_104144_024880_2.txt
2521797,2523511,MAL,20.1,10.06,6.49,20191015_104144_024880_2.txt
2532992,2533297,FEM,10.48,5.03,3.15,20191015_104144_024880_2.txt
2533488,2534492,FEM,12.63,5.95,3.93,20191015_104144_024880_2.txt
2534510,2535830,MAL,13.65,6.38,4.33,20191015_104144_024880_2.txt
2540511,2543493,FEM,27.13,13.69,9.04,20191015_104144_024880_2.txt
2542992,2544534,MAL,16.97,8.21,5.36,20191015_104144_024880_2.txt
2546767,2549109,MAL,23.41,11.52,7.59,20191015_104144_024880_2.txt
2549043,2551986,FEM,30.1,15.01,9.76,20191015_104144_024880_2.txt
2551507,2555012,MAL,33.54,16.89,11.11,20191015_104144_024880_2.txt
2554991,2557492,FEM,24.36,12.14,7.99,20191015_104144_024880_2.txt
2555322,2555487,MAL,8.49,4.03,2.46,20191015_104144_024880_2.txt
2556662,2557918,MAL,14.08,6.78,4.46,20191015_104144_024880_2.txt
2560037,2564511,MAL,40.71,20.75,13.71,20191015_104144_024880_2.txt
2564992,2566332,FEM,14.75,7.06,4.64,20191015_104144_024880_2.txt
2568011,2571992,FEM,35.89,18.17,12.08,20191015_104144_024880_2.txt
2572179,2574705,FEM,24.2,12.1,7.99,20191015_104144_024880_2.txt
2580782,2580890,FEM,9.75,4.71,2.87,20191015_104144_024880_2.txt
2580992,2582492,FEM,15.51,7.31,4.87,20191015_104144_024880_2.txt
2581917,2584490,MAL,24.47,11.86,7.93,20191015_104144_024880_2.txt
2587177,2587368,FEM,8.74,4.15,2.55,20191015_104144_024880_2.txt
2587597,2587737,MAL,9.83,4.77,2.91,20191015_104144_024880_2.txt
2589011,2593242,FEM,40.81,20.44,13.5,20191015_104144_024880_2.txt
2597147,2598401,MAL,13.51,6.32,4.22,20191015_104144_024880_2.txt
2597511,2600064,FEM,26.52,12.81,8.45,20191015_104144_024880_2.txt
2601479,2601584,MAL,8.26,3.92,2.38,20191015_104144_024880_2.txt
2605873,2606052,FEM,7.08,3.25,1.99,20191015_104144_024880_2.txt
2606492,2606907,MAL,9.58,4.53,2.81,20191015_104144_024880_2.txt
2607012,2607154,MAL,9.7,4.71,2.86,20191015_104144_024880_2.txt
2624493,2624900,FEM,6.22,2.64,1.69,20191015_104144_024880_2.txt
2625502,2628992,FEM,30.34,15.16,10.15,20191015_104144_024880_2.txt
2629829,2631319,FEM,16.06,7.63,5.0,20191015_104144_024880_2.txt
2633197,2641106,FEM,71.46,36.05,23.96,20191015_104144_024880_2.txt
2639490,2640027,MAL,11.47,5.54,3.47,20191015_104144_024880_2.txt
2640460,2640649,MAL,8.22,3.87,2.38,20191015_104144_024880_2.txt
2642500,2643663,FEM,11.73,5.42,3.61,20191015_104144_024880_2.txt
2643862,2647031,FEM,26.79,12.79,8.75,20191015_104144_024880_2.txt
2647669,2648492,FEM,11.12,5.14,3.4,20191015_104144_024880_2.txt
2649011,2651708,FEM,28.65,14.31,9.24,20191015_104144_024880_2.txt
2650843,2652181,MAL,14.77,7.17,4.7,20191015_104144_024880_2.txt
2652872,2658431,FEM,53.5,27.13,17.74,20191015_104144_024880_2.txt
2662829,2665011,FEM,23.15,11.24,7.37,20191015_104144_024880_2.txt
2666402,2666512,FEM,10.53,5.16,3.13,20191015_104144_024880_2.txt
2672492,2672991,FEM,5.81,2.39,1.63,20191015_104144_024880_2.txt
2673118,2673314,FEM,2.39,0.6,0.44,20191015_104144_024880_2.txt
2673511,2674787,FEM,8.1,3.07,2.42,20191015_104144_024880_2.txt
2678511,2680139,FEM,12.6,5.8,4.03,20191015_104144_024880_2.txt
2684770,2685529,FEM,7.83,3.41,2.34,20191015_104144_024880_2.txt
2686924,2689011,FEM,14.24,6.33,4.65,20191015_104144_024880_2.txt
2690039,2691492,FEM,11.67,5.15,3.63,20191015_104144_024880_2.txt
2694011,2697037,FEM,24.87,11.84,8.14,20191015_104144_024880_2.txt
2696507,2696861,MAL,7.0,3.14,2.0,20191015_104144_024880_2.txt
2699227,2701492,FEM,22.58,10.99,7.2,20191015_104144_024880_2.txt
2701996,2703992,FEM,15.84,7.48,5.12,20191015_104144_024880_2.txt
2712012,2713624,FEM,19.0,9.28,6.05,20191015_104144_024880_2.txt
2721511,2722615,FEM,9.7,4.24,2.97,20191015_104144_024880_2.txt
2727508,2729671,FEM,18.76,8.71,6.06,20191015_104144_024880_2.txt
2730233,2730829,FEM,11.71,5.6,3.56,20191015_104144_024880_2.txt
2732078,2732188,FEM,10.56,5.19,3.14,20191015_104144_024880_2.txt
2738473,2738816,FEM,7.51,3.39,2.17,20191015_104144_024880_2.txt
2742010,2748510,FEM,53.06,25.93,17.69,20191015_104144_024880_2.txt
2748689,2748940,FEM,5.16,2.08,1.37,20191015_104144_024880_2.txt
2752010,2753816,FEM,15.09,7.02,4.83,20191015_104144_024880_2.txt
2754575,2759261,FEM,43.59,21.7,14.29,20191015_104144_024880_2.txt
2760510,2763423,FEM,25.9,12.71,8.46,20191015_104144_024880_2.txt
2762512,2762760,MAL,5.44,2.31,1.46,20191015_104144_024880_2.txt
2768511,2771160,FEM,26.84,13.06,8.52,20191015_104144_024880_2.txt
2773011,2776097,FEM,28.58,13.81,9.23,20191015_104144_024880_2.txt
2775713,2777033,MAL,15.67,7.5,4.94,20191015_104144_024880_2.txt
2780492,2781184,FEM,9.26,4.2,2.76,20191015_104144_024880_2.txt
2789993,2792874,FEM,22.79,11.0,7.58,20191015_104144_024880_2.txt
2794276,2798441,FEM,33.87,16.1,11.07,20191015_104144_024880_2.txt
2814510,2816702,FEM,19.1,9.17,6.18,20191015_104144_024880_2.txt
2818716,2822511,FEM,35.84,17.36,11.45,20191015_104144_024880_2.txt
2827011,2828511,FEM,15.13,7.31,4.79,20191015_104144_024880_2.txt
2832011,2833010,FEM,7.28,2.91,2.2,20191015_104144_024880_2.txt
2833125,2833321,FEM,5.38,2.27,1.43,20191015_104144_024880_2.txt
2875758,2875859,MAL,10.53,5.18,3.13,20191015_104144_024880_2.txt
2877842,2878267,MAL,11.15,5.39,3.39,20191015_104144_024880_2.txt
2882010,2883991,FEM,17.73,8.26,5.79,20191015_104144_024880_2.txt
2884511,2886173,FEM,12.32,5.35,3.99,20191015_104144_024880_2.txt
2887512,2888992,FEM,14.59,6.85,4.66,20191015_104144_024880_2.txt
2893013,2893145,FEM,8.82,4.19,2.57,20191015_104144_024880_2.txt
2893254,2894317,FEM,9.54,4.08,2.91,20191015_104144_024880_2.txt
2894511,2899493,FEM,40.01,19.43,13.51,20191015_104144_024880_2.txt
2897837,2898039,MAL,12.24,6.06,3.72,20191015_104144_024880_2.txt
2901808,2903590,FEM,20.59,9.98,6.5,20191015_104144_024880_2.txt
2905539,2907910,FEM,22.82,11.01,7.4,20191015_104144_024880_2.txt
2914993,2918046,FEM,23.95,11.5,8.0,20191015_104144_024880_2.txt
2915509,2916820,MAL,12.6,5.79,3.92,20191015_104144_024880_2.txt
2917256,2917428,MAL,7.67,3.55,2.19,20191015_104144_024880_2.txt
2922512,2924512,FEM,21.56,10.44,6.81,20191015_104144_024880_2.txt
2927988,2928990,MAL,11.42,5.39,3.53,20191015_104144_024880_2.txt
2927991,2928485,FEM,8.7,3.99,2.54,20191015_104144_024880_2.txt
2930474,2932497,FEM,16.75,7.72,5.37,20191015_104144_024880_2.txt
2933501,2933805,FEM,9.81,4.71,2.93,20191015_104144_024880_2.txt
2937021,2937721,MAL,11.8,5.71,3.6,20191015_104144_024880_2.txt
2943542,2945690,FEM,21.95,11.13,7.28,20191015_104144_024880_2.txt
2953640,2953753,FEM,11.43,5.67,3.43,20191015_104144_024880_2.txt
2953992,2955992,FEM,22.8,11.5,7.49,20191015_104144_024880_2.txt
2959862,2962511,FEM,27.37,13.89,9.07,20191015_104144_024880_2.txt
2962778,2963416,FEM,13.15,6.46,4.04,20191015_104144_024880_2.txt
2964737,2964938,FEM,10.51,5.14,3.14,20191015_104144_024880_2.txt
2965375,2965515,FEM,9.4,4.54,2.76,20191015_104144_024880_2.txt
2966011,2966409,FEM,9.64,4.63,2.89,20191015_104144_024880_2.txt
2968093,2969011,FEM,12.94,6.28,4.02,20191015_104144_024880_2.txt
2969161,2969309,FEM,10.86,5.35,3.25,20191015_104144_024880_2.txt
2975096,2977011,FEM,21.7,10.97,7.11,20191015_104144_024880_2.txt
2977216,2977375,FEM,12.39,6.2,3.76,20191015_104144_024880_2.txt
2978183,2978492,FEM,9.52,4.58,2.83,20191015_104144_024880_2.txt
2986492,2989524,FEM,30.27,15.45,10.15,20191015_104144_024880_2.txt
2989788,2990011,FEM,11.03,5.38,3.32,20191015_104144_024880_2.txt
2990213,2990483,FEM,12.14,5.99,3.7,20191015_104144_024880_2.txt
2994327,2994535,MAL,10.12,4.93,3.01,20191015_104144_024880_2.txt
3003760,3003991,MAL,11.93,5.92,3.62,20191015_104144_024880_2.txt
3009896,3012777,MAL,27.79,14.08,9.3,20191015_104144_024880_2.txt
3020255,3020591,MAL,9.89,4.78,2.96,20191015_104144_024880_2.txt
3024046,3024270,MAL,9.24,4.44,2.72,20191015_104144_024880_2.txt
3032967,3035993,MAL,30.65,15.57,10.17,20191015_104144_024880_2.txt
3039992,3042930,MAL,29.86,15.28,9.95,20191015_104144_024880_2.txt
3044993,3046081,FEM,17.88,8.96,5.64,20191015_104144_024880_2.txt
3048882,3050514,MAL,19.24,9.68,6.24,20191015_104144_024880_2.txt
3058899,3061744,MAL,27.71,14.07,9.27,20191015_104144_024880_2.txt
3061493,3062262,FEM,12.82,6.28,3.95,20191015_104144_024880_2.txt
3064068,3064510,FEM,12.08,5.98,3.71,20191015_104144_024880_2.txt
3064794,3064986,FEM,10.81,5.32,3.24,20191015_104144_024880_2.txt
3065329,3065435,MAL,12.01,6.0,3.63,20191015_104144_024880_2.txt
3066491,3066628,MAL,10.96,5.41,3.28,20191015_104144_024880_2.txt
3067991,3072336,FEM,41.65,21.43,14.06,20191015_104144_024880_2.txt
3072948,3073370,MAL,11.18,5.48,3.4,20191015_104144_024880_2.txt
3073916,3077485,MAL,36.53,18.61,12.17,20191015_104144_024880_2.txt
3077511,3082511,FEM,45.48,23.5,15.55,20191015_104144_024880_2.txt
3086297,3087991,FEM,17.85,8.54,5.53,20191015_104144_024880_2.txt
3089468,3089615,MAL,5.5,2.35,1.46,20191015_104144_024880_2.txt
3089602,3089924,FEM,4.5,1.71,1.16,20191015_104144_024880_2.txt
3092190,3093069,MAL,10.83,5.06,3.31,20191015_104144_024880_2.txt
3099776,3101993,FEM,17.29,8.19,5.64,20191015_104144_024880_2.txt
3112646,3114371,MAL,17.29,8.68,5.66,20191015_104144_024880_2.txt
3159992,3161798,FEM,19.92,10.02,6.49,20191015_104144_024880_2.txt
3163349,3164124,MAL,12.99,6.41,4.07,20191015_104144_024880_2.txt
3168992,3169512,MAL,12.01,5.92,3.7,20191015_104144_024880_2.txt
3169493,3170112,FEM,12.31,6.07,3.81,20191015_104144_024880_2.txt
3175235,3177888,MAL,25.77,12.96,8.59,20191015_104144_024880_2.txt
3182993,3183838,MAL,13.3,6.57,4.18,20191015_104144_024880_2.txt
3184117,3184274,MAL,10.73,5.27,3.21,20191015_104144_024880_2.txt
3184549,3184735,MAL,10.46,5.12,3.12,20191015_104144_024880_2.txt
3184853,3184968,MAL,10.12,4.95,3.0,20191015_104144_024880_2.txt
3186908,3187360,MAL,11.64,5.72,3.56,20191015_104144_024880_2.txt
3188982,3189149,MAL,11.2,5.53,3.36,20191015_104144_024880_2.txt
3188992,3190114,FEM,17.74,8.69,5.5,20191015_104144_024880_2.txt
3193513,3194011,FEM,11.4,5.55,3.49,20191015_104144_024880_2.txt
3196550,3198511,MAL,21.53,10.46,6.95,20191015_104144_024880_2.txt
3199436,3201508,FEM,22.12,11.11,7.27,20191015_104144_024880_2.txt
3202080,3202991,FEM,13.77,6.67,4.29,20191015_104144_024880_2.txt
3215484,3217511,FEM,21.73,10.57,6.87,20191015_104144_024880_2.txt
3236492,3241178,FEM,41.94,20.48,13.74,20191015_104144_024880_2.txt
3237106,3237511,MAL,6.85,3.02,1.91,20191015_104144_024880_2.txt
3271585,3272079,MAL,11.56,5.66,3.54,20191015_104144_024880_2.txt
3272992,3274990,MAL,22.63,11.29,7.38,20191015_104144_024880_2.txt
3276511,3277196,MAL,12.98,6.4,4.05,20191015_104144_024880_2.txt
3277733,3282512,MAL,44.84,23.21,15.3,20191015_104144_024880_2.txt
3283127,3283988,FEM,14.83,7.29,4.64,20191015_104144_024880_2.txt
3283286,3285031,MAL,21.43,10.69,6.93,20191015_104144_024880_2.txt
3287512,3291511,MAL,38.67,19.33,12.9,20191015_104144_024880_2.txt
3292456,3295782,MAL,31.36,15.61,10.51,20191015_104144_024880_2.txt
3296349,3300787,MAL,41.75,21.25,14.11,20191015_104144_024880_2.txt
3299511,3299646,FEM,12.86,6.44,3.91,20191015_104144_024880_2.txt
3299817,3300973,FEM,18.06,9.1,5.76,20191015_104144_024880_2.txt
3303185,3303312,MAL,14.68,7.48,4.52,20191015_104144_024880_2.txt
3304010,3306511,MAL,25.07,12.3,8.33,20191015_104144_024880_2.txt
3307510,3310510,MAL,29.14,14.56,9.72,20191015_104144_024880_2.txt
3312254,3313388,MAL,15.73,7.76,4.99,20191015_104144_024880_2.txt
3331010,3333492,FEM,24.08,11.78,7.94,20191015_104144_024880_2.txt
3341993,3342519,FEM,4.88,1.9,1.32,20191015_104144_024880_2.txt
3345266,3347443,FEM,15.55,7.05,5.0,20191015_104144_024880_2.txt
3363010,3365086,FEM,17.57,8.24,5.76,20191015_104144_024880_2.txt
3366218,3367109,MAL,12.0,5.9,3.76,20191015_104144_024880_2.txt
3374511,3374705,FEM,13.12,6.59,4.01,20191015_104144_024880_2.txt
3378004,3382714,MAL,38.76,19.0,13.16,20191015_104144_024880_2.txt
3385091,3387055,MAL,20.47,9.99,6.65,20191015_104144_024880_2.txt
3398510,3398658,FEM,8.31,3.94,2.4,20191015_104144_024880_2.txt
3398797,3398959,FEM,10.45,5.13,3.12,20191015_104144_024880_2.txt
3401666,3402489,MAL,12.88,6.17,3.98,20191015_104144_024880_2.txt
3419012,3419626,MAL,11.5,5.54,3.54,20191015_104144_024880_2.txt
3445991,3447069,MAL,16.2,7.92,5.13,20191015_104144_024880_2.txt
3450489,3451493,FEM,15.91,7.89,5.08,20191015_104144_024880_2.txt
3450813,3451012,MAL,13.46,6.73,4.12,20191015_104144_024880_2.txt
3451947,3452993,FEM,17.07,8.37,5.37,20191015_104144_024880_2.txt
3453454,3454996,MAL,20.46,10.34,6.63,20191015_104144_024880_2.txt
3455511,3457354,MAL,20.61,10.01,6.68,20191015_104144_024880_2.txt
3464011,3465511,MAL,19.63,9.63,6.29,20191015_104144_024880_2.txt
3471800,3478420,MAL,52.97,26.34,18.21,20191015_104144_024880_2.txt
3481491,3482512,FEM,13.34,6.17,4.17,20191015_104144_024880_2.txt
3487335,3491201,MAL,36.36,18.27,12.21,20191015_104144_024880_2.txt
3489995,3491011,FEM,16.39,8.04,5.08,20191015_104144_024880_2.txt
3491314,3491516,MAL,13.01,6.43,3.97,20191015_104144_024880_2.txt
3492691,3494011,FEM,17.05,8.38,5.4,20191015_104144_024880_2.txt
3492914,3498488,MAL,47.59,23.72,16.19,20191015_104144_024880_2.txt
3499492,3500493,FEM,15.28,7.39,4.76,20191015_104144_024880_2.txt
3499570,3500463,MAL,14.74,7.14,4.56,20191015_104144_024880_2.txt
3513027,3513754,MAL,13.45,6.72,4.21,20191015_104144_024880_2.txt
3513179,3514785,FEM,20.34,10.3,6.6,20191015_104144_024880_2.txt
3514992,3517165,MAL,23.34,11.8,7.7,20191015_104144_024880_2.txt
3520741,3522493,MAL,21.51,10.77,6.96,20191015_104144_024880_2.txt
3526676,3526927,MAL,11.57,5.7,3.5,20191015_104144_024880_2.txt
3530812,3531511,MAL,12.85,6.29,4.01,20191015_104144_024880_2.txt
3543991,3544583,MAL,9.61,4.36,2.91,20191015_104144_024880_2.txt
3568492,3570492,MAL,19.83,9.57,6.5,20191015_104144_024880_2.txt
3596057,3598490,MAL,23.22,11.23,7.65,20191015_104144_024880_2.txt
3601441,3602531,MAL,15.25,7.47,4.82,20191015_104144_024880_2.txt
3614512,3614790,FEM,10.87,5.35,3.28,20191015_104144_024880_2.txt
3640511,3641014,FEM,5.71,2.19,1.6,20191015_104144_024880_2.txt
3646998,3648709,FEM,20.47,9.9,6.45,20191015_104144_024880_2.txt
3651271,3653993,FEM,24.92,11.88,8.1,20191015_104144_024880_2.txt
3668709,3669705,MAL,15.76,7.75,4.97,20191015_104144_024880_2.txt
3670993,3672490,MAL,13.48,6.29,4.35,20191015_104144_024880_2.txt
3682552,3682700,MAL,11.69,5.79,3.52,20191015_104144_024880_2.txt
3731537,3734046,MAL,26.13,12.96,8.63,20191015_104144_024880_2.txt
3743758,3743874,FEM,13.85,6.99,4.24,20191015_104144_024880_2.txt
3743992,3748773,FEM,41.12,20.6,14.01,20191015_104144_024880_2.txt
3775221,3775412,MAL,13.45,6.77,4.12,20191015_104144_024880_2.txt
3797012,3797582,FEM,11.85,5.81,3.65,20191015_104144_024880_2.txt
3800010,3804511,FEM,40.4,20.54,13.72,20191015_104144_024880_2.txt
3832993,3833256,FEM,9.93,4.82,2.96,20191015_104144_024880_2.txt
3856643,3857539,MAL,13.38,6.43,4.16,20191015_104144_024880_2.txt
3882511,3884990,MAL,23.97,11.59,7.85,20191015_104144_024880_2.txt
3895572,3895677,MAL,7.11,3.27,1.99,20191015_104144_024880_2.txt
3895844,3897302,MAL,15.04,7.23,4.81,20191015_104144_024880_2.txt
3898952,3899571,MAL,8.1,3.73,2.41,20191015_104144_024880_2.txt
3899882,3901205,MAL,15.45,7.5,4.87,20191015_104144_024880_2.txt
3906692,3907401,FEM,7.56,3.19,2.24,20191015_104144_024880_2.txt
3916202,3917910,MAL,19.0,9.29,6.12,20191015_104144_024880_2.txt
3944788,3945055,FEM,7.55,3.46,2.17,20191015_104144_024880_2.txt
3948247,3948689,FEM,9.8,4.69,2.95,20191015_104144_024880_2.txt
3951992,3960775,FEM,66.36,33.09,23.14,20191015_104144_024880_2.txt
3960753,3962989,MAL,23.51,11.76,7.76,20191015_104144_024880_2.txt
3962493,3963511,FEM,14.45,7.1,4.59,20191015_104144_024880_2.txt
3966719,3969972,MAL,28.97,14.19,9.7,20191015_104144_024880_2.txt
3972599,3974010,MAL,16.37,7.8,5.19,20191015_104144_024880_2.txt
3974250,3974503,MAL,11.28,5.52,3.41,20191015_104144_024880_2.txt
3976172,3979927,MAL,31.92,15.51,10.77,20191015_104144_024880_2.txt
3981629,3982208,MAL,12.0,5.76,3.7,20191015_104144_024880_2.txt
3986511,3993458,MAL,48.51,23.2,16.88,20191015_104144_024880_2.txt
3993040,3993214,FEM,12.83,6.41,3.91,20191015_104144_024880_2.txt
3993891,3993992,FEM,10.95,5.41,3.27,20191015_104144_024880_2.txt
3994041,3996410,MAL,23.87,11.53,7.85,20191015_104144_024880_2.txt
3999090,3999868,MAL,13.8,6.68,4.28,20191015_104144_024880_2.txt
3999524,3999872,FEM,12.04,5.92,3.68,20191015_104144_024880_2.txt
3999993,4002492,FEM,23.68,11.4,7.81,20191015_104144_024880_2.txt
4010891,4012028,FEM,14.05,6.74,4.43,20191015_104144_024880_2.txt
4012585,4014909,MAL,23.42,11.61,7.7,20191015_104144_024880_2.txt
4013540,4013781,FEM,10.53,5.15,3.16,20191015_104144_024880_2.txt
4013942,4014531,FEM,11.05,5.32,3.39,20191015_104144_024880_2.txt
4015891,4016156,MAL,11.53,5.7,3.49,20191015_104144_024880_2.txt
4016287,4017490,MAL,17.58,8.68,5.56,20191015_104144_024880_2.txt
4020509,4022278,MAL,19.5,9.43,6.24,20191015_104144_024880_2.txt
4022609,4023277,MAL,13.01,6.3,4.05,20191015_104144_024880_2.txt
4029548,4035493,FEM,58.63,29.92,19.62,20191015_104144_024880_2.txt
4037492,4039512,FEM,25.74,12.74,8.21,20191015_104144_024880_2.txt
4038901,4039011,MAL,12.73,6.39,3.86,20191015_104144_024880_2.txt
4039551,4044882,MAL,50.76,25.65,16.99,20191015_104144_024880_2.txt
4039617,4039992,FEM,12.74,6.34,3.92,20191015_104144_024880_2.txt
4044492,4045516,FEM,16.49,8.14,5.22,20191015_104144_024880_2.txt
4053348,4054011,MAL,8.63,4.02,2.6,20191015_104144_024880_2.txt
4053554,4054020,FEM,7.47,3.41,2.17,20191015_104144_024880_2.txt
4062511,4064492,MAL,15.62,7.06,5.09,20191015_104144_024880_2.txt
4064992,4070993,FEM,47.79,23.59,16.38,20191015_104144_024880_2.txt
4074125,4074300,MAL,12.85,6.45,3.92,20191015_104144_024880_2.txt
4080529,4081511,FEM,12.88,6.17,4.06,20191015_104144_024880_2.txt
4081450,4083649,MAL,22.54,11.19,7.49,20191015_104144_024880_2.txt
4083510,4086510,FEM,27.73,13.78,9.3,20191015_104144_024880_2.txt
4088264,4089472,MAL,17.07,8.25,5.34,20191015_104144_024880_2.txt
4089157,4089511,FEM,11.68,5.67,3.56,20191015_104144_024880_2.txt
4092272,4096472,MAL,38.67,19.36,13.04,20191015_104144_024880_2.txt
4143012,4143476,FEM,7.49,3.41,2.18,20191015_104144_024880_2.txt
4145013,4145138,FEM,11.79,5.86,3.56,20191015_104144_024880_2.txt
4155567,4155844,MAL,9.06,4.22,2.67,20191015_104144_024880_2.txt
4155950,4158056,MAL,18.37,8.53,6.03,20191015_104144_024880_2.txt
4161011,4162511,FEM,12.33,5.36,3.97,20191015_104144_024880_2.txt
4221045,4221151,FEM,12.28,6.14,3.72,20191015_104144_024880_2.txt
4222295,4222514,MAL,10.58,5.14,3.17,20191015_104144_024880_2.txt
4224710,4226840,MAL,18.99,8.72,6.13,20191015_104144_024880_2.txt
4226993,4233522,MAL,48.97,23.18,16.6,20191015_104144_024880_2.txt
4235115,4237010,FEM,19.1,9.07,6.13,20191015_104144_024880_2.txt
4237358,4237483,FEM,10.87,5.35,3.25,20191015_104144_024880_2.txt
4237459,4239010,MAL,15.91,7.74,5.06,20191015_104144_024880_2.txt
4240991,4241511,MAL,10.63,5.07,3.24,20191015_104144_024880_2.txt
4243011,4243305,FEM,10.46,5.09,3.14,20191015_104144_024880_2.txt
4243445,4244918,FEM,18.15,8.88,5.8,20191015_104144_024880_2.txt
4245610,4245713,FEM,10.69,5.27,3.19,20191015_104144_024880_2.txt
4250510,4255490,MAL,43.16,21.28,14.51,20191015_104144_024880_2.txt
4255980,4257509,FEM,14.3,6.53,4.52,20191015_104144_024880_2.txt
4258992,4262723,FEM,36.84,18.11,12.04,20191015_104144_024880_2.txt
4264788,4271511,MAL,59.22,29.81,20.05,20191015_104144_024880_2.txt
4272267,4277492,FEM,44.37,22.02,15.01,20191015_104144_024880_2.txt
4279993,4280467,MAL,11.7,5.69,3.53,20191015_104144_024880_2.txt
4280511,4280794,FEM,8.73,4.14,2.56,20191015_104144_024880_2.txt
4283012,4283213,FEM,12.88,6.44,3.93,20191015_104144_024880_2.txt
4289993,4291486,FEM,14.14,6.61,4.52,20191015_104144_024880_2.txt
4292045,4305656,MAL,104.89,52.03,36.26,20191015_104144_024880_2.txt
4305089,4305855,FEM,11.96,5.74,3.72,20191015_104144_024880_2.txt
4306993,4314492,MAL,60.07,29.34,20.41,20191015_104144_024880_2.txt
4307180,4307489,FEM,10.39,5.05,3.12,20191015_104144_024880_2.txt
4320027,4328005,MAL,81.81,41.44,26.99,20191015_104144_024880_2.txt
4326296,4326760,FEM,10.98,5.28,3.29,20191015_104144_024880_2.txt
4330042,4331991,FEM,22.87,11.13,7.29,20191015_104144_024880_2.txt
4330511,4330859,MAL,10.52,5.07,3.17,20191015_104144_024880_2.txt
4330996,4331877,MAL,14.25,6.87,4.4,20191015_104144_024880_2.txt
4331991,4334001,MAL,23.55,11.61,7.53,20191015_104144_024880_2.txt
4344992,4346016,FEM,12.54,6.01,3.9,20191015_104144_024880_2.txt
4357837,4358267,FEM,10.44,5.03,3.16,20191015_104144_024880_2.txt
4370706,4371162,MAL,10.76,5.14,3.27,20191015_104144_024880_2.txt
4371374,4371533,MAL,11.75,5.83,3.55,20191015_104144_024880_2.txt
4376300,4379241,MAL,28.59,14.2,9.52,20191015_104144_024880_2.txt
4406118,4406315,MAL,11.56,5.69,3.49,20191015_104144_024880_2.txt
4423012,4425849,FEM,25.18,12.14,8.32,20191015_104144_024880_2.txt
4425524,4426511,MAL,13.75,6.59,4.3,20191015_104144_024880_2.txt
4427377,4431609,MAL,37.88,18.27,12.47,20191015_104144_024880_2.txt
4429600,4430503,FEM,11.7,5.42,3.6,20191015_104144_024880_2.txt
4499511,4501231,FEM,17.86,8.52,5.79,20191015_104144_024880_2.txt
4519517,4520011,MAL,8.78,3.92,2.62,20191015_104144_024880_2.txt
4621511,4622213,MAL,14.43,7.08,4.48,20191015_104144_024880_2.txt
4623360,4623488,MAL,13.66,6.89,4.18,20191015_104144_024880_2.txt
4740512,4741816,FEM,11.73,5.37,3.73,20191015_104144_024880_2.txt
4920510,4921364,FEM,10.38,4.93,3.21,20191015_104144_024880_2.txt
4921489,4922041,FEM,11.09,5.35,3.39,20191015_104144_024880_2.txt
4927011,4927966,FEM,11.98,5.73,3.71,20191015_104144_024880_2.txt
4931012,4933511,FEM,20.18,9.53,6.65,20191015_104144_024880_2.txt
4932510,4933511,MAL,12.67,6.0,3.95,20191015_104144_024880_2.txt
4940992,4947232,FEM,38.56,17.38,13.24,20191015_104144_024880_2.txt
4946000,4947237,MAL,9.98,4.14,3.09,20191015_104144_024880_2.txt
4947510,4949511,FEM,15.46,6.96,5.04,20191015_104144_024880_2.txt
4951756,4955011,FEM,21.04,9.44,7.06,20191015_104144_024880_2.txt
4957526,4957788,FEM,10.03,4.82,2.99,20191015_104144_024880_2.txt
4960492,4962900,FEM,17.32,7.63,5.63,20191015_104144_024880_2.txt
4963391,4965561,FEM,17.23,8.08,5.61,20191015_104144_024880_2.txt
4970992,4972571,FEM,16.19,7.6,5.16,20191015_104144_024880_2.txt
4976206,4976883,MAL,12.15,5.81,3.77,20191015_104144_024880_2.txt
4976988,4977493,FEM,10.16,4.8,3.08,20191015_104144_024880_2.txt
4977227,4977333,MAL,11.31,5.6,3.39,20191015_104144_024880_2.txt
4994096,4996845,FEM,24.26,11.29,7.78,20191015_104144_024880_2.txt
5001492,5002511,FEM,10.19,4.66,3.12,20191015_104144_024880_2.txt
5003512,5004634,FEM,9.04,3.97,2.76,20191015_104144_024880_2.txt
5011124,5012798,FEM,13.94,6.41,4.38,20191015_104144_024880_2.txt
5025512,5030865,FEM,32.55,14.18,11.09,20191015_104144_024880_2.txt
5033409,5035491,FEM,16.97,7.83,5.46,20191015_104144_024880_2.txt
5039477,5042010,FEM,16.49,7.22,5.42,20191015_104144_024880_2.txt
5047464,5049001,MAL,14.21,6.48,4.55,20191015_104144_024880_2.txt
5053546,5053666,FEM,9.36,4.51,2.75,20191015_104144_024880_2.txt
5054511,5058144,FEM,26.38,11.83,8.74,20191015_104144_024880_2.txt
5067878,5071710,FEM,27.8,13.36,9.46,20191015_104144_024880_2.txt
5072662,5074206,FEM,16.15,7.63,5.14,20191015_104144_024880_2.txt
5082818,5085462,FEM,20.63,9.66,6.77,20191015_104144_024880_2.txt
5089883,5090992,FEM,11.51,5.17,3.52,20191015_104144_024880_2.txt
5093992,5095869,FEM,12.95,5.52,4.13,20191015_104144_024880_2.txt
5099770,5102549,FEM,24.19,11.35,7.77,20191015_104144_024880_2.txt
5105248,5105876,FEM,6.88,2.91,2.0,20191015_104144_024880_2.txt
5106836,5107521,MAL,7.8,3.37,2.32,20191015_104144_024880_2.txt
5106993,5107680,FEM,7.16,2.93,2.11,20191015_104144_024880_2.txt
5108138,5110492,FEM,16.19,7.32,5.34,20191015_104144_024880_2.txt
5111512,5118527,FEM,48.66,23.71,16.89,20191015_104144_024880_2.txt
5123944,5124732,FEM,9.49,4.45,2.9,20191015_104144_024880_2.txt
5127266,5129143,FEM,18.77,8.91,6.02,20191015_104144_024880_2.txt
5129482,5134627,FEM,41.68,20.05,13.94,20191015_104144_024880_2.txt
5146011,5146436,FEM,8.22,3.79,2.42,20191015_104144_024880_2.txt
5153585,5158011,FEM,32.32,14.74,10.8,20191015_104144_024880_2.txt
5208003,5211113,FEM,27.05,13.51,8.98,20191015_104144_024880_2.txt
5216233,5216493,MAL,7.88,3.66,2.28,20191015_104144_024880_2.txt
5230484,5230992,FEM,10.53,5.01,3.2,20191015_104144_024880_2.txt
5237558,5238030,FEM,11.42,5.57,3.49,20191015_104144_024880_2.txt
5252469,5253470,FEM,13.46,6.57,4.21,20191015_104144_024880_2.txt
5268061,5268993,FEM,9.9,4.38,2.96,20191015_104144_024880_2.txt
5291607,5292631,FEM,11.94,5.53,3.71,20191015_104144_024880_2.txt
5314805,5315364,FEM,6.28,2.6,1.8,20191015_104144_024880_2.txt
5315011,5315156,MAL,5.75,2.49,1.55,20191015_104144_024880_2.txt
5318511,5324993,FEM,50.37,24.11,16.9,20191015_104144_024880_2.txt
5342414,5343359,FEM,13.46,6.39,4.2,20191015_104144_024880_2.txt
5344993,5347344,FEM,19.52,9.07,6.4,20191015_104144_024880_2.txt
5354999,5360777,FEM,48.67,23.99,16.37,20191015_104144_024880_2.txt
5360885,5361585,FEM,8.49,3.66,2.55,20191015_104144_024880_2.txt
5362991,5363647,FEM,7.73,3.32,2.29,20191015_104144_024880_2.txt
5366491,5366876,FEM,7.53,3.36,2.18,20191015_104144_024880_2.txt
5367011,5369542,FEM,22.55,10.65,7.28,20191015_104144_024880_2.txt
5375633,5378773,FEM,25.56,12.16,8.44,20191015_104144_024880_2.txt
5400295,5401491,FEM,15.93,7.65,5.01,20191015_104144_024880_2.txt
5410241,5411491,FEM,16.1,7.7,5.13,20191015_104144_024880_2.txt
5413993,5414418,FEM,9.71,4.64,2.91,20191015_104144_024880_2.txt
5415058,5416199,FEM,14.83,7.08,4.63,20191015_104144_024880_2.txt
5417344,5417957,MAL,12.18,5.84,3.72,20191015_104144_024880_2.txt
5425010,5425798,MAL,9.85,4.39,2.97,20191015_104144_024880_2.txt
5425996,5426360,FEM,5.12,2.03,1.38,20191015_104144_024880_2.txt
5428654,5429505,MAL,11.86,5.56,3.65,20191015_104144_024880_2.txt
5429492,5430132,FEM,8.8,4.03,2.59,20191015_104144_024880_2.txt
5435011,5437512,FEM,22.98,10.93,7.47,20191015_104144_024880_2.txt
5465991,5468220,FEM,18.07,8.43,5.84,20191015_104144_024880_2.txt
5474262,5475511,FEM,11.64,5.32,3.64,20191015_104144_024880_2.txt
5481106,5482012,FEM,13.37,6.29,4.16,20191015_104144_024880_2.txt
5485492,5486010,FEM,9.18,4.21,2.75,20191015_104144_024880_2.txt
5494730,5497992,FEM,21.84,9.49,7.27,20191015_104144_024880_2.txt
5498511,5499510,FEM,10.02,4.21,3.06,20191015_104144_024880_2.txt
5504647,5506491,FEM,17.43,8.48,5.67,20191015_104144_024880_2.txt
5506807,5509963,FEM,26.9,13.15,9.0,20191015_104144_024880_2.txt
5517492,5518062,FEM,8.83,4.09,2.65,20191015_104144_024880_2.txt
5528068,5529332,FEM,14.08,6.71,4.46,20191015_104144_024880_2.txt
5592491,5594089,FEM,13.35,6.1,4.22,20191015_104144_024880_2.txt
5593902,5594133,MAL,8.35,3.88,2.43,20191015_104144_024880_2.txt
5596828,5598040,FEM,9.77,4.15,3.01,20191015_104144_024880_2.txt
5599331,5602011,FEM,19.52,8.85,6.4,20191015_104144_024880_2.txt
5603894,5604458,FEM,5.69,2.19,1.6,20191015_104144_024880_2.txt
5605953,5607327,FEM,8.02,2.81,2.46,20191015_104144_024880_2.txt
5608492,5611511,FEM,19.38,8.6,6.47,20191015_104144_024880_2.txt
5612357,5614279,FEM,15.73,7.07,5.01,20191015_104144_024880_2.txt
5618084,5621334,FEM,27.35,13.12,8.95,20191015_104144_024880_2.txt
5623992,5627510,FEM,23.63,10.8,7.97,20191015_104144_024880_2.txt
5770570,5773013,FEM,22.92,11.2,7.55,20191015_104144_024880_2.txt
5776890,5778333,FEM,14.58,6.87,4.65,20191015_104144_024880_2.txt
5857993,5858192,FEM,7.24,3.31,2.05,20191015_104144_024880_2.txt
5858387,5858492,FEM,9.39,4.53,2.75,20191015_104144_024880_2.txt
5860492,5861931,FEM,14.21,6.67,4.53,20191015_104144_024880_2.txt
5863992,5864512,FEM,11.18,5.39,3.42,20191015_104144_024880_2.txt
5881575,5886143,FEM,43.01,21.45,14.28,20191015_104144_024880_2.txt
5886493,5888493,FEM,20.05,9.64,6.52,20191015_104144_024880_2.txt
5897878,5898107,MAL,8.72,4.11,2.55,20191015_104144_024880_2.txt
5901348,5902139,FEM,11.38,5.36,3.43,20191015_104144_024880_2.txt
5902146,5903403,MAL,11.45,5.24,3.63,20191015_104144_024880_2.txt
5910511,5912686,FEM,22.71,11.22,7.43,20191015_104144_024880_2.txt
5921372,5922514,FEM,12.24,5.51,3.83,20191015_104144_024880_2.txt
5924991,5926613,FEM,15.78,7.33,5.03,20191015_104144_024880_2.txt
5928512,5929179,FEM,11.16,5.2,3.44,20191015_104144_024880_2.txt
5934992,5937511,FEM,20.73,9.79,6.78,20191015_104144_024880_2.txt
5954492,5956048,FEM,15.6,7.27,4.96,20191015_104144_024880_2.txt
5988549,5989356,FEM,8.15,3.66,2.46,20191015_104144_024880_2.txt
6072362,6075803,FEM,27.71,13.57,9.37,20191015_104144_024880_2.txt
6115831,6118011,FEM,19.55,9.36,6.38,20191015_104144_024880_2.txt
6124150,6124305,MAL,9.51,4.6,2.8,20191015_104144_024880_2.txt
6124493,6125511,MAL,14.6,6.99,4.49,20191015_104144_024880_2.txt
6138271,6140991,FEM,28.28,13.89,9.17,20191015_104144_024880_2.txt
6147247,6148221,FEM,15.19,7.36,4.73,20191015_104144_024880_2.txt
6147725,6148511,MAL,15.02,7.33,4.64,20191015_104144_024880_2.txt
6173413,6174053,FEM,10.66,4.88,3.27,20191015_104144_024880_2.txt
6174655,6175505,FEM,12.02,5.57,3.76,20191015_104144_024880_2.txt
6176311,6176993,FEM,13.18,6.34,4.11,20191015_104144_024880_2.txt
6210685,6210812,MAL,5.67,2.46,1.52,20191015_104144_024880_2.txt
6232262,6234294,FEM,14.94,6.69,4.93,20191015_104144_024880_2.txt
6236141,6237992,FEM,15.56,7.24,4.95,20191015_104144_024880_2.txt
6238139,6238301,FEM,6.99,3.2,1.96,20191015_104144_024880_2.txt
6276241,6276383,MAL,8.9,4.26,2.59,20191015_104144_024880_2.txt
6276545,6276731,MAL,8.81,4.19,2.57,20191015_104144_024880_2.txt
6291127,6291238,FEM,11.93,5.93,3.6,20191015_104144_024880_2.txt
6298162,6298309,MAL,12.49,6.22,3.79,20191015_104144_024880_2.txt
6313133,6313281,MAL,9.71,4.71,2.87,20191015_104144_024880_2.txt
6317391,6318918,MAL,14.88,7.19,4.82,20191015_104144_024880_2.txt
6389712,6391011,MAL,14.72,6.96,4.68,20191015_104144_024880_2.txt
6405554,6406052,MAL,11.1,5.32,3.39,20191015_104144_024880_2.txt
6410244,6410350,MAL,8.21,3.87,2.36,20191015_104144_024880_2.txt
6465012,6466136,FEM,12.5,5.85,3.86,20191015_104144_024880_2.txt
6472992,6479060,FEM,48.35,23.6,16.37,20191015_104144_024880_2.txt
6479830,6481070,FEM,13.45,6.27,4.24,20191015_104144_024880_2.txt
6484011,6484483,FEM,10.66,5.09,3.18,20191015_104144_024880_2.txt
6524498,6526962,FEM,19.29,9.22,6.4,20191015_104144_024880_2.txt
6531492,6533991,FEM,21.55,10.24,7.05,20191015_104144_024880_2.txt
6535011,6536832,FEM,16.33,7.66,5.3,20191015_104144_024880_2.txt
6537512,6539426,FEM,18.54,8.9,6.0,20191015_104144_024880_2.txt
6543992,6546992,FEM,22.26,10.01,7.37,20191015_104144_024880_2.txt
6560055,6561964,FEM,13.17,5.62,4.21,20191015_104144_024880_2.txt
6562492,6562961,FEM,10.13,4.78,3.06,20191015_104144_024880_2.txt
6565011,6566331,FEM,14.67,6.82,4.66,20191015_104144_024880_2.txt
6590492,6591894,FEM,12.53,5.79,3.97,20191015_104144_024880_2.txt
6592089,6592570,FEM,10.39,5.04,3.15,20191015_104144_024880_2.txt
6593010,6594262,FEM,13.78,6.65,4.41,20191015_104144_024880_2.txt
6660917,6662512,FEM,15.74,7.42,4.96,20191015_104144_024880_2.txt
6925483,6925584,FEM,6.61,3.0,1.83,20191015_104144_024880_2.txt
7050034,7050211,FEM,3.13,0.93,0.68,20191015_104144_024880_2.txt
7133037,7133511,FEM,6.23,2.72,1.76,20191015_104144_024880_2.txt
7173294,7173993,FEM,7.93,3.54,2.37,20191015_104144_024880_2.txt
7183011,7183435,FEM,5.71,2.41,1.58,20191015_104144_024880_2.txt
7349739,7349840,MAL,7.58,3.54,2.15,20191015_104144_024880_2.txt
7466005,7466459,MAL,8.08,3.74,2.38,20191015_104144_024880_2.txt
7539564,7539800,FEM,12.71,6.36,3.88,20191015_104144_024880_2.txt
7545596,7549492,FEM,29.47,14.08,9.92,20191015_104144_024880_2.txt
7552715,7556429,FEM,30.33,14.75,10.18,20191015_104144_024880_2.txt
7557162,7558007,FEM,13.69,6.71,4.31,20191015_104144_024880_2.txt
7560230,7563713,FEM,30.52,15.15,10.2,20191015_104144_024880_2.txt
7571492,7572064,FEM,9.14,4.22,2.75,20191015_104144_024880_2.txt
7583993,7587792,FEM,33.55,16.18,11.06,20191015_104144_024880_2.txt
7589012,7589253,FEM,9.56,4.56,2.83,20191015_104144_024880_2.txt
7593492,7597874,FEM,35.0,16.48,11.58,20191015_104144_024880_2.txt
7598067,7599778,FEM,13.96,6.4,4.49,20191015_104144_024880_2.txt
7599992,7602712,FEM,24.57,11.8,8.09,20191015_104144_024880_2.txt
7603477,7604883,FEM,13.29,6.09,4.22,20191015_104144_024880_2.txt
7605328,7606175,FEM,11.16,5.19,3.41,20191015_104144_024880_2.txt
7607156,7608933,FEM,16.9,7.79,5.32,20191015_104144_024880_2.txt
7610011,7610718,FEM,9.55,4.35,2.86,20191015_104144_024880_2.txt
7612512,7613295,FEM,8.25,3.69,2.49,20191015_104144_024880_2.txt
7617446,7618065,FEM,10.85,5.07,3.27,20191015_104144_024880_2.txt
7618735,7618877,FEM,8.34,3.94,2.41,20191015_104144_024880_2.txt
7622713,7626992,FEM,35.51,17.22,11.79,20191015_104144_024880_2.txt
7629329,7630284,FEM,11.8,5.47,3.65,20191015_104144_024880_2.txt
7632510,7634992,FEM,19.88,9.51,6.6,20191015_104144_024880_2.txt
7636493,7638992,FEM,23.91,11.33,7.68,20191015_104144_024880_2.txt
7643013,7645011,FEM,18.94,8.62,5.99,20191015_104144_024880_2.txt
7645958,7655492,FEM,76.23,38.42,26.29,20191015_104144_024880_2.txt
7662998,7664264,FEM,15.14,7.28,4.76,20191015_104144_024880_2.txt
7678010,7680011,FEM,21.24,10.12,6.7,20191015_104144_024880_2.txt
7681962,7683992,FEM,15.61,7.0,5.1,20191015_104144_024880_2.txt
7707886,7710993,FEM,22.66,10.65,7.57,20191015_104144_024880_2.txt
7715917,7716254,FEM,6.55,2.94,1.85,20191015_104144_024880_2.txt
7723492,7725993,FEM,20.17,9.56,6.64,20191015_104144_024880_2.txt
7729783,7730507,FEM,10.11,4.65,3.04,20191015_104144_024880_2.txt
7731492,7732621,FEM,12.78,6.05,4.0,20191015_104144_024880_2.txt
7733456,7734960,FEM,16.32,7.83,5.14,20191015_104144_024880_2.txt
7934011,7938010,FEM,30.84,15.18,10.5,20191015_104144_024880_2.txt
7940442,7946586,FEM,47.83,24.01,16.42,20191015_104144_024880_2.txt
7947059,7948168,FEM,12.11,5.69,3.72,20191015_104144_024880_2.txt
7950545,7951801,FEM,13.83,6.6,4.32,20191015_104144_024880_2.txt
7958631,7960335,FEM,15.28,7.25,4.93,20191015_104144_024880_2.txt
8038492,8040863,FEM,19.03,9.18,6.24,20191015_104144_024880_2.txt
8050894,8052198,FEM,12.69,5.99,4.0,20191015_104144_024880_2.txt
8053012,8055511,FEM,20.66,10.04,6.86,20191015_104144_024880_2.txt
8056510,8057511,FEM,9.92,4.45,3.03,20191015_104144_024880_2.txt
8251991,8253491,FEM,14.04,6.7,4.49,20191015_104144_024880_2.txt
8255881,8257511,FEM,14.55,6.78,4.62,20191015_104144_024880_2.txt
8258060,8258597,FEM,6.88,2.95,1.99,20191015_104144_024880_2.txt
8259344,8265996,FEM,53.7,27.35,18.46,20191015_104144_024880_2.txt
8268203,8269781,FEM,13.01,6.02,4.16,20191015_104144_024880_2.txt
8270031,8272306,FEM,18.31,8.8,6.04,20191015_104144_024880_2.txt
8276799,8282116,FEM,44.96,22.03,14.95,20191015_104144_024880_2.txt
8287043,8288204,FEM,12.85,6.14,4.03,20191015_104144_024880_2.txt
8319846,8324865,FEM,37.69,18.79,13.01,20191015_104144_024880_2.txt
8324993,8327992,FEM,23.18,11.07,7.73,20191015_104144_024880_2.txt
8330992,8332992,FEM,17.69,8.5,5.78,20191015_104144_024880_2.txt
8333658,8338515,FEM,37.5,18.72,12.87,20191015_104144_024880_2.txt
8340109,8341010,FEM,9.71,4.28,2.94,20191015_104144_024880_2.txt
8377202,8378154,FEM,7.78,3.32,2.36,20191015_104144_024880_2.txt
8394440,8395993,FEM,12.19,5.36,3.82,20191015_104144_024880_2.txt
8402518,8402958,FEM,6.8,2.98,1.95,20191015_104144_024880_2.txt
8495511,8497058,FEM,13.37,6.3,4.27,20191015_104144_024880_2.txt
8497187,8498993,FEM,15.57,7.46,5.05,20191015_104144_024880_2.txt
8501885,8506306,FEM,36.12,18.27,12.33,20191015_104144_024880_2.txt
8503248,8503472,MAL,7.67,3.54,2.2,20191015_104144_024880_2.txt
8509492,8513724,FEM,33.83,16.09,11.17,20191015_104144_024880_2.txt
8515231,8518992,FEM,27.92,13.37,9.44,20191015_104144_024880_2.txt
8516030,8516489,MAL,9.16,4.29,2.74,20191015_104144_024880_2.txt
8522477,8525010,FEM,18.37,8.57,6.1,20191015_104144_024880_2.txt
8531826,8536786,FEM,44.74,21.92,14.61,20191015_104144_024880_2.txt
8537992,8540631,FEM,17.77,8.31,5.92,20191015_104144_024880_2.txt
8541011,8542334,FEM,9.58,4.25,2.97,20191015_104144_024880_2.txt
8543320,8544602,FEM,10.41,4.77,3.29,20191015_104144_024880_2.txt
8551992,8556540,FEM,29.88,13.39,10.06,20191015_104144_024880_2.txt
8564969,8565656,FEM,11.29,5.37,3.49,20191015_104144_024880_2.txt
8585251,8585717,FEM,9.58,4.53,2.88,20191015_104144_024880_2.txt
8608484,8609117,FEM,11.98,5.85,3.71,20191015_104144_024880_2.txt
8614991,8616807,FEM,20.97,10.35,6.74,20191015_104144_024880_2.txt
8617101,8619247,FEM,24.33,12.21,7.86,20191015_104144_024880_2.txt
8617274,8617617,MAL,9.16,4.37,2.72,20191015_104144_024880_2.txt
8622138,8623697,FEM,20.23,9.97,6.4,20191015_104144_024880_2.txt
8624975,8626492,FEM,18.01,8.93,5.71,20191015_104144_024880_2.txt
8627492,8628327,FEM,11.1,5.32,3.45,20191015_104144_024880_2.txt
8629472,8632992,FEM,34.39,17.35,11.4,20191015_104144_024880_2.txt
8632599,8633829,MAL,14.1,6.7,4.46,20191015_104144_024880_2.txt
8635012,8643078,FEM,77.58,39.63,25.97,20191015_104144_024880_2.txt
8643341,8644272,FEM,9.81,4.5,3.03,20191015_104144_024880_2.txt
8644376,8646492,FEM,21.53,10.57,6.92,20191015_104144_024880_2.txt
8648056,8649904,FEM,23.8,11.74,7.48,20191015_104144_024880_2.txt
8650135,8653011,FEM,27.74,13.38,9.02,20191015_104144_024880_2.txt
8657378,8659668,FEM,25.38,12.46,8.13,20191015_104144_024880_2.txt
8661301,8661991,FEM,11.04,5.35,3.4,20191015_104144_024880_2.txt
8662422,8664511,FEM,19.72,9.78,6.48,20191015_104144_024880_2.txt
8664619,8665026,MAL,11.44,5.63,3.49,20191015_104144_024880_2.txt
8664656,8666345,FEM,18.96,9.56,6.16,20191015_104144_024880_2.txt
8666900,8672492,FEM,58.09,30.08,19.38,20191015_104144_024880_2.txt
8672938,8673491,FEM,10.69,5.21,3.26,20191015_104144_024880_2.txt
8673991,8674992,FEM,14.61,7.27,4.59,20191015_104144_024880_2.txt
8675993,8679700,FEM,44.42,22.36,14.24,20191015_104144_024880_2.txt
8681322,8689792,FEM,83.1,43.69,28.25,20191015_104144_024880_2.txt
8689955,8690493,FEM,14.0,7.02,4.36,20191015_104144_024880_2.txt
8691992,8693492,FEM,21.8,11.09,6.96,20191015_104144_024880_2.txt
8695262,8696011,FEM,15.65,7.89,4.95,20191015_104144_024880_2.txt
8698804,8699953,MAL,16.31,7.99,5.13,20191015_104144_024880_2.txt
8698988,8700026,FEM,14.74,7.2,4.64,20191015_104144_024880_2.txt
8701050,8701492,FEM,11.19,5.49,3.41,20191015_104144_024880_2.txt
8701108,8701211,MAL,11.48,5.71,3.45,20191015_104144_024880_2.txt
8704587,8707363,FEM,31.18,15.83,10.2,20191015_104144_024880_2.txt
8707586,8708011,FEM,11.55,5.66,3.53,20191015_104144_024880_2.txt
8775810,8778007,FEM,27.29,13.67,8.75,20191015_104144_024880_2.txt
8781326,8785010,FEM,39.3,19.59,12.69,20191015_104144_024880_2.txt
8792012,8792677,FEM,13.24,6.53,4.13,20191015_104144_024880_2.txt
8793993,8795512,FEM,18.78,9.25,6.02,20191015_104144_024880_2.txt
8854161,8859011,FEM,40.29,20.39,13.74,20191015_104144_024880_2.txt
8865011,8866493,FEM,16.87,8.08,5.37,20191015_104144_024880_2.txt
8871463,8873512,FEM,17.35,8.12,5.68,20191015_104144_024880_2.txt
8927639,8928498,FEM,12.66,6.02,3.86,20191015_104144_024880_2.txt
8941492,8941991,FEM,9.7,4.61,2.92,20191015_104144_024880_2.txt
8961160,8963492,FEM,22.38,11.07,7.4,20191015_104144_024880_2.txt
8967400,8969010,FEM,17.07,8.18,5.46,20191015_104144_024880_2.txt
8978511,8981246,FEM,20.21,9.33,6.7,20191015_104144_024880_2.txt
8982671,8984041,FEM,13.63,6.32,4.33,20191015_104144_024880_2.txt
8995492,9000511,FEM,41.35,19.87,13.75,20191015_104144_024880_2.txt
9006491,9007711,FEM,13.73,6.53,4.28,20191015_104144_024880_2.txt
9009011,9010511,FEM,17.43,8.49,5.56,20191015_104144_024880_2.txt
9010992,9011238,MAL,6.07,2.65,1.67,20191015_104144_024880_2.txt
9011220,9011492,FEM,7.82,3.58,2.26,20191015_104144_024880_2.txt
9014510,9016170,FEM,14.26,6.53,4.53,20191015_104144_024880_2.txt
9024510,9027713,FEM,25.43,12.03,8.41,20191015_104144_024880_2.txt
9028493,9030120,FEM,16.28,7.64,5.09,20191015_104144_024880_2.txt
9033491,9035130,FEM,16.02,7.5,4.96,20191015_104144_024880_2.txt
9041622,9044970,FEM,33.14,16.42,10.74,20191015_104144_024880_2.txt
9045505,9047430,FEM,18.52,8.9,6.0,20191015_104144_024880_2.txt
9049011,9051006,FEM,20.91,10.18,6.7,20191015_104144_024880_2.txt
9055010,9055525,FEM,9.72,4.59,2.93,20191015_104144_024880_2.txt
9060491,9062145,FEM,15.17,6.89,4.78,20191015_104144_024880_2.txt
9063235,9064514,FEM,14.26,6.84,4.47,20191015_104144_024880_2.txt
9066210,9067511,FEM,14.19,6.66,4.34,20191015_104144_024880_2.txt
9068993,9071347,FEM,15.34,6.79,5.01,20191015_104144_024880_2.txt
9070647,9070927,MAL,3.95,1.48,0.97,20191015_104144_024880_2.txt
9074266,9080491,FEM,57.19,28.73,19.08,20191015_104144_024880_2.txt
9088492,9097512,FEM,93.03,46.45,30.43,20191015_104144_024880_2.txt
9092169,9095011,MAL,31.38,15.42,10.12,20191015_104144_024880_2.txt
9153493,9154148,FEM,10.47,4.95,3.21,20191015_104144_024880_2.txt
9155685,9156512,FEM,13.26,6.54,4.16,20191015_104144_024880_2.txt
9157841,9158025,MAL,11.58,5.74,3.5,20191015_104144_024880_2.txt
9162246,9162820,MAL,10.95,5.2,3.3,20191015_104144_024880_2.txt
9162857,9167012,FEM,41.05,20.61,13.51,20191015_104144_024880_2.txt
9162921,9163029,MAL,9.94,4.85,2.94,20191015_104144_024880_2.txt
9164529,9165317,MAL,11.57,5.6,3.6,20191015_104144_024880_2.txt
9172992,9176051,MAL,27.93,14.07,9.38,20191015_104144_024880_2.txt
9293294,9294630,FEM,12.17,5.39,3.83,20191015_104144_024880_2.txt
9300364,9301211,FEM,9.48,4.25,2.91,20191015_104144_024880_2.txt
9305992,9308010,FEM,17.07,8.08,5.58,20191015_104144_024880_2.txt
9342699,9343509,FEM,11.14,5.23,3.45,20191015_104144_024880_2.txt
9438805,9439083,MAL,9.63,4.62,2.86,20191015_104144_024880_2.txt
9497491,9498510,FEM,13.73,6.64,4.35,20191015_104144_024880_2.txt
9532819,9532932,MAL,13.5,6.82,4.12,20191015_104144_024880_2.txt
9544492,9544907,MAL,11.82,5.77,3.62,20191015_104144_024880_2.txt
9545173,9545516,MAL,12.52,6.19,3.84,20191015_104144_024880_2.txt
9579225,9580411,FEM,16.36,7.97,5.2,20191015_104144_024880_2.txt
9602511,9605491,FEM,26.86,13.22,9.06,20191015_104144_024880_2.txt
9605628,9606511,FEM,15.94,7.91,5.01,20191015_104144_024880_2.txt
9652532,9653165,MAL,11.47,5.45,3.54,20191015_104144_024880_2.txt
9661511,9665991,FEM,35.34,17.2,12.08,20191015_104144_024880_2.txt
9678692,9679283,MAL,11.73,5.63,3.62,20191015_104144_024880_2.txt
9748991,9749489,FEM,12.56,6.14,3.87,20191015_104144_024880_2.txt
9778833,9779481,FEM,12.89,6.31,4.01,20191015_104144_024880_2.txt
9793011,9798511,FEM,49.77,24.7,16.69,20191015_104144_024880_2.txt
9860981,9864012,FEM,23.33,11.04,7.78,20191015_104144_024880_2.txt
9872734,9874082,MAL,16.25,7.98,5.25,20191015_104144_024880_2.txt
9874610,9875010,MAL,13.54,6.74,4.18,20191015_104144_024880_2.txt
9884352,9884987,MAL,12.5,6.11,3.88,20191015_104144_024880_2.txt
9899012,9900993,FEM,18.72,8.96,6.07,20191015_104144_024880_2.txt
9905007,9906511,FEM,15.75,7.5,5.0,20191015_104144_024880_2.txt
9908600,9910510,FEM,18.24,8.81,5.9,20191015_104144_024880_2.txt
9911992,9915492,FEM,35.7,17.68,11.56,20191015_104144_024880_2.txt
9920154,9920466,MAL,11.06,5.42,3.34,20191015_104144_024880_2.txt
9922687,9927510,FEM,42.8,21.21,14.2,20191015_104144_024880_2.txt
9942492,9943685,FEM,13.92,6.66,4.39,20191015_104144_024880_2.txt
9944002,9944451,FEM,11.08,5.4,3.38,20191015_104144_024880_2.txt
9945143,9945381,FEM,11.25,5.53,3.4,20191015_104144_024880_2.txt
9962131,9962830,MAL,11.08,5.25,3.42,20191015_104144_024880_2.txt
10020491,10021652,MAL,15.36,7.47,4.81,20191015_104144_024880_2.txt
10021011,10022010,FEM,14.99,7.29,4.66,20191015_104144_024880_2.txt
10027010,10027508,MAL,11.54,5.62,3.54,20191015_104144_024880_2.txt
10029859,10032491,FEM,26.0,12.93,8.61,20191015_104144_024880_2.txt
10033511,10035511,FEM,20.46,10.02,6.66,20191015_104144_024880_2.txt
10034268,10034746,MAL,9.94,4.73,3.0,20191015_104144_024880_2.txt
10037925,10038964,FEM,14.97,7.41,4.72,20191015_104144_024880_2.txt
10047113,10048335,MAL,15.61,7.81,5.01,20191015_104144_024880_2.txt
10068492,10072010,FEM,30.88,14.74,10.07,20191015_104144_024880_2.txt
10075560,10075687,MAL,11.16,5.51,3.35,20191015_104144_024880_2.txt
10082949,10083099,MAL,11.0,5.42,3.3,20191015_104144_024880_2.txt
10083729,10085987,FEM,21.79,10.16,6.93,20191015_104144_024880_2.txt
10084492,10087032,MAL,20.73,9.63,6.84,20191015_104144_024880_2.txt
10087171,10087286,MAL,9.21,4.38,2.69,20191015_104144_024880_2.txt
10092695,10092992,MAL,10.95,5.31,3.3,20191015_104144_024880_2.txt
10104521,10106492,FEM,17.86,8.46,5.73,20191015_104144_024880_2.txt
10106129,10106328,MAL,7.96,3.72,2.29,20191015_104144_024880_2.txt
10110201,10112012,FEM,17.31,8.26,5.57,20191015_104144_024880_2.txt
10118049,10120511,FEM,21.47,10.32,7.07,20191015_104144_024880_2.txt
10122543,10126863,FEM,40.22,19.78,13.16,20191015_104144_024880_2.txt
10128011,10130493,FEM,23.38,11.34,7.55,20191015_104144_024880_2.txt
10131895,10133176,FEM,10.62,4.74,3.26,20191015_104144_024880_2.txt
10132012,10134682,MAL,24.07,11.42,7.65,20191015_104144_024880_2.txt
10133330,10133484,FEM,6.45,2.87,1.78,20191015_104144_024880_2.txt
10133696,10140346,FEM,46.11,22.3,15.93,20191015_104144_024880_2.txt
10141316,10141679,FEM,5.89,2.36,1.63,20191015_104144_024880_2.txt
10149427,10155492,FEM,45.66,22.74,15.68,20191015_104144_024880_2.txt
10157010,10158168,FEM,11.2,4.97,3.43,20191015_104144_024880_2.txt
10164110,10164225,FEM,6.12,2.69,1.66,20191015_104144_024880_2.txt
10164965,10165520,FEM,10.8,5.13,3.24,20191015_104144_024880_2.txt
10168917,10170996,FEM,20.76,9.97,6.72,20191015_104144_024880_2.txt
10184030,10184943,FEM,9.57,4.35,2.95,20191015_104144_024880_2.txt
10202072,10203626,MAL,16.48,7.87,5.31,20191015_104144_024880_2.txt
10210860,10211010,MAL,11.31,5.56,3.4,20191015_104144_024880_2.txt
10211290,10211447,MAL,11.78,5.83,3.56,20191015_104144_024880_2.txt
10277012,10280011,FEM,24.4,11.81,8.08,20191015_104144_024880_2.txt
10281909,10282559,FEM,9.92,4.55,2.97,20191015_104144_024880_2.txt
10303882,10304012,FEM,11.68,5.8,3.52,20191015_104144_024880_2.txt
10305011,10305983,FEM,15.02,7.33,4.67,20191015_104144_024880_2.txt
10322011,10326701,MAL,39.17,19.46,13.29,20191015_104144_024880_2.txt
10374164,10374363,MAL,11.99,5.99,3.64,20191015_104144_024880_2.txt
10380116,10382708,MAL,28.63,14.52,9.42,20191015_104144_024880_2.txt
10383203,10383373,MAL,13.66,6.9,4.19,20191015_104144_024880_2.txt
10384011,10391664,MAL,69.86,36.07,23.91,20191015_104144_024880_2.txt
10392492,10396230,MAL,38.49,19.55,12.8,20191015_104144_024880_2.txt
10398466,10400424,MAL,21.65,10.84,7.1,20191015_104144_024880_2.txt
10402231,10405997,MAL,36.91,18.87,12.43,20191015_104144_024880_2.txt
10419011,10420150,MAL,17.36,8.54,5.48,20191015_104144_024880_2.txt
10420513,10423561,MAL,30.24,15.19,10.09,20191015_104144_024880_2.txt
10424572,10425686,MAL,17.06,8.59,5.42,20191015_104144_024880_2.txt
10431134,10431340,FEM,10.08,4.92,3.0,20191015_104144_024880_2.txt
10435092,10435458,MAL,11.06,5.4,3.35,20191015_104144_024880_2.txt
10436730,10438188,MAL,19.18,9.46,6.14,20191015_104144_024880_2.txt
10438381,10438825,MAL,12.45,6.15,3.83,20191015_104144_024880_2.txt
10439761,10441509,MAL,19.6,9.67,6.38,20191015_104144_024880_2.txt
10447758,10447880,MAL,12.32,6.16,3.73,20191015_104144_024880_2.txt
10447984,10449288,MAL,17.01,8.38,5.44,20191015_104144_024880_2.txt
10458992,10460511,MAL,19.28,9.51,6.18,20191015_104144_024880_2.txt
10466444,10467991,MAL,18.56,9.19,6.0,20191015_104144_024880_2.txt
10469010,10471968,MAL,31.72,16.21,10.52,20191015_104144_024880_2.txt
10474294,10475155,MAL,15.18,7.53,4.76,20191015_104144_024880_2.txt
10476493,10478253,FEM,20.14,10.05,6.61,20191015_104144_024880_2.txt
10494333,10494510,MAL,12.46,6.23,3.79,20191015_104144_024880_2.txt
10501685,10501801,MAL,11.38,5.65,3.42,20191015_104144_024880_2.txt
10502128,10502908,MAL,13.53,6.68,4.25,20191015_104144_024880_2.txt
10537514,10539490,MAL,24.01,11.97,7.73,20191015_104144_024880_2.txt
10545329,10546490,MAL,14.84,7.09,4.64,20191015_104144_024880_2.txt
10570117,10570996,MAL,15.15,7.44,4.75,20191015_104144_024880_2.txt
10575623,10576011,MAL,11.64,5.7,3.55,20191015_104144_024880_2.txt
10600492,10603513,FEM,30.5,15.67,10.28,20191015_104144_024880_2.txt
10604292,10606012,FEM,21.81,10.97,7.06,20191015_104144_024880_2.txt
10611272,10614993,FEM,36.64,18.82,12.34,20191015_104144_024880_2.txt
10623511,10624245,FEM,16.7,8.3,5.14,20191015_104144_024880_2.txt
10626491,10629010,FEM,27.39,13.85,9.05,20191015_104144_024880_2.txt
10630511,10630612,MAL,13.53,6.84,4.13,20191015_104144_024880_2.txt
10630877,10635313,MAL,40.05,20.45,13.65,20191015_104144_024880_2.txt
10636010,10636513,FEM,13.28,6.61,4.12,20191015_104144_024880_2.txt
10638582,10639011,FEM,11.18,5.45,3.41,20191015_104144_024880_2.txt
10643427,10645803,FEM,27.94,13.97,9.05,20191015_104144_024880_2.txt
10648511,10648648,FEM,13.72,6.94,4.2,20191015_104144_024880_2.txt
10648888,10649475,FEM,12.41,6.08,3.84,20191015_104144_024880_2.txt
10661390,10662713,MAL,16.61,8.17,5.31,20191015_104144_024880_2.txt
10664018,10664318,MAL,10.68,5.21,3.22,20191015_104144_024880_2.txt
10673075,10673978,MAL,13.58,6.58,4.23,20191015_104144_024880_2.txt
10742492,10745185,FEM,25.12,12.41,8.17,20191015_104144_024880_2.txt
10760486,10761011,FEM,9.42,4.39,2.83,20191015_104144_024880_2.txt
10781993,10783738,FEM,14.77,7.04,4.77,20191015_104144_024880_2.txt
10785358,10785537,FEM,4.68,1.9,1.2,20191015_104144_024880_2.txt
10790511,10792492,FEM,17.13,8.28,5.59,20191015_104144_024880_2.txt
10805511,10807992,FEM,19.64,9.42,6.46,20191015_104144_024880_2.txt
10831334,10831616,MAL,10.08,4.89,3.01,20191015_104144_024880_2.txt
10840367,10842375,FEM,12.48,5.37,4.0,20191015_104144_024880_2.txt
10844202,10849140,FEM,54.56,27.63,17.56,20191015_104144_024880_2.txt
10850838,10851111,FEM,5.62,2.42,1.52,20191015_104144_024880_2.txt
10859010,10859186,FEM,10.12,4.93,3.01,20191015_104144_024880_2.txt
10863511,10867492,FEM,31.59,15.69,10.8,20191015_104144_024880_2.txt
10868999,10870509,FEM,16.04,7.77,5.15,20191015_104144_024880_2.txt
10877119,10879220,FEM,18.23,8.55,5.82,20191015_104144_024880_2.txt
10896302,10901319,MAL,45.51,23.37,15.56,20191015_104144_024880_2.txt
10905518,10907990,MAL,25.81,12.82,8.52,20191015_104144_024880_2.txt
10908454,10911490,MAL,31.81,16.2,10.61,20191015_104144_024880_2.txt
10912099,10914089,MAL,23.49,11.74,7.66,20191015_104144_024880_2.txt
10916021,10918012,MAL,25.73,12.94,8.25,20191015_104144_024880_2.txt
10919740,10923864,MAL,39.04,20.0,13.25,20191015_104144_024880_2.txt
10924036,10924163,MAL,11.67,5.78,3.52,20191015_104144_024880_2.txt
10925012,10927241,FEM,24.79,12.2,8.08,20191015_104144_024880_2.txt
10928029,10932486,MAL,44.42,22.69,14.89,20191015_104144_024880_2.txt
10938966,10941990,MAL,31.27,15.97,10.43,20191015_104144_024880_2.txt
10942094,10948520,MAL,55.54,28.39,19.09,20191015_104144_024880_2.txt
10950606,10950782,MAL,13.38,6.73,4.09,20191015_104144_024880_2.txt
10950944,10952959,MAL,22.33,11.1,7.33,20191015_104144_024880_2.txt
10954842,10959012,MAL,39.83,20.39,13.47,20191015_104144_024880_2.txt
10959985,10961622,FEM,19.5,9.83,6.38,20191015_104144_024880_2.txt
10963063,10968421,MAL,51.93,26.82,17.55,20191015_104144_024880_2.txt
10973492,10975284,MAL,21.99,11.08,7.13,20191015_104144_024880_2.txt
11004512,11005936,FEM,17.92,8.78,5.71,20191015_104144_024880_2.txt
11007158,11014993,MAL,65.47,33.0,22.47,20191015_104144_024880_2.txt
11007249,11007360,FEM,13.47,6.81,4.11,20191015_104144_024880_2.txt
11009751,11011012,FEM,18.51,9.12,5.78,20191015_104144_024880_2.txt
11046515,11046778,MAL,12.69,6.35,3.88,20191015_104144_024880_2.txt
11049991,11050992,MAL,15.79,7.77,4.98,20191015_104144_024880_2.txt
11063993,11066467,MAL,26.24,13.03,8.66,20191015_104144_024880_2.txt
11067820,11068014,MAL,12.45,6.23,3.79,20191015_104144_024880_2.txt
11067987,11069717,FEM,20.07,10.07,6.58,20191015_104144_024880_2.txt
11079349,11080512,MAL,17.05,8.52,5.43,20191015_104144_024880_2.txt
11080493,11081492,FEM,15.77,7.91,5.03,20191015_104144_024880_2.txt
11084011,11084360,FEM,12.02,5.96,3.67,20191015_104144_024880_2.txt
11084492,11086011,FEM,20.31,10.28,6.58,20191015_104144_024880_2.txt
11091011,11091441,MAL,12.27,6.08,3.77,20191015_104144_024880_2.txt
11093510,11097705,MAL,42.89,21.84,14.29,20191015_104144_024880_2.txt
11097992,11100083,FEM,25.85,12.88,8.36,20191015_104144_024880_2.txt
11099714,11102586,MAL,28.97,14.58,9.64,20191015_104144_024880_2.txt
11109012,11111493,MAL,23.81,11.67,7.85,20191015_104144_024880_2.txt
11118627,11118801,FEM,11.96,5.96,3.62,20191015_104144_024880_2.txt
11118841,11122402,MAL,34.97,17.43,11.59,20191015_104144_024880_2.txt
11118959,11120049,FEM,15.87,7.71,4.97,20191015_104144_024880_2.txt
11124285,11124596,MAL,12.43,6.18,3.8,20191015_104144_024880_2.txt
11125019,11125632,MAL,14.3,7.16,4.47,20191015_104144_024880_2.txt
11128266,11129491,MAL,17.79,8.76,5.64,20191015_104144_024880_2.txt
11130507,11131511,FEM,15.85,7.92,5.0,20191015_104144_024880_2.txt
11143511,11151155,MAL,69.92,36.07,23.87,20191015_104144_024880_2.txt
11151758,11153771,MAL,24.05,12.17,7.85,20191015_104144_024880_2.txt
11171512,11171706,MAL,13.87,6.99,4.26,20191015_104144_024880_2.txt
11171925,11172948,MAL,16.23,7.98,5.13,20191015_104144_024880_2.txt
11180992,11181124,FEM,12.72,6.37,3.87,20191015_104144_024880_2.txt
11189996,11190990,MAL,14.71,7.24,4.62,20191015_104144_024880_2.txt
11193512,11196313,MAL,28.36,14.35,9.47,20191015_104144_024880_2.txt
11198294,11203309,MAL,49.34,25.15,16.57,20191015_104144_024880_2.txt
11207521,11207649,MAL,12.27,6.15,3.71,20191015_104144_024880_2.txt
11212081,11212449,MAL,11.45,5.64,3.48,20191015_104144_024880_2.txt
11212656,11215667,MAL,29.68,14.87,9.95,20191015_104144_024880_2.txt
11215800,11216011,MAL,13.14,6.59,4.02,20191015_104144_024880_2.txt
11219217,11221505,MAL,23.86,11.68,7.84,20191015_104144_024880_2.txt
11224514,11224710,MAL,12.41,6.17,3.77,20191015_104144_024880_2.txt
11237493,11238511,MAL,17.16,8.65,5.44,20191015_104144_024880_2.txt
11243497,11243654,MAL,13.83,7.0,4.24,20191015_104144_024880_2.txt
11243829,11244011,MAL,13.63,6.87,4.18,20191015_104144_024880_2.txt
11247886,11248519,FEM,12.83,6.27,3.99,20191015_104144_024880_2.txt
11252135,11253011,MAL,16.23,8.12,5.11,20191015_104144_024880_2.txt
11256923,11257466,MAL,15.11,7.55,4.68,20191015_104144_024880_2.txt
11259332,11260989,MAL,19.75,9.94,6.41,20191015_104144_024880_2.txt
11261992,11263119,MAL,17.6,8.71,5.55,20191015_104144_024880_2.txt
11264493,11264863,MAL,12.7,6.33,3.9,20191015_104144_024880_2.txt
11266553,11266818,MAL,11.83,5.86,3.59,20191015_104144_024880_2.txt
11266958,11269182,MAL,25.92,13.08,8.46,20191015_104144_024880_2.txt
11272475,11282575,MAL,84.19,43.24,29.25,20191015_104144_024880_2.txt
11277512,11277644,FEM,13.61,6.88,4.16,20191015_104144_024880_2.txt
11278371,11278492,FEM,11.27,5.59,3.38,20191015_104144_024880_2.txt
11282959,11284675,FEM,20.99,10.35,6.78,20191015_104144_024880_2.txt
11284201,11284527,MAL,13.4,6.73,4.13,20191015_104144_024880_2.txt
11285266,11291231,MAL,53.71,27.24,18.24,20191015_104144_024880_2.txt
11296511,11298320,MAL,21.96,10.96,7.12,20191015_104144_024880_2.txt
11298023,11298170,FEM,13.87,7.02,4.25,20191015_104144_024880_2.txt
11298493,11298660,FEM,14.56,7.39,4.49,20191015_104144_024880_2.txt
11298800,11299402,FEM,13.29,6.61,4.14,20191015_104144_024880_2.txt
11300492,11300978,MAL,12.75,6.3,3.94,20191015_104144_024880_2.txt
11301123,11301489,MAL,12.55,6.25,3.85,20191015_104144_024880_2.txt
11303223,11304944,MAL,22.31,11.22,7.22,20191015_104144_024880_2.txt
11324946,11326284,MAL,16.84,8.37,5.39,20191015_104144_024880_2.txt
11327408,11328010,FEM,12.18,5.92,3.76,20191015_104144_024880_2.txt
11330925,11332516,MAL,20.49,10.36,6.6,20191015_104144_024880_2.txt
11333189,11333370,MAL,10.46,5.13,3.12,20191015_104144_024880_2.txt
11333513,11334546,MAL,14.45,7.19,4.59,20191015_104144_024880_2.txt
11336244,11336992,MAL,13.85,6.85,4.29,20191015_104144_024880_2.txt
11338334,11338467,MAL,11.62,5.78,3.5,20191015_104144_024880_2.txt
11343512,11344386,FEM,12.85,6.31,3.98,20191015_104144_024880_2.txt
11349504,11350883,MAL,17.99,9.06,5.78,20191015_104144_024880_2.txt
11351510,11354191,MAL,28.21,14.58,9.46,20191015_104144_024880_2.txt
11354447,11354567,MAL,13.51,6.83,4.13,20191015_104144_024880_2.txt
11356316,11356588,MAL,12.51,6.24,3.82,20191015_104144_024880_2.txt
11360031,11361229,MAL,15.96,7.98,5.07,20191015_104144_024880_2.txt
11362231,11362511,MAL,12.97,6.49,3.97,20191015_104144_024880_2.txt
11362656,11364929,MAL,25.31,12.89,8.32,20191015_104144_024880_2.txt
11394992,11399010,MAL,39.07,19.97,13.19,20191015_104144_024880_2.txt
11402492,11405663,FEM,31.01,15.35,10.31,20191015_104144_024880_2.txt
11411871,11415202,MAL,30.28,14.89,10.15,20191015_104144_024880_2.txt
11416359,11416612,FEM,12.81,6.41,3.92,20191015_104144_024880_2.txt
11416825,11416955,FEM,13.87,7.02,4.25,20191015_104144_024880_2.txt
11418541,11419267,MAL,14.15,7.01,4.44,20191015_104144_024880_2.txt
11420011,11423489,MAL,34.08,17.31,11.49,20191015_104144_024880_2.txt
11425595,11426913,FEM,19.98,10.08,6.43,20191015_104144_024880_2.txt
11429557,11429992,FEM,12.49,6.08,3.84,20191015_104144_024880_2.txt
11457492,11459492,FEM,19.9,9.52,6.26,20191015_104144_024880_2.txt
11475842,11477511,FEM,15.32,7.26,4.89,20191015_104144_024880_2.txt
11482334,11483208,FEM,12.48,6.0,3.86,20191015_104144_024880_2.txt
11486237,11491890,MAL,46.1,23.11,15.81,20191015_104144_024880_2.txt
11522750,11523552,MAL,11.1,5.15,3.44,20191015_104144_024880_2.txt
11525050,11525965,MAL,14.43,7.13,4.57,20191015_104144_024880_2.txt
