recording_filename,segment_onset,segment_offset,child_id,duration_alice,wc_fem,wc_mal,wc_adu,duration_vcm,non_can_voc_CHI,can_voc_CHI,can_voc_dur_CHI,duration_vtc,voc_dur_chi,voc_chi,avg_voc_dur_chi,5s_CTC
20190828_145547_024884_2.wav,28611000,28731000,5061,120000,183.47,14.48,197.95000000000002,120000,10,0,0.0,120000,12429.0,10,1242.9,12
20211022_110857_045737_2.wav,49860000,49980000,6161,120000,0.0,0.0,0.0,120000,0,0,0.0,120000,0.0,0,,0
20180808_110630_024879.wav,2202000,2322000,3501,120000,29.880000000000003,0.0,29.880000000000003,120000,4,0,0.0,120000,2207.0,4,551.75,4
20221129_154915_045733_1.wav,2072000,2192000,6641,120000,174.11,38.13,212.24,120000,13,0,0.0,120000,12009.0,13,923.7692307692307,25
20230110_120835_024882_2.wav,36581000,36701000,7231,120000,0.0,0.0,0.0,120000,0,0,0.0,120000,0.0,0,,0
20210318_114509_043298.wav,18264000,18384000,5961,120000,67.04,23.290000000000003,90.33000000000001,120000,2,0,0.0,120000,2135.0,3,711.6666666666666,4
20211103_114626_022870_1.wav,7296000,7416000,6382,120000,59.7,55.08,114.78,120000,8,1,1498.0,120000,51998.0,15,3466.5333333333333,26
20220720_091357_024879_1.wav,2202000,2322000,7051,120000,15.219999999999999,92.50999999999999,107.72999999999999,120000,5,4,24265.0,120000,47171.0,10,4717.1,10
20220728_144904_024880_2.wav,39778000,39898000,7101,120000,166.90999999999997,118.93999999999998,285.85,120000,3,0,0.0,120000,3794.0,3,1264.6666666666667,6
20230328_132555_045737_1.wav,41905000,42025000,6451,120000,0.0,0.0,0.0,120000,0,0,0.0,120000,0.0,0,,0
20201210_142957_025480_2.wav,15408000,15528000,5901,120000,7.92,84.57000000000001,92.49,120000,1,0,0.0,120000,648.0,1,648.0,1
20220513_113018_024879_2.wav,25590000,25710000,6371,120000,2.66,0.0,2.66,120000,5,0,0.0,120000,15853.0,9,1761.4444444444443,2
20180906_131431_024882.wav,16289000,16409000,3591,120000,13.38,4.25,17.63,120000,3,3,8428.0,120000,13224.0,7,1889.142857142857,4
20211103_114626_022870_1.wav,6837000,6957000,6382,120000,47.83,84.93,132.76,120000,6,0,0.0,120000,14393.0,8,1799.125,12
20190307_114201_025481.wav,18264000,18384000,3891,120000,84.86000000000001,125.36999999999999,210.23,120000,4,0,0.0,120000,12802.0,8,1600.25,15
20230131_124242_043302_2.wav,1639000,1759000,7251,120000,9.36,0.0,9.36,120000,7,0,0.0,120000,10730.0,9,1192.2222222222222,2
20230405_090552_045738_2.wav,41905000,42025000,7281,120000,34.830000000000005,35.4,70.23,120000,6,0,0.0,120000,9234.0,7,1319.142857142857,6
20180906_133202_022870.wav,7296000,7416000,3461,120000,102.39999999999999,44.36,146.76000000000002,120000,12,0,0.0,120000,16460.0,13,1266.1538461538462,19
20210127_103244_024879_1.wav,36581000,36701000,5461,120000,7.619999999999999,46.65,54.269999999999996,120000,15,0,0.0,120000,13007.0,15,867.1333333333333,5
20201210_142957_025480_2.wav,6837000,6957000,5901,120000,0.0,0.0,0.0,120000,24,0,0.0,120000,35610.0,24,1483.75,0
20210127_103244_024879_1.wav,18264000,18384000,5461,120000,102.46,14.54,117.0,120000,5,0,0.0,120000,4761.0,6,793.5,9
20230425_114841_045738_2.wav,6620000,6740000,6212,120000,50.370000000000005,90.57000000000001,140.94,120000,9,0,0.0,120000,15342.0,12,1278.5,11
20230425_114841_045738_2.wav,2072000,2192000,6212,120000,29.659999999999997,3.66,33.32,120000,2,0,0.0,120000,1870.0,2,935.0,2
20181218_132113_024879.wav,16289000,16409000,3131,120000,0.0,0.0,0.0,120000,0,0,0.0,120000,0.0,0,,0
20210414_211244_024882_1.wav,5817000,5937000,5371,120000,54.2,5.1899999999999995,59.39,120000,6,0,0.0,120000,13948.0,7,1992.5714285714287,5
20230228_124411_043305_2.wav,49860000,49980000,7141,120000,0.0,0.0,0.0,120000,0,0,0.0,120000,0.0,0,,0
20211022_110857_045737_2.wav,49225000,49345000,6161,120000,0.0,0.0,0.0,120000,0,0,0.0,120000,0.0,0,,0
20220805_082527_043300_2.wav,28611000,28731000,6981,120000,116.97,17.77,134.73999999999998,120000,2,0,0.0,120000,2332.0,2,1166.0,3
20220728_144904_024880_2.wav,9384000,9504000,7101,120000,0.0,0.0,0.0,120000,0,0,0.0,120000,0.0,0,,0
20230110_120835_024882_2.wav,7296000,7416000,7231,120000,46.75,129.13,175.88,120000,3,0,0.0,120000,3511.0,3,1170.3333333333333,0
20180808_110630_024879.wav,36581000,36701000,3501,120000,47.26,9.85,57.11000000000001,120000,1,0,0.0,120000,562.0,1,562.0,2
20230301_083834_024880_2.wav,16567000,16687000,6921,120000,0.0,0.0,0.0,120000,0,0,0.0,120000,0.0,0,,0
20200312_145204_022874.wav,8801000,8921000,3931,120000,3.81,42.08,45.89,120000,6,0,0.0,120000,33559.0,15,2237.266666666667,6
20190819_210318_025481_2.wav,7296000,7416000,3362,120000,190.93,1.34,192.27,120000,7,10,30178.0,120000,44686.0,20,2234.3,32
20180906_133202_022870.wav,2072000,2192000,3461,120000,0.0,0.0,0.0,120000,9,1,9804.0,120000,22436.0,10,2243.6,0
20180906_133202_022870.wav,39778000,39898000,3461,120000,0.0,0.0,0.0,120000,2,0,0.0,120000,1706.0,3,568.6666666666666,0
20230425_114841_045738_2.wav,41905000,42025000,6212,120000,5.42,57.86,63.28,120000,4,0,0.0,120000,3294.0,4,823.5,3
20220728_144904_024880_2.wav,6620000,6740000,7101,120000,49.56999999999999,16.58,66.14999999999999,120000,4,2,2156.0,120000,12717.0,6,2119.5,2
20210414_211244_024882_1.wav,9384000,9504000,5371,120000,128.27,85.02,213.29000000000002,120000,2,0,0.0,120000,6213.0,2,3106.5,4
20211103_114626_022870_1.wav,18264000,18384000,6382,120000,0.0,0.0,0.0,120000,0,0,0.0,120000,0.0,0,,0
20180808_111213_024881.wav,2072000,2192000,2761,120000,28.07,7.28,35.35,120000,0,0,0.0,120000,0.0,0,,0
20220728_144904_024880_2.wav,1639000,1759000,7101,120000,8.969999999999999,0.0,8.969999999999999,120000,6,1,1487.0,120000,10932.0,7,1561.7142857142858,1
20200414_125938_024878_2.wav,16289000,16409000,4011,120000,98.03,48.95,146.98000000000002,120000,7,1,1937.0,120000,10452.0,8,1306.5,11
20230425_114841_045738_2.wav,18264000,18384000,6212,120000,25.319999999999997,0.0,25.319999999999997,120000,7,2,4714.0,120000,11278.0,9,1253.111111111111,2
20230308_093128_024882_2.wav,41905000,42025000,6761,120000,267.65999999999997,0.0,267.65999999999997,120000,6,0,0.0,120000,4546.0,6,757.6666666666666,12
20230425_114841_045738_2.wav,36581000,36701000,6212,120000,0.0,0.0,0.0,120000,2,0,0.0,120000,6957.0,3,2319.0,0
20180906_131431_024882.wav,49225000,49345000,3591,120000,9.719999999999999,1.73,11.45,120000,5,0,0.0,120000,5166.0,5,1033.2,2
20180906_131431_024882.wav,7296000,7416000,3591,120000,10.04,0.0,10.04,120000,10,1,1981.0,120000,23570.0,13,1813.076923076923,3
20180808_111213_024881.wav,18264000,18384000,2761,120000,7.13,2.4,9.53,120000,1,1,1446.0,120000,3154.0,2,1577.0,2
20220731_113759_045737_2.wav,36581000,36701000,7131,120000,51.980000000000004,317.4,369.38,120000,0,0,0.0,120000,0.0,0,,0
20210318_114924_043305_2.wav,16289000,16409000,5181,120000,4.27,14.47,18.740000000000002,120000,0,0,0.0,120000,0.0,0,,0
20230321_124603_024879_1.wav,45308000,45428000,7291,120000,0.0,0.0,0.0,120000,0,0,0.0,120000,0.0,0,,0
20200312_145204_022874.wav,8264000,8384000,3931,120000,27.689999999999998,95.41,123.1,120000,10,0,0.0,120000,24959.0,13,1919.923076923077,6
20231025_115855_045737_2.wav,5817000,5937000,6731,120000,29.830000000000002,82.29,112.12,120000,2,0,0.0,120000,1906.0,2,953.0,4
20201104_094551_024882_1.wav,41905000,42025000,3871,120000,49.67,47.92000000000001,97.58999999999999,120000,14,1,597.0,120000,17937.0,16,1121.0625,13
20221018_135301_043300_4.wav,6837000,6957000,7201,120000,15.889999999999999,0.0,15.889999999999999,120000,4,0,0.0,120000,2501.0,4,625.25,1
20230308_093128_024882_2.wav,14868000,14988000,6761,120000,0.0,0.0,0.0,120000,0,0,0.0,120000,0.0,0,,0
20230131_124242_043302_2.wav,2072000,2192000,7251,120000,55.339999999999996,17.0,72.34000000000002,120000,16,3,6226.0,120000,29050.0,19,1528.9473684210527,15
20210318_114924_043305_2.wav,5817000,5937000,5181,120000,93.18,159.37,252.55,120000,1,0,0.0,120000,996.0,1,996.0,2
20180530_181655_022873.wav,39778000,39898000,3321,120000,91.88000000000001,25.37,117.25,120000,12,0,0.0,120000,30783.0,16,1923.9375,20
20210414_211244_024882_1.wav,18264000,18384000,5371,120000,68.6,102.18,170.77999999999997,120000,10,3,4352.0,120000,33311.0,19,1753.2105263157894,25
20210127_103244_024879_1.wav,45308000,45428000,5461,120000,0.0,3.25,3.25,120000,1,0,0.0,120000,344.0,1,344.0,0
20231025_115855_045737_2.wav,7296000,7416000,6731,120000,14.89,93.0,107.88999999999999,120000,17,0,0.0,120000,21021.0,17,1236.5294117647059,18
20220728_144904_024880_2.wav,16289000,16409000,7101,120000,224.64,22.53,247.17000000000002,120000,1,0,0.0,120000,1807.0,1,1807.0,1
20190828_145547_024884_2.wav,6837000,6957000,5061,120000,230.55000000000004,39.33,269.88,120000,7,2,3173.0,120000,32815.0,14,2343.9285714285716,23
20230328_132555_045737_1.wav,7296000,7416000,6451,120000,112.11000000000001,25.74,137.85,120000,2,0,0.0,120000,2879.0,2,1439.5,3
20190307_114201_025481.wav,39778000,39898000,3891,120000,13.690000000000001,33.69,47.379999999999995,120000,6,0,0.0,120000,12840.0,8,1605.0,9
20210504_102146_025480_2.wav,7296000,7416000,6261,120000,26.56,0.0,26.56,120000,4,6,17741.0,120000,26483.0,11,2407.5454545454545,6
20190618_135122_024883.wav,45308000,45428000,5011,120000,11.91,15.200000000000001,27.110000000000003,120000,0,0,0.0,120000,0.0,0,,0
20221129_154915_045733_1.wav,7296000,7416000,6641,120000,119.86999999999999,24.07,143.94,120000,6,0,0.0,120000,21031.0,16,1314.4375,16
20220731_113759_045737_2.wav,6620000,6740000,7131,120000,82.43000000000002,135.3,217.73,120000,16,0,0.0,120000,20646.0,16,1290.375,18
20220513_113018_024879_2.wav,18710000,18830000,6371,120000,0.0,15.540000000000001,15.540000000000001,120000,10,2,5346.0,120000,43460.0,18,2414.4444444444443,5
20231025_115855_045737_2.wav,1639000,1759000,6731,120000,8.799999999999999,6.949999999999999,15.75,120000,3,1,2199.0,120000,5681.0,4,1420.25,3
20200312_145204_022874.wav,18710000,18830000,3931,120000,50.17,10.7,60.870000000000005,120000,5,0,0.0,120000,7672.0,5,1534.4,3
20220731_113759_045737_2.wav,28611000,28731000,7131,120000,119.72,5.59,125.31,120000,5,0,0.0,120000,27362.0,10,2736.2,12
20221018_135301_043300_4.wav,1639000,1759000,7201,120000,121.05,37.46,158.51,120000,8,0,0.0,120000,9527.0,8,1190.875,5
20180906_131431_024882.wav,45308000,45428000,3591,120000,0.0,80.66,80.66,120000,3,0,0.0,120000,1996.0,3,665.3333333333334,2
20200414_125938_024878_2.wav,7296000,7416000,4011,120000,45.220000000000006,13.649999999999999,58.87,120000,4,0,0.0,120000,3258.0,4,814.5,4
20220711_142955_024883_2.wav,16289000,16409000,7011,120000,0.0,0.0,0.0,120000,0,0,0.0,120000,0.0,0,,0
20230131_124242_043302_2.wav,15408000,15528000,7251,120000,20.4,8.59,28.990000000000002,120000,1,0,0.0,120000,2428.0,1,2428.0,1
20230308_094400_045733_2.wav,14868000,14988000,7121,120000,20.48,23.910000000000004,44.39,120000,4,0,0.0,120000,2210.0,4,552.5,2
20230321_124603_024879_1.wav,41905000,42025000,7291,120000,0.0,0.0,0.0,120000,0,0,0.0,120000,0.0,0,,0
20231025_115855_045737_2.wav,16289000,16409000,6731,120000,126.15999999999998,43.31000000000001,169.46999999999997,120000,15,3,3192.0,120000,18118.0,19,953.578947368421,30
20220829_105740_024880_2.wav,9384000,9504000,7171,120000,0.0,0.0,0.0,120000,0,0,0.0,120000,0.0,0,,0
20231025_115855_045737_2.wav,2072000,2192000,6731,120000,9.43,0.0,9.43,120000,5,2,5373.0,120000,14296.0,8,1787.0,4
20230321_124603_024879_1.wav,14868000,14988000,7291,120000,3.82,0.0,3.82,120000,0,0,0.0,120000,0.0,0,,0
20211103_114626_022870_1.wav,9384000,9504000,6382,120000,92.83000000000001,109.59,202.42,120000,1,1,1018.0,120000,2444.0,2,1222.0,4
20190618_135122_024883.wav,49860000,49980000,5011,120000,0.0,0.0,0.0,120000,0,0,0.0,120000,0.0,0,,0
20230131_124242_043302_2.wav,9384000,9504000,7251,120000,100.91,46.830000000000005,147.74,120000,7,0,0.0,120000,8182.0,8,1022.75,14
20190307_114201_025481.wav,2072000,2192000,3891,120000,47.52000000000001,6.1899999999999995,53.71000000000001,120000,7,4,9934.0,120000,15085.0,11,1371.3636363636363,5
20191004_125707_025480_2.wav,13335000,13455000,4001,120000,125.75,2.68,128.43,120000,4,2,1652.0,120000,3758.0,6,626.3333333333334,8
20220805_082527_043300_2.wav,2072000,2192000,6981,120000,122.73,6.35,129.07999999999998,120000,14,3,3598.0,120000,36220.0,20,1811.0,22
20210318_114509_043298.wav,36581000,36701000,5961,120000,51.49,163.07999999999998,214.57,120000,0,0,0.0,120000,0.0,0,,0
20221018_135301_043300_4.wav,16289000,16409000,7201,120000,0.0,0.0,0.0,120000,0,0,0.0,120000,0.0,0,,0
20180809_181624_025481.wav,36581000,36701000,2781,120000,46.59,0.0,46.59,120000,11,0,0.0,120000,64402.0,24,2683.4166666666665,20
20210318_114509_043298.wav,7296000,7416000,5961,120000,77.10000000000001,13.58,90.68,120000,2,3,2944.0,120000,6444.0,5,1288.8,4
20220711_142955_024883_2.wav,9384000,9504000,7011,120000,4.3100000000000005,0.0,4.3100000000000005,120000,4,0,0.0,120000,8590.0,5,1718.0,1
20210318_114509_043298.wav,14868000,14988000,5961,120000,7.61,0.0,7.61,120000,1,0,0.0,120000,413.0,1,413.0,0
20230228_124411_043305_2.wav,9384000,9504000,7141,120000,62.57,60.07,122.64,120000,0,0,0.0,120000,0.0,0,,0
20210318_114924_043305_2.wav,1639000,1759000,5181,120000,4.03,5.62,9.65,120000,6,1,925.0,120000,7608.0,7,1086.857142857143,3
20230308_093128_024882_2.wav,2202000,2322000,6761,120000,4.22,34.97,39.19,120000,7,0,0.0,120000,11038.0,8,1379.75,4
20231025_115855_045737_2.wav,6837000,6957000,6731,120000,44.42,58.06,102.48,120000,9,0,0.0,120000,10553.0,9,1172.5555555555557,14
20230208_103250_043299_1.wav,14868000,14988000,7261,120000,16.759999999999998,0.0,16.759999999999998,120000,12,1,3628.0,120000,29328.0,14,2094.8571428571427,4
20200414_130512_024879_2.wav,36581000,36701000,3941,120000,184.33,137.41,321.73999999999995,120000,6,2,3130.0,120000,11502.0,8,1437.75,14
20181218_132113_024879.wav,18264000,18384000,3131,120000,88.73,17.97,106.69999999999999,120000,14,13,23381.0,120000,39006.0,27,1444.6666666666667,22
20220712_113417_045737_3.wav,16289000,16409000,7061,120000,0.0,0.0,0.0,120000,0,0,0.0,120000,0.0,0,,0
20190307_091344_022872.wav,14868000,14988000,3951,120000,81.88000000000001,5.529999999999999,87.41,120000,7,0,0.0,120000,8344.0,7,1192.0,9
20210127_103244_024879_1.wav,16289000,16409000,5461,120000,225.56,23.89,249.45,120000,1,0,0.0,120000,518.0,1,518.0,2
20210624_093317_024883_2.wav,18264000,18384000,5851,120000,0.0,0.0,0.0,120000,1,0,0.0,120000,137.0,1,137.0,0
20230308_094400_045733_2.wav,36581000,36701000,7121,120000,6.68,20.200000000000003,26.880000000000003,120000,1,0,0.0,120000,545.0,1,545.0,1
20220720_091357_024879_1.wav,5817000,5937000,7051,120000,24.689999999999998,78.44999999999999,103.13999999999999,120000,15,5,27965.0,120000,62296.0,21,2966.4761904761904,18
20211019_120823_045733_2.wav,9384000,9504000,6461,120000,7.57,5.58,13.15,120000,4,0,0.0,120000,4102.0,4,1025.5,2
20230405_090552_045738_2.wav,49225000,49345000,7281,120000,74.77,26.409999999999997,101.17999999999999,120000,10,3,5924.0,120000,31351.0,15,2090.0666666666666,13
20230425_114841_045738_2.wav,6837000,6957000,6212,120000,41.73,38.4,80.13000000000001,120000,3,0,0.0,120000,3332.0,3,1110.6666666666667,1
20211022_110857_045737_2.wav,48958000,49078000,6161,120000,0.0,0.0,0.0,120000,0,0,0.0,120000,0.0,0,,0
20220728_144904_024880_2.wav,18264000,18384000,7101,120000,50.84,0.0,50.84,120000,0,0,0.0,120000,356.0,1,356.0,0
20181218_132113_024879.wav,1639000,1759000,3131,120000,102.37,53.739999999999995,156.11,120000,16,3,11322.0,120000,39411.0,20,1970.55,26
20191004_125707_025480_2.wav,3648000,3768000,4001,120000,92.38999999999999,0.0,92.38999999999999,120000,3,1,2671.0,120000,18061.0,7,2580.1428571428573,9
20200414_125938_024878_2.wav,14868000,14988000,4011,120000,32.629999999999995,15.389999999999999,48.02,120000,0,0,0.0,120000,0.0,0,,0
20230301_083834_024880_2.wav,18264000,18384000,6921,120000,0.0,0.0,0.0,120000,0,0,0.0,120000,0.0,0,,0
20220731_113759_045737_2.wav,2072000,2192000,7131,120000,46.91,360.45,407.36,120000,6,0,0.0,120000,10782.0,8,1347.75,12
20190307_114201_025481.wav,9384000,9504000,3891,120000,22.11,2.78,24.89,120000,12,2,1694.0,120000,20191.0,15,1346.0666666666666,7
20220829_105740_024880_2.wav,1639000,1759000,7171,120000,63.73,66.02000000000001,129.75,120000,2,0,0.0,120000,10781.0,3,3593.6666666666665,2
20181218_132113_024879.wav,14868000,14988000,3131,120000,0.0,0.0,0.0,120000,0,0,0.0,120000,0.0,0,,0
20230308_093128_024882_2.wav,7296000,7416000,6761,120000,235.04999999999998,51.099999999999994,286.15,120000,8,1,1406.0,120000,8980.0,9,997.7777777777778,11
20180809_181624_025481.wav,28611000,28731000,2781,120000,42.44,0.0,42.44,120000,7,0,0.0,120000,7792.0,7,1113.142857142857,6
20201210_142957_025480_2.wav,5817000,5937000,5901,120000,56.489999999999995,33.46,89.95,120000,25,0,0.0,120000,27532.0,25,1101.28,11
20210318_114924_043305_2.wav,14868000,14988000,5181,120000,44.129999999999995,4.32,48.449999999999996,120000,0,0,0.0,120000,0.0,0,,0
20201104_094551_024882_1.wav,18264000,18384000,3871,120000,52.97,8.4,61.37,120000,9,0,0.0,120000,10419.0,9,1157.6666666666667,6
20220712_113417_045737_3.wav,18264000,18384000,7061,120000,0.0,0.0,0.0,120000,0,0,0.0,120000,0.0,0,,0
20200312_145204_022874.wav,4812000,4932000,3931,120000,158.91,19.32,178.23,120000,15,0,0.0,120000,22807.0,15,1520.4666666666667,26
20210624_093317_024883_2.wav,9384000,9504000,5851,120000,152.22,6.39,158.60999999999999,120000,7,3,10459.0,120000,17502.0,10,1750.2,8
20230425_114841_045738_2.wav,2202000,2322000,6212,120000,6.96,11.04,18.0,120000,0,0,0.0,120000,0.0,0,,0
20190819_210318_025481_2.wav,1639000,1759000,3362,120000,105.98,0.0,105.98,120000,17,2,4772.0,120000,30376.0,20,1518.8,23
20220829_105740_024880_2.wav,28611000,28731000,7171,120000,160.76000000000002,18.48,179.24,120000,1,0,0.0,120000,520.0,1,520.0,2
20220805_082527_043300_2.wav,39778000,39898000,6981,120000,334.03000000000003,68.8,402.83000000000004,120000,4,0,0.0,120000,2296.0,4,574.0,6
20220711_142955_024883_2.wav,7296000,7416000,7011,120000,0.0,0.0,0.0,120000,7,1,4246.0,120000,20608.0,8,2576.0,0
20220712_113417_045737_3.wav,41905000,42025000,7061,120000,0.0,0.0,0.0,120000,2,0,0.0,120000,1298.0,2,649.0,0
20230308_094400_045733_2.wav,18264000,18384000,7121,120000,0.0,0.0,0.0,120000,0,0,0.0,120000,0.0,0,,0
20180808_110630_024879.wav,16289000,16409000,3501,120000,0.0,0.0,0.0,120000,0,0,0.0,120000,0.0,0,,0
20220720_091357_024879_1.wav,39778000,39898000,7051,120000,4.66,0.0,4.66,120000,12,2,7118.0,120000,40478.0,18,2248.777777777778,3
20230328_132555_045737_1.wav,9384000,9504000,6451,120000,46.8,67.50000000000001,114.30000000000001,120000,6,0,0.0,120000,11725.0,7,1675.0,11
20180530_181655_022873.wav,14868000,14988000,3321,120000,50.099999999999994,0.0,50.099999999999994,120000,18,3,13573.0,120000,50429.0,23,2192.5652173913045,12
20180530_181655_022873.wav,7296000,7416000,3321,120000,61.379999999999995,2.37,63.74999999999999,120000,6,1,790.0,120000,20571.0,10,2057.1,9
20220720_091357_024879_1.wav,18264000,18384000,7051,120000,197.90999999999997,138.75999999999996,336.66999999999996,120000,10,1,1554.0,120000,29240.0,16,1827.5,24
20190618_135122_024883.wav,16289000,16409000,5011,120000,16.92,4.52,21.439999999999998,120000,0,0,0.0,120000,0.0,0,,0
20220731_113759_045737_2.wav,5817000,5937000,7131,120000,134.61,72.41,207.02,120000,0,0,0.0,120000,0.0,0,,0
20201104_094551_024882_1.wav,16289000,16409000,3871,120000,45.34,5.6899999999999995,51.03,120000,11,0,0.0,120000,5639.0,11,512.6363636363636,10
20210318_114924_043305_2.wav,6837000,6957000,5181,120000,44.019999999999996,65.89,109.91,120000,5,0,0.0,120000,8925.0,6,1487.5,5
20210414_211244_024882_1.wav,49860000,49980000,5371,120000,0.0,0.0,0.0,120000,0,0,0.0,120000,0.0,0,,0
20210318_114924_043305_2.wav,2072000,2192000,5181,120000,31.97,40.18,72.14999999999999,120000,3,0,0.0,120000,3164.0,3,1054.6666666666667,3
20231025_115855_045737_2.wav,15408000,15528000,6731,120000,99.32000000000001,107.04,206.36,120000,7,0,0.0,120000,8712.0,7,1244.5714285714287,7
20201104_094551_024882_1.wav,48958000,49078000,3871,120000,79.43,15.91,95.33999999999999,120000,14,1,3414.0,120000,17434.0,15,1162.2666666666667,11
20230328_132555_045737_1.wav,18264000,18384000,6451,120000,3.21,0.0,3.21,120000,1,0,0.0,120000,872.0,1,872.0,0
20220513_113018_024879_2.wav,8264000,8384000,6371,120000,0.0,16.2,16.2,120000,4,0,0.0,120000,3317.0,4,829.25,0
20220731_113759_045737_2.wav,41905000,42025000,7131,120000,59.61,50.169999999999995,109.78,120000,16,0,0.0,120000,28460.0,19,1497.8947368421052,28
20181218_132113_024879.wav,36581000,36701000,3131,120000,46.190000000000005,17.62,63.809999999999995,120000,2,0,0.0,120000,7276.0,3,2425.3333333333335,2
20230131_124242_043302_2.wav,5817000,5937000,7251,120000,180.22,238.2,418.41999999999996,120000,3,0,0.0,120000,2135.0,3,711.6666666666666,6
20210504_102146_025480_2.wav,39778000,39898000,6261,120000,121.68,3.17,124.85000000000001,120000,7,0,0.0,120000,5692.0,7,813.1428571428571,8
20230321_124603_024879_1.wav,18264000,18384000,7291,120000,120.22,67.63,187.85,120000,3,1,1762.0,120000,4814.0,4,1203.5,7
20230301_083834_024880_2.wav,34798000,34918000,6921,120000,96.78,125.25,222.03,120000,4,1,869.0,120000,3021.0,5,604.2,8
20211022_110857_045737_2.wav,36581000,36701000,6161,120000,4.23,17.8,22.03,120000,2,0,0.0,120000,4475.0,2,2237.5,0
20210624_093317_024883_2.wav,41905000,42025000,5851,120000,7.99,2.53,10.52,120000,0,0,0.0,120000,0.0,0,,0
20180808_110630_024879.wav,2072000,2192000,3501,120000,2.56,4.95,7.51,120000,5,0,0.0,120000,2654.0,5,530.8,0
20231025_115855_045737_2.wav,16567000,16687000,6731,120000,25.11,4.85,29.96,120000,7,1,2359.0,120000,63934.0,15,4262.266666666666,13
20190828_145547_024884_2.wav,14868000,14988000,5061,120000,211.73999999999998,53.860000000000014,265.6,120000,9,4,10529.0,120000,17913.0,13,1377.923076923077,18
20230425_114841_045738_2.wav,28611000,28731000,6212,120000,0.0,0.0,0.0,120000,0,0,0.0,120000,0.0,0,,0
20211019_120823_045733_2.wav,39778000,39898000,6461,120000,22.509999999999998,0.0,22.509999999999998,120000,14,2,3293.0,120000,27510.0,17,1618.235294117647,9
20220829_105740_024880_2.wav,14868000,14988000,7171,120000,32.199999999999996,0.0,32.199999999999996,120000,2,5,18712.0,120000,34188.0,9,3798.6666666666665,8
20220720_091357_024879_1.wav,7296000,7416000,7051,120000,0.0,0.0,0.0,120000,1,0,0.0,120000,525.0,1,525.0,0
20191004_125707_025480_2.wav,1799000,1919000,4001,120000,54.54,1.29,55.830000000000005,120000,4,0,0.0,120000,5365.0,6,894.1666666666666,3
20210414_211244_024882_1.wav,6837000,6957000,5371,120000,21.92,174.79,196.70999999999998,120000,4,0,0.0,120000,2223.0,4,555.75,7
20220728_144904_024880_2.wav,5817000,5937000,7101,120000,83.43,19.619999999999997,103.05000000000001,120000,6,2,3296.0,120000,24393.0,10,2439.3,9
20211103_114626_022870_1.wav,36581000,36701000,6382,120000,15.709999999999999,24.35,40.06,120000,1,0,0.0,120000,199.0,1,199.0,0
20230301_083834_024880_2.wav,14868000,14988000,6921,120000,0.0,0.0,0.0,120000,0,0,0.0,120000,0.0,0,,0
20210414_211244_024882_1.wav,14868000,14988000,5371,120000,70.42,127.79,198.20999999999998,120000,8,2,7531.0,120000,19433.0,11,1766.6363636363637,17
20230308_094400_045733_2.wav,16289000,16409000,7121,120000,0.0,0.0,0.0,120000,0,0,0.0,120000,0.0,0,,0
20220513_113018_024879_2.wav,3478000,3598000,6371,120000,16.68,7.2,23.88,120000,6,0,0.0,120000,10439.0,6,1739.8333333333333,3
20230321_124603_024879_1.wav,49860000,49980000,7291,120000,0.0,0.0,0.0,120000,0,0,0.0,120000,0.0,0,,0
20180906_133202_022870.wav,36581000,36701000,3461,120000,22.560000000000002,5.61,28.17,120000,5,2,2583.0,120000,8441.0,7,1205.857142857143,6
20220711_142955_024883_2.wav,1639000,1759000,7011,120000,39.459999999999994,0.0,39.459999999999994,120000,15,1,1298.0,120000,30994.0,16,1937.125,10
20220720_091357_024879_1.wav,6837000,6957000,7051,120000,0.0,0.0,0.0,120000,7,1,2560.0,120000,7256.0,8,907.0,0
20230208_103250_043299_1.wav,39778000,39898000,7261,120000,24.669999999999998,116.17999999999999,140.85,120000,21,0,0.0,120000,42057.0,24,1752.375,29
20201210_142957_025480_2.wav,6620000,6740000,5901,120000,73.83,28.74,102.57,120000,22,0,0.0,120000,22061.0,22,1002.7727272727273,7
20221129_154915_045733_1.wav,5817000,5937000,6641,120000,27.32,3.16,30.479999999999997,120000,6,0,0.0,120000,16777.0,7,2396.714285714286,3
20211019_120823_045733_2.wav,18264000,18384000,6461,120000,32.36,0.0,32.36,120000,0,0,0.0,120000,0.0,0,,0
20210127_103244_024879_1.wav,49860000,49980000,5461,120000,9.780000000000001,0.0,9.780000000000001,120000,3,0,0.0,120000,1232.0,3,410.6666666666667,0
20190307_091344_022872.wav,49225000,49345000,3951,120000,0.0,0.0,0.0,120000,0,0,0.0,120000,0.0,0,,0
20210318_114509_043298.wav,49225000,49345000,5961,120000,5.26,0.0,5.26,120000,0,0,0.0,120000,0.0,0,,0
20230131_124242_043302_2.wav,7296000,7416000,7251,120000,53.93,7.79,61.72,120000,3,0,0.0,120000,3214.0,3,1071.3333333333333,5
20181218_132113_024879.wav,6837000,6957000,3131,120000,270.96000000000004,38.75,309.71000000000004,120000,3,2,2406.0,120000,6872.0,6,1145.3333333333333,10
20190307_091344_022872.wav,48958000,49078000,3951,120000,0.0,0.0,0.0,120000,1,0,0.0,120000,397.0,1,397.0,0
20230321_124603_024879_1.wav,5817000,5937000,7291,120000,37.13,0.0,37.13,120000,1,0,0.0,120000,3868.0,3,1289.3333333333333,1
20230321_124603_024879_1.wav,9384000,9504000,7291,120000,79.74,8.3,88.03999999999999,120000,2,1,7467.0,120000,75703.0,12,6308.583333333333,19
20230321_124603_024879_1.wav,1639000,1759000,7291,120000,143.56,42.089999999999996,185.64999999999998,120000,11,0,0.0,120000,13108.0,11,1191.6363636363637,11
20190828_145547_024884_2.wav,1639000,1759000,5061,120000,211.75,47.39,259.14,120000,11,0,0.0,120000,12743.0,11,1158.4545454545455,13
20230308_094400_045733_2.wav,1639000,1759000,7121,120000,21.869999999999997,26.34,48.21,120000,18,6,8128.0,120000,27210.0,25,1088.4,18
20180530_181655_022873.wav,18264000,18384000,3321,120000,38.0,0.0,38.0,120000,12,1,2018.0,120000,60574.0,17,3563.176470588235,9
20230301_083834_024880_2.wav,6837000,6957000,6921,120000,0.0,0.0,0.0,120000,0,0,0.0,120000,0.0,0,,0
20221018_135301_043300_4.wav,18264000,18384000,7201,120000,0.0,0.0,0.0,120000,0,0,0.0,120000,0.0,0,,0
20200414_130512_024879_2.wav,2072000,2192000,3941,120000,35.79,3.63,39.42,120000,12,1,3085.0,120000,20039.0,13,1541.4615384615386,6
20210624_093317_024883_2.wav,36581000,36701000,5851,120000,3.37,38.1,41.47,120000,5,5,15020.0,120000,22988.0,12,1915.6666666666667,4
20230228_124411_043305_2.wav,49225000,49345000,7141,120000,0.0,0.0,0.0,120000,0,0,0.0,120000,0.0,0,,0
20190819_210318_025481_2.wav,2202000,2322000,3362,120000,30.67,1.49,32.16,120000,4,4,9206.0,120000,20312.0,9,2256.8888888888887,5
20190819_210318_025481_2.wav,28611000,28731000,3362,120000,49.080000000000005,11.08,60.16000000000001,120000,10,0,0.0,120000,26351.0,13,2027.0,12
20180530_181655_022873.wav,2202000,2322000,3321,120000,46.32,7.72,54.040000000000006,120000,10,0,0.0,120000,14344.0,11,1304.0,9
20230131_124242_043302_2.wav,6837000,6957000,7251,120000,8.29,0.0,8.29,120000,12,4,21073.0,120000,42165.0,18,2342.5,3
20191004_125707_025480_2.wav,12906000,13026000,4001,120000,136.51999999999998,30.730000000000004,167.25000000000003,120000,5,1,768.0,120000,6930.0,8,866.25,9
20180530_181655_022873.wav,15408000,15528000,3321,120000,32.22,4.57,36.79,120000,7,1,3915.0,120000,90070.0,15,6004.666666666667,11
20230110_120835_024882_2.wav,6837000,6957000,7231,120000,24.680000000000003,157.06,181.74,120000,12,2,1455.0,120000,11544.0,14,824.5714285714286,18
20220726_115556_024883_2.wav,36581000,36701000,7111,120000,59.74,165.95999999999998,225.7,120000,18,3,3558.0,120000,34501.0,26,1326.9615384615386,28
20230131_124242_043302_2.wav,36581000,36701000,7251,120000,53.97,0.0,53.97,120000,10,0,0.0,120000,20132.0,12,1677.6666666666667,7
20191004_125707_025480_2.wav,3897000,4017000,4001,120000,32.92,16.3,49.22,120000,2,0,0.0,120000,57424.0,11,5220.363636363636,11
20210624_093317_024883_2.wav,6837000,6957000,5851,120000,147.52,10.61,158.13,120000,5,1,1262.0,120000,5641.0,6,940.1666666666666,10
20201210_142957_025480_2.wav,14868000,14988000,5901,120000,44.199999999999996,0.0,44.199999999999996,120000,2,0,0.0,120000,2314.0,2,1157.0,3
20230308_093128_024882_2.wav,28611000,28731000,6761,120000,20.79,0.0,20.79,120000,5,0,0.0,120000,7163.0,5,1432.6,2
20190618_135122_024883.wav,7296000,7416000,5011,120000,8.86,6.62,15.479999999999999,120000,0,0,0.0,120000,0.0,0,,0
20220731_113759_045737_2.wav,14868000,14988000,7131,120000,9.08,8.280000000000001,17.36,120000,1,0,0.0,120000,174.0,1,174.0,1
20210624_093317_024883_2.wav,16289000,16409000,5851,120000,4.5,0.0,4.5,120000,0,0,0.0,120000,0.0,0,,0
20180530_181655_022873.wav,5817000,5937000,3321,120000,33.58,0.0,33.58,120000,8,0,0.0,120000,8855.0,8,1106.875,4
20230228_124411_043305_2.wav,5817000,5937000,7141,120000,15.309999999999999,0.0,15.309999999999999,120000,2,0,0.0,120000,993.0,2,496.5,0
20230405_090552_045738_2.wav,6837000,6957000,7281,120000,11.82,66.36,78.18,120000,15,3,12186.0,120000,34554.0,20,1727.7,14
20210318_114509_043298.wav,39778000,39898000,5961,120000,53.59,120.22,173.81000000000003,120000,4,0,0.0,120000,3351.0,4,837.75,6
20230328_132555_045737_1.wav,16289000,16409000,6451,120000,5.76,38.480000000000004,44.239999999999995,120000,0,0,0.0,120000,0.0,0,,0
20210504_102146_025480_2.wav,15408000,15528000,6261,120000,99.66999999999999,18.51,118.17999999999999,120000,2,2,4752.0,120000,6862.0,4,1715.5,7
20230328_132555_045737_1.wav,6837000,6957000,6451,120000,204.13000000000002,13.629999999999999,217.76000000000002,120000,1,2,1227.0,120000,2245.0,3,748.3333333333334,6
20221129_154915_045733_1.wav,2202000,2322000,6641,120000,106.39000000000001,29.4,135.79,120000,20,5,12281.0,120000,32248.0,25,1289.92,35
20211103_114626_022870_1.wav,41905000,42025000,6382,120000,135.07,109.8,244.87,120000,8,5,6614.0,120000,25666.0,16,1604.125,23
20230301_083834_024880_2.wav,2072000,2192000,6921,120000,104.60999999999999,254.00999999999996,358.62000000000006,120000,0,0,0.0,120000,0.0,0,,0
20201210_142957_025480_2.wav,2072000,2192000,5901,120000,0.0,2.58,2.58,120000,1,0,0.0,120000,123.0,1,123.0,0
20230110_120835_024882_2.wav,9384000,9504000,7231,120000,0.0,0.0,0.0,120000,6,0,0.0,120000,5987.0,6,997.8333333333334,0
20231025_115855_045737_2.wav,2202000,2322000,6731,120000,9.98,0.0,9.98,120000,7,2,5196.0,120000,20416.0,10,2041.6,4
20200312_145204_022874.wav,7554000,7674000,3931,120000,28.4,34.239999999999995,62.64,120000,9,0,0.0,120000,9544.0,9,1060.4444444444443,10
20180808_110630_024879.wav,14868000,14988000,3501,120000,0.0,0.0,0.0,120000,0,0,0.0,120000,0.0,0,,0
20180906_133202_022870.wav,9384000,9504000,3461,120000,0.0,0.0,0.0,120000,1,0,0.0,120000,3083.0,1,3083.0,0
20190307_091344_022872.wav,41905000,42025000,3951,120000,28.889999999999997,61.53,90.41999999999999,120000,5,0,0.0,120000,35335.0,22,1606.1363636363637,25
20180530_181655_022873.wav,6620000,6740000,3321,120000,61.699999999999996,0.0,61.699999999999996,120000,11,0,0.0,120000,21314.0,14,1522.4285714285713,4
20230228_124411_043305_2.wav,16289000,16409000,7141,120000,63.47,48.13999999999999,111.61000000000003,120000,8,0,0.0,120000,8875.0,8,1109.375,10
20230308_093128_024882_2.wav,6837000,6957000,6761,120000,185.25000000000003,101.13000000000001,286.37999999999994,120000,5,0,0.0,120000,8463.0,6,1410.5,11
20230405_090552_045738_2.wav,28611000,28731000,7281,120000,0.0,0.0,0.0,120000,0,0,0.0,120000,0.0,0,,0
20230228_124411_043305_2.wav,48958000,49078000,7141,120000,0.0,0.0,0.0,120000,0,0,0.0,120000,0.0,0,,0
20211019_120823_045733_2.wav,16289000,16409000,6461,120000,0.0,0.0,0.0,120000,0,0,0.0,120000,0.0,0,,0
20180530_181655_022873.wav,9384000,9504000,3321,120000,25.97,3.78,29.75,120000,14,1,1838.0,120000,35589.0,17,2093.470588235294,7
20230308_094400_045733_2.wav,2202000,2322000,7121,120000,30.45,77.45,107.89999999999998,120000,19,2,3408.0,120000,36647.0,26,1409.5,32
20210504_102146_025480_2.wav,1639000,1759000,6261,120000,93.43,19.5,112.93,120000,3,3,10649.0,120000,11791.0,6,1965.1666666666667,7
20220805_082527_043300_2.wav,6620000,6740000,6981,120000,293.52,7.67,301.19,120000,10,0,0.0,120000,23281.0,14,1662.9285714285713,22
20230301_083834_024880_2.wav,5817000,5937000,6921,120000,47.49999999999999,50.57,98.07000000000001,120000,0,0,0.0,120000,0.0,0,,0
20201210_142957_025480_2.wav,2202000,2322000,5901,120000,11.959999999999999,0.0,11.959999999999999,120000,6,0,0.0,120000,6877.0,8,859.625,1
20200414_125938_024878_2.wav,1639000,1759000,4011,120000,18.82,12.77,31.59,120000,15,0,0.0,120000,30344.0,16,1896.5,6
20200312_145204_022874.wav,11687000,11807000,3931,120000,171.50999999999996,119.49000000000001,290.99999999999994,120000,8,0,0.0,120000,11219.0,8,1402.375,12
20220728_144904_024880_2.wav,36581000,36701000,7101,120000,46.92,11.479999999999999,58.4,120000,7,3,27783.0,120000,38850.0,10,3885.0,9
20201210_142957_025480_2.wav,7296000,7416000,5901,120000,0.0,0.0,0.0,120000,1,0,0.0,120000,518.0,1,518.0,0
20220513_113018_024879_2.wav,2968000,3088000,6371,120000,11.86,4.1,15.96,120000,4,0,0.0,120000,4689.0,4,1172.25,0
20180906_133202_022870.wav,2202000,2322000,3461,120000,121.19,7.59,128.78,120000,11,0,0.0,120000,30780.0,17,1810.5882352941176,16
20181218_132113_024879.wav,45308000,45428000,3131,120000,5.47,0.0,5.47,120000,0,0,0.0,120000,0.0,0,,0
20220720_091357_024879_1.wav,14868000,14988000,7051,120000,114.67,129.4,244.07,120000,16,1,1328.0,120000,27344.0,18,1519.111111111111,29
20230308_093128_024882_2.wav,2072000,2192000,6761,120000,25.11,24.0,49.11,120000,8,2,6419.0,120000,20021.0,10,2002.1,5
20220711_142955_024883_2.wav,39778000,39898000,7011,120000,265.35,115.88,381.22999999999996,120000,2,0,0.0,120000,463.0,2,231.5,3
20190828_145547_024884_2.wav,5817000,5937000,5061,120000,268.88,19.939999999999998,288.82,120000,10,1,2341.0,120000,21166.0,14,1511.857142857143,24
20210504_102146_025480_2.wav,14868000,14988000,6261,120000,59.34,29.48,88.82,120000,4,7,17827.0,120000,22944.0,11,2085.818181818182,13
20180808_110630_024879.wav,39778000,39898000,3501,120000,43.379999999999995,36.51,79.89000000000001,120000,11,1,896.0,120000,43871.0,17,2580.6470588235293,9
20230308_094400_045733_2.wav,9384000,9504000,7121,120000,0.0,0.0,0.0,120000,8,1,797.0,120000,13492.0,9,1499.111111111111,0
20210318_114509_043298.wav,49860000,49980000,5961,120000,0.0,0.0,0.0,120000,0,0,0.0,120000,0.0,0,,0
20210127_103244_024879_1.wav,9384000,9504000,5461,120000,6.0600000000000005,0.0,6.0600000000000005,120000,4,0,0.0,120000,10977.0,6,1829.5,2
20230308_094400_045733_2.wav,41905000,42025000,7121,120000,84.79,61.6,146.39,120000,10,0,0.0,120000,24205.0,13,1861.923076923077,19
20210624_093317_024883_2.wav,2072000,2192000,5851,120000,129.13,14.370000000000001,143.5,120000,7,1,1245.0,120000,11713.0,8,1464.125,16
20220513_113018_024879_2.wav,23134000,23254000,6371,120000,67.84,29.56,97.4,120000,13,0,0.0,120000,21493.0,19,1131.2105263157894,17
20190618_135122_024883.wav,9384000,9504000,5011,120000,45.199999999999996,28.64,73.84,120000,6,0,0.0,120000,76572.0,24,3190.5,21
20220726_115556_024883_2.wav,41905000,42025000,7111,120000,0.0,0.0,0.0,120000,0,0,0.0,120000,0.0,0,,0
20220728_144904_024880_2.wav,6837000,6957000,7101,120000,27.959999999999997,0.0,27.959999999999997,120000,7,1,933.0,120000,11989.0,8,1498.625,1
20220726_115556_024883_2.wav,2202000,2322000,7111,120000,7.92,0.0,7.92,120000,3,0,0.0,120000,5292.0,3,1764.0,1
20191004_125707_025480_2.wav,9775000,9895000,4001,120000,84.80000000000001,0.0,84.80000000000001,120000,20,0,0.0,120000,35669.0,23,1550.8260869565217,23
20210504_102146_025480_2.wav,2202000,2322000,6261,120000,53.339999999999996,0.0,53.339999999999996,120000,2,0,0.0,120000,589.0,2,294.5,2
20230321_124603_024879_1.wav,6837000,6957000,7291,120000,118.07,41.33,159.39999999999998,120000,9,1,1075.0,120000,17967.0,11,1633.3636363636363,10
20210318_114924_043305_2.wav,2202000,2322000,5181,120000,62.529999999999994,0.0,62.529999999999994,120000,2,0,0.0,120000,1612.0,2,806.0,1
20230328_132555_045737_1.wav,5817000,5937000,6451,120000,99.91,5.95,105.86,120000,13,4,8395.0,120000,32907.0,18,1828.1666666666667,29
20230208_103250_043299_1.wav,7296000,7416000,7261,120000,99.83999999999999,0.0,99.83999999999999,120000,18,0,0.0,120000,25717.0,19,1353.5263157894738,16
20180530_181655_022873.wav,2072000,2192000,3321,120000,40.38,0.0,40.38,120000,16,1,2567.0,120000,39934.0,18,2218.5555555555557,9
20190828_145547_024884_2.wav,6620000,6740000,5061,120000,199.26,46.01,245.27,120000,19,1,1296.0,120000,22650.0,22,1029.5454545454545,30
20180906_133202_022870.wav,14868000,14988000,3461,120000,0.0,0.0,0.0,120000,10,0,0.0,120000,17070.0,11,1551.8181818181818,0
20230110_120835_024882_2.wav,5817000,5937000,7231,120000,65.86,19.919999999999998,85.78000000000002,120000,1,1,651.0,120000,1670.0,2,835.0,2
20180808_111213_024881.wav,7296000,7416000,2761,120000,76.14999999999999,0.0,76.14999999999999,120000,1,0,0.0,120000,643.0,1,643.0,1
20180809_181624_025481.wav,6620000,6740000,2781,120000,56.980000000000004,0.0,56.980000000000004,120000,2,0,0.0,120000,1060.0,2,530.0,2
20220711_142955_024883_2.wav,5817000,5937000,7011,120000,4.95,0.0,4.95,120000,11,1,1426.0,120000,22495.0,14,1606.7857142857142,4
20210127_103244_024879_1.wav,14868000,14988000,5461,120000,263.72,68.14,331.86,120000,0,0,0.0,120000,0.0,0,,0
20190307_091344_022872.wav,39778000,39898000,3951,120000,58.92,3.87,62.78999999999999,120000,5,0,0.0,120000,6259.0,5,1251.8,3
20210318_114924_043305_2.wav,39778000,39898000,5181,120000,39.14,164.34,203.48000000000002,120000,10,1,1240.0,120000,10700.0,12,891.6666666666666,17
20220726_115556_024883_2.wav,16289000,16409000,7111,120000,0.0,0.0,0.0,120000,0,0,0.0,120000,0.0,0,,0
20210624_093317_024883_2.wav,2202000,2322000,5851,120000,165.15,6.63,171.77999999999997,120000,11,3,6224.0,120000,23983.0,15,1598.8666666666666,22
20230425_114841_045738_2.wav,7296000,7416000,6212,120000,34.52,37.05,71.57000000000001,120000,7,0,0.0,120000,4156.0,7,593.7142857142857,8
20220712_113417_045737_3.wav,6837000,6957000,7061,120000,26.65,0.0,26.65,120000,11,1,1482.0,120000,32960.0,14,2354.285714285714,6
20230208_103250_043299_1.wav,16289000,16409000,7261,120000,8.459999999999999,0.0,8.459999999999999,120000,15,1,3826.0,120000,39852.0,17,2344.235294117647,7
20220726_115556_024883_2.wav,45308000,45428000,7111,120000,0.0,5.22,5.22,120000,0,0,0.0,120000,0.0,0,,0
20211022_110857_045737_2.wav,41905000,42025000,6161,120000,0.0,0.0,0.0,120000,0,0,0.0,120000,0.0,0,,0
20220829_105740_024880_2.wav,41905000,42025000,7171,120000,10.0,0.0,10.0,120000,17,2,8865.0,120000,62254.0,20,3112.7,7
20190618_135122_024883.wav,18264000,18384000,5011,120000,67.92,50.38,118.3,120000,8,1,810.0,120000,6292.0,9,699.1111111111111,10
20180809_181624_025481.wav,2072000,2192000,2781,120000,40.87,7.470000000000001,48.339999999999996,120000,9,5,14971.0,120000,60869.0,20,3043.45,16
20220731_113759_045737_2.wav,9384000,9504000,7131,120000,19.52,67.69,87.21,120000,2,0,0.0,120000,1557.0,2,778.5,0
20180808_110630_024879.wav,28611000,28731000,3501,120000,24.89,31.430000000000007,56.32,120000,7,2,6929.0,120000,74696.0,21,3556.9523809523807,21
20211019_120823_045733_2.wav,7296000,7416000,6461,120000,7.12,7.54,14.66,120000,7,0,0.0,120000,13476.0,7,1925.142857142857,2
20220805_082527_043300_2.wav,14868000,14988000,6981,120000,0.0,0.0,0.0,120000,0,0,0.0,120000,0.0,0,,0
20220829_105740_024880_2.wav,5817000,5937000,7171,120000,126.26999999999998,0.0,126.26999999999998,120000,1,0,0.0,120000,1242.0,1,1242.0,2
20230425_114841_045738_2.wav,39778000,39898000,6212,120000,8.87,0.0,8.87,120000,7,0,0.0,120000,7672.0,7,1096.0,0
20220711_142955_024883_2.wav,6837000,6957000,7011,120000,0.0,0.0,0.0,120000,4,0,0.0,120000,5311.0,4,1327.75,0
20200414_125938_024878_2.wav,6837000,6957000,4011,120000,12.17,117.06999999999998,129.24,120000,6,0,0.0,120000,12080.0,8,1510.0,11
20211103_114626_022870_1.wav,28611000,28731000,6382,120000,0.0,0.0,0.0,120000,0,0,0.0,120000,0.0,0,,0
20201104_094551_024882_1.wav,49860000,49980000,3871,120000,0.0,4.83,4.83,120000,0,0,0.0,120000,0.0,0,,0
20230425_114841_045738_2.wav,1639000,1759000,6212,120000,52.230000000000004,0.0,52.230000000000004,120000,3,0,0.0,120000,1878.0,3,626.0,4
20210318_114924_043305_2.wav,7296000,7416000,5181,120000,30.39,31.55,61.94,120000,13,1,1358.0,120000,11366.0,15,757.7333333333333,11
20220805_082527_043300_2.wav,36581000,36701000,6981,120000,186.69,2.74,189.43,120000,1,0,0.0,120000,2305.0,2,1152.5,2
20181218_132113_024879.wav,48958000,49078000,3131,120000,0.0,0.0,0.0,120000,0,0,0.0,120000,0.0,0,,0
20180808_110630_024879.wav,1639000,1759000,3501,120000,62.39,20.709999999999997,83.10000000000001,120000,8,4,5088.0,120000,10844.0,12,903.6666666666666,16
20190307_114201_025481.wav,1639000,1759000,3891,120000,62.84,62.46,125.29999999999998,120000,5,1,1981.0,120000,6845.0,6,1140.8333333333333,6
20190307_091344_022872.wav,5817000,5937000,3951,120000,112.60000000000001,2.77,115.37,120000,6,0,0.0,120000,11029.0,7,1575.5714285714287,9
20210414_211244_024882_1.wav,1639000,1759000,5371,120000,38.019999999999996,0.0,38.019999999999996,120000,5,1,2025.0,120000,9469.0,6,1578.1666666666667,2
20180808_111213_024881.wav,5817000,5937000,2761,120000,0.0,0.0,0.0,120000,2,0,0.0,120000,6539.0,2,3269.5,0
20211103_114626_022870_1.wav,6620000,6740000,6382,120000,29.9,80.93999999999998,110.84,120000,2,2,3065.0,120000,9995.0,5,1999.0,9
20200414_130512_024879_2.wav,14868000,14988000,3941,120000,158.70000000000002,3.98,162.68,120000,5,1,1455.0,120000,6901.0,6,1150.1666666666667,6
20230228_124411_043305_2.wav,39778000,39898000,7141,120000,0.0,0.0,0.0,120000,0,0,0.0,120000,0.0,0,,0
20230308_094400_045733_2.wav,5817000,5937000,7121,120000,175.08999999999997,76.86999999999999,251.95999999999998,120000,12,4,3975.0,120000,16870.0,17,992.3529411764706,23
20230110_120835_024882_2.wav,1639000,1759000,7231,120000,36.6,85.02,121.61999999999998,120000,8,3,5429.0,120000,12417.0,11,1128.8181818181818,4
20230425_114841_045738_2.wav,5817000,5937000,6212,120000,58.69,50.099999999999994,108.79,120000,3,0,0.0,120000,1248.0,3,416.0,4
20220726_115556_024883_2.wav,39778000,39898000,7111,120000,0.0,0.0,0.0,120000,0,0,0.0,120000,0.0,0,,0
20230301_083834_024880_2.wav,9384000,9504000,6921,120000,0.0,0.0,0.0,120000,0,0,0.0,120000,0.0,0,,0
20210624_093317_024883_2.wav,45308000,45428000,5851,120000,0.0,0.0,0.0,120000,0,0,0.0,120000,0.0,0,,0
20221129_154915_045733_1.wav,28611000,28731000,6641,120000,23.47,6.21,29.68,120000,8,0,0.0,120000,9441.0,8,1180.125,3
20220805_082527_043300_2.wav,1639000,1759000,6981,120000,201.29999999999998,19.58,220.87999999999997,120000,5,0,0.0,120000,7357.0,6,1226.1666666666667,11
20231025_115855_045737_2.wav,9384000,9504000,6731,120000,40.989999999999995,83.73000000000002,124.72000000000001,120000,3,0,0.0,120000,3286.0,3,1095.3333333333333,5
20190819_210318_025481_2.wav,18264000,18384000,3362,120000,79.38000000000001,6.289999999999999,85.67000000000002,120000,5,0,0.0,120000,8642.0,6,1440.3333333333333,5
20230425_114841_045738_2.wav,14868000,14988000,6212,120000,12.67,5.68,18.35,120000,1,0,0.0,120000,729.0,1,729.0,1
20230228_124411_043305_2.wav,1639000,1759000,7141,120000,50.17999999999999,17.96,68.13999999999999,120000,0,0,0.0,120000,0.0,0,,0
20190307_091344_022872.wav,49860000,49980000,3951,120000,0.0,0.0,0.0,120000,0,0,0.0,120000,0.0,0,,0
20230308_093128_024882_2.wav,18264000,18384000,6761,120000,0.0,0.0,0.0,120000,1,0,0.0,120000,307.0,1,307.0,0
20220712_113417_045737_3.wav,6620000,6740000,7061,120000,93.66,7.529999999999999,101.19,120000,3,0,0.0,120000,4995.0,3,1665.0,2
20190307_114201_025481.wav,6620000,6740000,3891,120000,180.32999999999998,20.79,201.12000000000003,120000,4,0,0.0,120000,4109.0,4,1027.25,8
20220726_115556_024883_2.wav,7296000,7416000,7111,120000,240.18,0.0,240.18,120000,10,10,15039.0,120000,25125.0,21,1196.4285714285713,37
20230228_124411_043305_2.wav,41905000,42025000,7141,120000,0.0,0.0,0.0,120000,0,0,0.0,120000,0.0,0,,0
20200312_145204_022874.wav,1502000,1622000,3931,120000,11.21,11.629999999999999,22.840000000000003,120000,1,0,0.0,120000,10785.0,3,3595.0,2
20210318_114924_043305_2.wav,28611000,28731000,5181,120000,121.04999999999998,6.07,127.12,120000,7,0,0.0,120000,6195.0,7,885.0,6
20191004_125707_025480_2.wav,10754000,10874000,4001,120000,201.38,13.870000000000001,215.25000000000003,120000,9,2,1137.0,120000,15952.0,12,1329.3333333333333,17
20180906_133202_022870.wav,18264000,18384000,3461,120000,0.0,0.0,0.0,120000,0,0,0.0,120000,0.0,0,,0
20230131_124242_043302_2.wav,28611000,28731000,7251,120000,88.42,0.0,88.42,120000,11,0,0.0,120000,9522.0,11,865.6363636363636,11
20210414_211244_024882_1.wav,45308000,45428000,5371,120000,7.47,27.479999999999997,34.949999999999996,120000,4,0,0.0,120000,1743.0,4,435.75,1
20230301_083834_024880_2.wav,2202000,2322000,6921,120000,70.94999999999999,190.18,261.13000000000005,120000,0,0,0.0,120000,0.0,0,,0
20200414_130512_024879_2.wav,5817000,5937000,3941,120000,89.32000000000001,27.96,117.28000000000002,120000,15,0,0.0,120000,30270.0,19,1593.157894736842,19
20220829_105740_024880_2.wav,6837000,6957000,7171,120000,0.0,0.0,0.0,120000,0,0,0.0,120000,0.0,0,,0
20191004_125707_025480_2.wav,4252000,4372000,4001,120000,36.269999999999996,52.28,88.55,120000,3,1,857.0,120000,3496.0,4,874.0,5
20230301_083834_024880_2.wav,7296000,7416000,6921,120000,93.58,5.65,99.23,120000,1,0,0.0,120000,729.0,1,729.0,1
20190307_091344_022872.wav,18264000,18384000,3951,120000,75.65,10.329999999999998,85.98,120000,9,1,2395.0,120000,18861.0,11,1714.6363636363637,12
20230308_093128_024882_2.wav,5817000,5937000,6761,120000,34.09,53.61,87.7,120000,4,0,0.0,120000,5422.0,4,1355.5,3
20201104_094551_024882_1.wav,1639000,1759000,3871,120000,142.10999999999999,9.76,151.87,120000,27,0,0.0,120000,34875.0,27,1291.6666666666667,34
20211103_114626_022870_1.wav,2072000,2192000,6382,120000,12.53,28.570000000000004,41.099999999999994,120000,3,0,0.0,120000,6006.0,3,2002.0,2
20210624_093317_024883_2.wav,7296000,7416000,5851,120000,248.15999999999997,32.18,280.34,120000,1,0,0.0,120000,1124.0,1,1124.0,1
20220728_144904_024880_2.wav,41905000,42025000,7101,120000,88.83,55.61000000000001,144.44,120000,6,3,5538.0,120000,18240.0,9,2026.6666666666667,14
20230110_120835_024882_2.wav,2072000,2192000,7231,120000,51.62,65.63,117.25,120000,6,0,0.0,120000,5773.0,7,824.7142857142857,7
20180906_131431_024882.wav,36581000,36701000,3591,120000,51.35999999999999,0.0,51.35999999999999,120000,8,0,0.0,120000,14620.0,8,1827.5,8
20220513_113018_024879_2.wav,20952000,21072000,6371,120000,4.609999999999999,17.200000000000003,21.810000000000002,120000,7,0,0.0,120000,18350.0,9,2038.888888888889,2
20230405_090552_045738_2.wav,39778000,39898000,7281,120000,70.85,32.089999999999996,102.94,120000,13,1,1564.0,120000,15878.0,14,1134.142857142857,15
20180809_181624_025481.wav,18264000,18384000,2781,120000,0.0,0.0,0.0,120000,0,0,0.0,120000,0.0,0,,0
20191004_125707_025480_2.wav,11927000,12047000,4001,120000,54.269999999999996,6.69,60.959999999999994,120000,10,4,10173.0,120000,22563.0,14,1611.642857142857,10
20220829_105740_024880_2.wav,16289000,16409000,7171,120000,21.4,4.12,25.52,120000,7,0,0.0,120000,42882.0,11,3898.3636363636365,3
20180808_111213_024881.wav,1639000,1759000,2761,120000,79.94000000000001,2.99,82.93,120000,2,0,0.0,120000,3159.0,2,1579.5,3
20230405_090552_045738_2.wav,9384000,9504000,7281,120000,35.24,79.37999999999998,114.61999999999998,120000,13,3,5791.0,120000,24365.0,18,1353.611111111111,16
20220711_142955_024883_2.wav,48958000,49078000,7011,120000,0.0,0.0,0.0,120000,0,0,0.0,120000,0.0,0,,0
20230110_120835_024882_2.wav,16289000,16409000,7231,120000,0.0,0.0,0.0,120000,0,0,0.0,120000,0.0,0,,0
20230328_132555_045737_1.wav,49860000,49980000,6451,120000,0.0,0.0,0.0,120000,0,0,0.0,120000,0.0,0,,0
20180906_131431_024882.wav,49860000,49980000,3591,120000,76.25,9.52,85.76999999999998,120000,10,2,2062.0,120000,17354.0,15,1156.9333333333334,11
20220513_113018_024879_2.wav,20429000,20549000,6371,120000,0.0,13.55,13.55,120000,0,0,0.0,120000,0.0,0,,0
20180906_131431_024882.wav,1639000,1759000,3591,120000,209.64000000000001,16.09,225.73000000000005,120000,2,2,1306.0,120000,3424.0,4,856.0,7
20200414_130512_024879_2.wav,1639000,1759000,3941,120000,46.09,69.5,115.59,120000,8,1,947.0,120000,14247.0,10,1424.7,14
20220513_113018_024879_2.wav,4812000,4932000,6371,120000,58.6,8.14,66.74,120000,4,0,0.0,120000,7058.0,5,1411.6,5
20211022_110857_045737_2.wav,1639000,1759000,6161,120000,27.87,6.36,34.23,120000,3,0,0.0,120000,3628.0,3,1209.3333333333333,2
20230131_124242_043302_2.wav,39778000,39898000,7251,120000,353.95,56.32999999999999,410.28,120000,10,0,0.0,120000,5086.0,10,508.6,14
20220829_105740_024880_2.wav,2072000,2192000,7171,120000,14.450000000000001,22.349999999999998,36.8,120000,2,0,0.0,120000,6161.0,2,3080.5,1
20220829_105740_024880_2.wav,7296000,7416000,7171,120000,0.0,10.73,10.73,120000,0,0,0.0,120000,0.0,0,,0
20200414_125938_024878_2.wav,2202000,2322000,4011,120000,50.73000000000001,18.36,69.09,120000,0,0,0.0,120000,0.0,0,,0
20221129_154915_045733_1.wav,45308000,45428000,6641,120000,84.99999999999999,22.6,107.6,120000,20,8,14793.0,120000,41123.0,30,1370.7666666666667,29
20230328_132555_045737_1.wav,49225000,49345000,6451,120000,0.0,0.0,0.0,120000,0,0,0.0,120000,0.0,0,,0
20210127_103244_024879_1.wav,6837000,6957000,5461,120000,53.82000000000001,24.340000000000003,78.16000000000001,120000,8,0,0.0,120000,9219.0,8,1152.375,8
20220720_091357_024879_1.wav,6620000,6740000,7051,120000,10.870000000000001,47.37,58.239999999999995,120000,11,4,12486.0,120000,54594.0,17,3211.4117647058824,16
20210414_211244_024882_1.wav,48958000,49078000,5371,120000,0.0,0.0,0.0,120000,0,0,0.0,120000,0.0,0,,0
20220712_113417_045737_3.wav,7296000,7416000,7061,120000,23.200000000000003,27.979999999999997,51.18,120000,10,2,5389.0,120000,47826.0,15,3188.4,13
20180906_133202_022870.wav,6620000,6740000,3461,120000,0.0,0.0,0.0,120000,6,2,2785.0,120000,9874.0,8,1234.25,0
20210127_103244_024879_1.wav,41905000,42025000,5461,120000,19.14,26.630000000000003,45.77,120000,0,0,0.0,120000,0.0,0,,0
20180808_111213_024881.wav,28611000,28731000,2761,120000,0.0,0.0,0.0,120000,0,0,0.0,120000,0.0,0,,0
20211019_120823_045733_2.wav,36581000,36701000,6461,120000,0.0,10.53,10.53,120000,1,0,0.0,120000,1137.0,1,1137.0,0
20230405_090552_045738_2.wav,36581000,36701000,7281,120000,40.239999999999995,13.12,53.36,120000,20,0,0.0,120000,27457.0,21,1307.4761904761904,5
20230301_083834_024880_2.wav,28611000,28731000,6921,120000,0.0,0.0,0.0,120000,0,0,0.0,120000,0.0,0,,0
20220726_115556_024883_2.wav,2072000,2192000,7111,120000,30.92,4.1,35.02,120000,8,2,5765.0,120000,12323.0,12,1026.9166666666667,6
20221018_135301_043300_4.wav,2202000,2322000,7201,120000,77.17000000000002,0.0,77.17000000000002,120000,4,0,0.0,120000,4568.0,4,1142.0,3
20230110_120835_024882_2.wav,28611000,28731000,7231,120000,57.31,153.89,211.2,120000,0,0,0.0,120000,0.0,0,,0
20190618_135122_024883.wav,5817000,5937000,5011,120000,2.52,0.0,2.52,120000,0,0,0.0,120000,0.0,0,,0
20210504_102146_025480_2.wav,9384000,9504000,6261,120000,52.95,15.04,67.99000000000001,120000,7,0,0.0,120000,12297.0,9,1366.3333333333333,5
20201210_142957_025480_2.wav,9384000,9504000,5901,120000,10.05,0.0,10.05,120000,0,0,0.0,120000,0.0,0,,0
20211103_114626_022870_1.wav,2202000,2322000,6382,120000,83.58,45.540000000000006,129.12,120000,2,1,911.0,120000,7683.0,5,1536.6,7
20190307_091344_022872.wav,45308000,45428000,3951,120000,16.73,9.540000000000001,26.269999999999992,120000,7,0,0.0,120000,10513.0,7,1501.857142857143,5
20230131_124242_043302_2.wav,14868000,14988000,7251,120000,12.44,27.87,40.31,120000,0,0,0.0,120000,0.0,0,,0
20230425_114841_045738_2.wav,9384000,9504000,6212,120000,17.35,13.76,31.11,120000,9,0,0.0,120000,15441.0,10,1544.1,6
20180809_181624_025481.wav,14868000,14988000,2781,120000,75.33999999999999,4.52,79.86,120000,11,2,5948.0,120000,31440.0,14,2245.714285714286,15
20220513_113018_024879_2.wav,9252000,9372000,6371,120000,70.64999999999999,10.95,81.6,120000,9,0,0.0,120000,41015.0,17,2412.6470588235293,20
20221129_154915_045733_1.wav,6837000,6957000,6641,120000,80.5,12.719999999999999,93.22,120000,12,0,0.0,120000,15698.0,14,1121.2857142857142,14
20230301_083834_024880_2.wav,16289000,16409000,6921,120000,0.0,0.0,0.0,120000,0,0,0.0,120000,0.0,0,,0
20210504_102146_025480_2.wav,5817000,5937000,6261,120000,50.94,8.58,59.52,120000,5,0,0.0,120000,8284.0,6,1380.6666666666667,4
20180906_131431_024882.wav,14868000,14988000,3591,120000,0.0,0.0,0.0,120000,0,0,0.0,120000,0.0,0,,0
20190307_114201_025481.wav,14868000,14988000,3891,120000,0.0,0.0,0.0,120000,0,0,0.0,120000,0.0,0,,0
20210504_102146_025480_2.wav,18264000,18384000,6261,120000,0.0,0.0,0.0,120000,4,0,0.0,120000,4873.0,5,974.6,0
20210414_211244_024882_1.wav,7296000,7416000,5371,120000,97.78,6.48,104.26,120000,16,2,3434.0,120000,24082.0,20,1204.1,17
20190307_114201_025481.wav,16289000,16409000,3891,120000,0.0,0.0,0.0,120000,2,0,0.0,120000,953.0,2,476.5,0
20230228_124411_043305_2.wav,18264000,18384000,7141,120000,19.509999999999998,78.61000000000001,98.11999999999999,120000,4,0,0.0,120000,11414.0,5,2282.8,3
20180906_133202_022870.wav,5817000,5937000,3461,120000,0.0,0.0,0.0,120000,0,0,0.0,120000,331.0,1,331.0,0
20211103_114626_022870_1.wav,5817000,5937000,6382,120000,7.17,88.72999999999999,95.89999999999999,120000,4,2,6516.0,120000,13072.0,6,2178.6666666666665,3
20220720_091357_024879_1.wav,2072000,2192000,7051,120000,35.38,104.91999999999999,140.3,120000,17,1,3964.0,120000,28837.0,18,1602.0555555555557,16
20180809_181624_025481.wav,2202000,2322000,2781,120000,22.58,11.969999999999999,34.550000000000004,120000,2,0,0.0,120000,1178.0,2,589.0,1
20230308_094400_045733_2.wav,28611000,28731000,7121,120000,41.66,109.59000000000002,151.24999999999997,120000,5,0,0.0,120000,3901.0,5,780.2,3
20211019_120823_045733_2.wav,48958000,49078000,6461,120000,52.55,18.919999999999998,71.47,120000,0,0,0.0,120000,0.0,0,,0
20230131_124242_043302_2.wav,6620000,6740000,7251,120000,4.69,8.32,13.01,120000,7,1,5494.0,120000,40798.0,10,4079.8,6
20181218_132113_024879.wav,7296000,7416000,3131,120000,232.77999999999997,44.69,277.46999999999997,120000,7,3,4937.0,120000,15271.0,11,1388.2727272727273,18
20180530_181655_022873.wav,1639000,1759000,3321,120000,58.72,0.88,59.60000000000001,120000,5,0,0.0,120000,87287.0,26,3357.1923076923076,30
20180808_110630_024879.wav,7296000,7416000,3501,120000,125.56,10.3,135.85999999999999,120000,21,6,13812.0,120000,36596.0,29,1261.9310344827586,25
20201210_142957_025480_2.wav,1639000,1759000,5901,120000,0.0,6.36,6.36,120000,1,0,0.0,120000,422.0,1,422.0,0
20190618_135122_024883.wav,36581000,36701000,5011,120000,31.54,9.04,40.58,120000,12,3,5649.0,120000,85195.0,33,2581.6666666666665,21
20230425_114841_045738_2.wav,16289000,16409000,6212,120000,21.229999999999997,88.32000000000001,109.55000000000001,120000,13,1,3196.0,120000,18023.0,16,1126.4375,16
20220513_113018_024879_2.wav,819000,939000,6371,120000,25.009999999999998,13.89,38.9,120000,4,0,0.0,120000,4214.0,4,1053.5,2
20201210_142957_025480_2.wav,18264000,18384000,5901,120000,98.86,90.41000000000003,189.27,120000,0,0,0.0,120000,0.0,0,,0
20180809_181624_025481.wav,1639000,1759000,2781,120000,87.19999999999999,44.150000000000006,131.35,120000,8,9,21652.0,120000,48297.0,22,2195.318181818182,29
20221129_154915_045733_1.wav,18264000,18384000,6641,120000,0.0,0.0,0.0,120000,0,0,0.0,120000,0.0,0,,0
20220805_082527_043300_2.wav,7296000,7416000,6981,120000,199.89999999999998,0.0,199.89999999999998,120000,12,2,2283.0,120000,52720.0,25,2108.8,38
20210504_102146_025480_2.wav,6837000,6957000,6261,120000,48.39,15.790000000000001,64.17999999999999,120000,4,2,4281.0,120000,9167.0,7,1309.5714285714287,6
20210127_103244_024879_1.wav,7296000,7416000,5461,120000,11.149999999999999,68.33000000000001,79.47999999999999,120000,7,0,0.0,120000,7620.0,7,1088.5714285714287,2
20180808_111213_024881.wav,39778000,39898000,2761,120000,3.14,0.0,3.14,120000,5,1,2032.0,120000,8720.0,6,1453.3333333333333,1
20190307_114201_025481.wav,6837000,6957000,3891,120000,118.87,27.14,146.01,120000,10,3,5446.0,120000,17536.0,13,1348.923076923077,14
20230405_090552_045738_2.wav,7296000,7416000,7281,120000,0.0,3.35,3.35,120000,0,0,0.0,120000,0.0,0,,0
20200312_145204_022874.wav,819000,939000,3931,120000,128.2,116.61000000000001,244.81,120000,3,0,0.0,120000,2842.0,3,947.3333333333334,3
20180809_181624_025481.wav,41905000,42025000,2781,120000,54.029999999999994,0.0,54.029999999999994,120000,9,1,1331.0,120000,74844.0,25,2993.76,15
20200414_130512_024879_2.wav,2202000,2322000,3941,120000,75.69000000000001,8.59,84.28000000000002,120000,14,0,0.0,120000,23943.0,16,1496.4375,14
20211022_110857_045737_2.wav,39778000,39898000,6161,120000,0.0,0.0,0.0,120000,0,0,0.0,120000,0.0,0,,0
20180808_110630_024879.wav,18264000,18384000,3501,120000,0.0,0.0,0.0,120000,0,0,0.0,120000,0.0,0,,0
20230110_120835_024882_2.wav,39778000,39898000,7231,120000,4.33,181.57,185.89999999999998,120000,0,0,0.0,120000,0.0,0,,0
20230308_094400_045733_2.wav,6837000,6957000,7121,120000,26.86,75.35,102.21,120000,6,0,0.0,120000,10780.0,8,1347.5,11
20180808_111213_024881.wav,9384000,9504000,2761,120000,28.61,0.0,28.61,120000,8,4,9951.0,120000,31113.0,15,2074.2,5
20210504_102146_025480_2.wav,28611000,28731000,6261,120000,48.38,0.0,48.38,120000,13,0,0.0,120000,10332.0,13,794.7692307692307,7
20220805_082527_043300_2.wav,9384000,9504000,6981,120000,0.0,0.0,0.0,120000,0,0,0.0,120000,0.0,0,,0
20220720_091357_024879_1.wav,16289000,16409000,7051,120000,144.95,63.59,208.54000000000002,120000,10,7,14253.0,120000,46230.0,22,2101.3636363636365,31
20230405_090552_045738_2.wav,18264000,18384000,7281,120000,22.770000000000003,11.86,34.63,120000,4,0,0.0,120000,6597.0,4,1649.25,5
20230405_090552_045738_2.wav,48958000,49078000,7281,120000,119.49000000000002,9.92,129.41,120000,12,2,1804.0,120000,17450.0,16,1090.625,14
20230228_124411_043305_2.wav,14868000,14988000,7141,120000,25.84,4.28,30.119999999999997,120000,5,0,0.0,120000,17578.0,6,2929.6666666666665,2
20191004_125707_025480_2.wav,409000,529000,4001,120000,80.95,36.74,117.69000000000001,120000,6,0,0.0,120000,23419.0,10,2341.9,11
20230208_103250_043299_1.wav,36581000,36701000,7261,120000,58.66,0.0,58.66,120000,5,1,3004.0,120000,11943.0,6,1990.5,3
20221129_154915_045733_1.wav,9384000,9504000,6641,120000,100.06,26.9,126.96,120000,16,3,6658.0,120000,20343.0,20,1017.15,22
20201104_094551_024882_1.wav,14868000,14988000,3871,120000,25.380000000000003,15.21,40.59,120000,5,0,0.0,120000,7270.0,5,1454.0,6
20190828_145547_024884_2.wav,39778000,39898000,5061,120000,92.69999999999999,0.0,92.69999999999999,120000,9,6,6532.0,120000,17285.0,15,1152.3333333333333,17
20230208_103250_043299_1.wav,48958000,49078000,7261,120000,0.0,0.0,0.0,120000,0,0,0.0,120000,0.0,0,,0
20231025_115855_045737_2.wav,6620000,6740000,6731,120000,56.309999999999995,83.40000000000002,139.70999999999998,120000,11,1,682.0,120000,13931.0,13,1071.6153846153845,16
20190307_114201_025481.wav,7296000,7416000,3891,120000,129.31,33.03,162.34,120000,13,0,0.0,120000,20245.0,14,1446.0714285714287,24
20220720_091357_024879_1.wav,36581000,36701000,7051,120000,45.64,35.56,81.2,120000,12,5,23599.0,120000,37232.0,18,2068.4444444444443,17
20180906_131431_024882.wav,41905000,42025000,3591,120000,184.7,2.4,187.10000000000002,120000,17,2,4008.0,120000,16558.0,19,871.4736842105264,28
20230131_124242_043302_2.wav,16289000,16409000,7251,120000,14.01,0.0,14.01,120000,4,0,0.0,120000,11313.0,4,2828.25,0
20200414_125938_024878_2.wav,9384000,9504000,4011,120000,0.0,0.0,0.0,120000,0,0,0.0,120000,0.0,0,,0
20211022_110857_045737_2.wav,6837000,6957000,6161,120000,109.4,0.0,109.4,120000,6,1,1715.0,120000,11539.0,7,1648.4285714285713,5
20211019_120823_045733_2.wav,49860000,49980000,6461,120000,0.0,0.0,0.0,120000,1,0,0.0,120000,523.0,1,523.0,0
20180808_111213_024881.wav,2202000,2322000,2761,120000,0.0,0.0,0.0,120000,4,1,11126.0,120000,20563.0,5,4112.6,0
20180906_131431_024882.wav,9384000,9504000,3591,120000,108.27999999999999,6.66,114.94,120000,5,1,1716.0,120000,6266.0,6,1044.3333333333333,7
20221018_135301_043300_4.wav,14868000,14988000,7201,120000,0.0,0.0,0.0,120000,0,0,0.0,120000,0.0,0,,0
20200312_145204_022874.wav,8102000,8222000,3931,120000,0.0,5.9,5.9,120000,4,0,0.0,120000,8225.0,4,2056.25,0
20231025_115855_045737_2.wav,36581000,36701000,6731,120000,79.75,173.36,253.11,120000,14,2,4183.0,120000,33979.0,21,1618.047619047619,36
20210624_093317_024883_2.wav,5817000,5937000,5851,120000,0.0,0.0,0.0,120000,1,0,0.0,120000,2253.0,1,2253.0,0
20230308_094400_045733_2.wav,7296000,7416000,7121,120000,12.919999999999998,100.78999999999998,113.71000000000001,120000,1,0,0.0,120000,629.0,1,629.0,1
20220712_113417_045737_3.wav,14868000,14988000,7061,120000,33.75,0.0,33.75,120000,7,0,0.0,120000,7334.0,7,1047.7142857142858,4
20190307_091344_022872.wav,16289000,16409000,3951,120000,90.19,22.459999999999997,112.64999999999999,120000,2,0,0.0,120000,7235.0,3,2411.6666666666665,3
20190618_135122_024883.wav,14868000,14988000,5011,120000,0.0,0.0,0.0,120000,0,0,0.0,120000,0.0,0,,0
20231025_115855_045737_2.wav,28611000,28731000,6731,120000,37.17,30.55,67.72,120000,8,1,2609.0,120000,16329.0,10,1632.9,13
20200414_130512_024879_2.wav,9384000,9504000,3941,120000,106.44,23.909999999999997,130.35,120000,4,0,0.0,120000,3658.0,4,914.5,4
20180530_181655_022873.wav,28611000,28731000,3321,120000,1.12,0.0,1.12,120000,0,0,0.0,120000,6280.0,2,3140.0,2
20180530_181655_022873.wav,16289000,16409000,3321,120000,129.0,4.47,133.47000000000003,120000,1,1,2485.0,120000,4971.0,2,2485.5,3
20230308_093128_024882_2.wav,9384000,9504000,6761,120000,68.88,15.030000000000001,83.91,120000,15,1,3773.0,120000,45878.0,18,2548.777777777778,21
20230208_103250_043299_1.wav,18264000,18384000,7261,120000,44.44,0.0,44.44,120000,9,0,0.0,120000,6391.0,9,710.1111111111111,7
20201210_142957_025480_2.wav,28611000,28731000,5901,120000,6.25,17.51,23.76,120000,1,0,0.0,120000,1019.0,1,1019.0,1
20220711_142955_024883_2.wav,41905000,42025000,7011,120000,96.17,22.659999999999997,118.83,120000,0,0,0.0,120000,0.0,0,,0
20230405_090552_045738_2.wav,16289000,16409000,7281,120000,26.16,25.34,51.49999999999999,120000,7,3,19083.0,120000,72237.0,11,6567.0,7
20230110_120835_024882_2.wav,2202000,2322000,7231,120000,28.21,155.43,183.64,120000,8,1,506.0,120000,8494.0,9,943.7777777777778,15
20181218_132113_024879.wav,9384000,9504000,3131,120000,161.12,36.82,197.94,120000,7,2,3052.0,120000,21125.0,11,1920.4545454545455,14
20230308_093128_024882_2.wav,36581000,36701000,6761,120000,1.98,52.870000000000005,54.85000000000001,120000,5,0,0.0,120000,11919.0,5,2383.8,2
20221018_135301_043300_4.wav,15408000,15528000,7201,120000,0.0,0.0,0.0,120000,0,0,0.0,120000,0.0,0,,0
20220720_091357_024879_1.wav,9384000,9504000,7051,120000,5.949999999999999,32.16,38.11,120000,5,0,0.0,120000,3125.0,5,625.0,2
20210414_211244_024882_1.wav,49225000,49345000,5371,120000,0.0,0.0,0.0,120000,0,0,0.0,120000,0.0,0,,0
20220720_091357_024879_1.wav,1639000,1759000,7051,120000,14.63,3.47,18.1,120000,2,0,0.0,120000,3439.0,2,1719.5,0
20180906_131431_024882.wav,48958000,49078000,3591,120000,63.93999999999999,6.77,70.70999999999998,120000,5,2,2934.0,120000,12583.0,8,1572.875,9
20190618_135122_024883.wav,49225000,49345000,5011,120000,0.0,0.0,0.0,120000,0,0,0.0,120000,0.0,0,,0
20211019_120823_045733_2.wav,1639000,1759000,6461,120000,138.03000000000003,53.31,191.34000000000003,120000,2,0,0.0,120000,3686.0,2,1843.0,3
20230131_124242_043302_2.wav,2202000,2322000,7251,120000,142.68,43.54,186.22,120000,5,0,0.0,120000,8085.0,5,1617.0,10
20220711_142955_024883_2.wav,45308000,45428000,7011,120000,216.89,102.83999999999999,319.73,120000,0,0,0.0,120000,0.0,0,,0
20201104_094551_024882_1.wav,5817000,5937000,3871,120000,191.57,31.439999999999998,223.01,120000,13,0,0.0,120000,28390.0,15,1892.6666666666667,16
20180906_133202_022870.wav,16289000,16409000,3461,120000,0.0,0.0,0.0,120000,0,0,0.0,120000,0.0,0,,0
20221018_135301_043300_4.wav,5817000,5937000,7201,120000,55.839999999999996,5.52,61.36,120000,5,0,0.0,120000,14395.0,6,2399.1666666666665,1
20220728_144904_024880_2.wav,2072000,2192000,7101,120000,29.790000000000003,3.46,33.25,120000,3,0,0.0,120000,4642.0,3,1547.3333333333333,2
20190819_210318_025481_2.wav,9384000,9504000,3362,120000,331.75999999999993,12.27,344.03,120000,7,3,4423.0,120000,18988.0,12,1582.3333333333333,12
20210127_103244_024879_1.wav,39778000,39898000,5461,120000,116.05,4.09,120.14,120000,3,0,0.0,120000,2700.0,3,900.0,5
20180808_110630_024879.wav,5817000,5937000,3501,120000,49.010000000000005,9.4,58.41000000000001,120000,8,2,4842.0,120000,12624.0,10,1262.4,9
20211019_120823_045733_2.wav,6837000,6957000,6461,120000,83.47999999999999,3.71,87.19,120000,1,0,0.0,120000,2202.0,1,2202.0,0
20190307_114201_025481.wav,15408000,15528000,3891,120000,0.0,0.0,0.0,120000,0,0,0.0,120000,0.0,0,,0
20210414_211244_024882_1.wav,36581000,36701000,5371,120000,49.11,0.0,49.11,120000,8,3,5743.0,120000,14467.0,11,1315.1818181818182,7
20220728_144904_024880_2.wav,2202000,2322000,7101,120000,0.0,0.0,0.0,120000,3,1,1583.0,120000,7165.0,4,1791.25,0
20220731_113759_045737_2.wav,16289000,16409000,7131,120000,0.0,66.75,66.75,120000,6,1,2565.0,120000,24253.0,7,3464.714285714286,2
20230110_120835_024882_2.wav,6620000,6740000,7231,120000,44.900000000000006,184.32999999999998,229.23000000000002,120000,5,0,0.0,120000,4039.0,5,807.8,9
20230208_103250_043299_1.wav,9384000,9504000,7261,120000,131.66000000000003,0.0,131.66000000000003,120000,11,3,4772.0,120000,22739.0,14,1624.2142857142858,23
20220720_091357_024879_1.wav,41905000,42025000,7051,120000,61.14000000000001,97.78000000000002,158.92000000000002,120000,13,1,2092.0,120000,20332.0,16,1270.75,13
20180906_131431_024882.wav,6837000,6957000,3591,120000,98.14999999999999,2.7,100.85,120000,5,1,1509.0,120000,9596.0,8,1199.5,9
20190828_145547_024884_2.wav,7296000,7416000,5061,120000,242.03,10.82,252.85,120000,10,0,0.0,120000,18361.0,13,1412.3846153846155,23
20180906_133202_022870.wav,6837000,6957000,3461,120000,27.630000000000003,0.0,27.630000000000003,120000,19,3,6978.0,120000,38479.0,22,1749.0454545454545,5
20230405_090552_045738_2.wav,14868000,14988000,7281,120000,106.38999999999999,13.58,119.97,120000,15,1,3151.0,120000,30270.0,19,1593.157894736842,24
20190819_210318_025481_2.wav,39778000,39898000,3362,120000,5.14,0.0,5.14,120000,1,0,0.0,120000,4800.0,3,1600.0,1
20210127_103244_024879_1.wav,5817000,5937000,5461,120000,6.42,99.57000000000001,105.99000000000001,120000,4,0,0.0,120000,8677.0,5,1735.4,0
20211022_110857_045737_2.wav,5817000,5937000,6161,120000,231.48,63.35999999999999,294.84000000000003,120000,1,1,1411.0,120000,1993.0,2,996.5,3
20220726_115556_024883_2.wav,6837000,6957000,7111,120000,33.06,0.0,33.06,120000,6,1,1095.0,120000,7191.0,9,799.0,2
20220731_113759_045737_2.wav,1639000,1759000,7131,120000,35.69,23.229999999999997,58.919999999999995,120000,14,0,0.0,120000,21559.0,14,1539.9285714285713,13
20230308_093128_024882_2.wav,1639000,1759000,6761,120000,16.36,83.07,99.43,120000,4,0,0.0,120000,12740.0,4,3185.0,3
20180808_111213_024881.wav,14868000,14988000,2761,120000,108.56,15.290000000000001,123.85000000000001,120000,13,0,0.0,120000,25197.0,14,1799.7857142857142,14
20221018_135301_043300_4.wav,39778000,39898000,7201,120000,5.82,34.17,39.99,120000,1,0,0.0,120000,4460.0,3,1486.6666666666667,1
20221018_135301_043300_4.wav,28611000,28731000,7201,120000,15.29,152.14000000000001,167.43,120000,4,1,1240.0,120000,8312.0,7,1187.4285714285713,12
20210318_114924_043305_2.wav,41905000,42025000,5181,120000,182.84,63.74999999999999,246.59,120000,0,0,0.0,120000,1380.0,1,1380.0,2
20201104_094551_024882_1.wav,9384000,9504000,3871,120000,83.33000000000001,18.65,101.98,120000,19,4,6032.0,120000,29272.0,23,1272.695652173913,23
20221018_135301_043300_4.wav,36581000,36701000,7201,120000,30.369999999999997,9.8,40.17,120000,9,0,0.0,120000,15978.0,9,1775.3333333333333,6
20230308_093128_024882_2.wav,16289000,16409000,6761,120000,0.0,8.05,8.05,120000,0,0,0.0,120000,0.0,0,,0
20190819_210318_025481_2.wav,41905000,42025000,3362,120000,44.69,5.92,50.61,120000,14,2,5462.0,120000,27073.0,16,1692.0625,10
20220731_113759_045737_2.wav,6837000,6957000,7131,120000,13.52,9.09,22.61,120000,12,0,0.0,120000,17400.0,13,1338.4615384615386,7
20221129_154915_045733_1.wav,16289000,16409000,6641,120000,0.0,0.0,0.0,120000,0,0,0.0,120000,0.0,0,,0
20220513_113018_024879_2.wav,7554000,7674000,6371,120000,16.36,0.96,17.32,120000,10,0,0.0,120000,49270.0,15,3284.6666666666665,8
20180530_181655_022873.wav,6837000,6957000,3321,120000,168.61,0.0,168.61,120000,12,2,11648.0,120000,61696.0,25,2467.84,28
20201104_094551_024882_1.wav,36581000,36701000,3871,120000,32.5,102.56,135.06,120000,19,0,0.0,120000,25605.0,20,1280.25,20
20230208_103250_043299_1.wav,45308000,45428000,7261,120000,6.64,8.26,14.899999999999999,120000,0,0,0.0,120000,0.0,0,,0
20220712_113417_045737_3.wav,9384000,9504000,7061,120000,38.660000000000004,0.0,38.660000000000004,120000,14,2,11030.0,120000,56895.0,21,2709.285714285714,11
20230208_103250_043299_1.wav,1639000,1759000,7261,120000,58.040000000000006,10.74,68.78,120000,11,0,0.0,120000,33648.0,14,2403.4285714285716,15
20220726_115556_024883_2.wav,18264000,18384000,7111,120000,0.0,0.0,0.0,120000,0,0,0.0,120000,0.0,0,,0
20230301_083834_024880_2.wav,1639000,1759000,6921,120000,28.77,114.81,143.57999999999998,120000,0,0,0.0,120000,0.0,0,,0
20190828_145547_024884_2.wav,16289000,16409000,5061,120000,14.2,33.1,47.3,120000,1,0,0.0,120000,803.0,1,803.0,2
20210127_103244_024879_1.wav,48958000,49078000,5461,120000,8.9,15.82,24.720000000000002,120000,1,0,0.0,120000,213.0,1,213.0,0
20210624_093317_024883_2.wav,28611000,28731000,5851,120000,0.0,0.0,0.0,120000,4,0,0.0,120000,4747.0,4,1186.75,0
20200414_125938_024878_2.wav,1859000,1979000,4011,120000,22.1,0.0,22.1,120000,0,0,0.0,120000,0.0,0,,0
20211022_110857_045737_2.wav,18264000,18384000,6161,120000,0.0,0.0,0.0,120000,0,0,0.0,120000,0.0,0,,0
20221018_135301_043300_4.wav,7296000,7416000,7201,120000,39.04,38.29,77.33,120000,0,0,0.0,120000,0.0,0,,0
20200312_145204_022874.wav,5911000,6031000,3931,120000,278.93,0.0,278.93,120000,12,0,0.0,120000,11028.0,12,919.0,13
20200414_130512_024879_2.wav,41905000,42025000,3941,120000,2.89,16.34,19.23,120000,6,0,0.0,120000,2640.0,6,440.0,0
20200414_125938_024878_2.wav,18264000,18384000,4011,120000,40.419999999999995,3.19,43.61,120000,0,0,0.0,120000,0.0,0,,0
20220731_113759_045737_2.wav,7296000,7416000,7131,120000,4.58,14.280000000000001,18.86,120000,4,1,2238.0,120000,7958.0,5,1591.6,0
20200414_130512_024879_2.wav,39778000,39898000,3941,120000,55.7,84.69999999999999,140.4,120000,1,0,0.0,120000,1088.0,1,1088.0,0
20211019_120823_045733_2.wav,49225000,49345000,6461,120000,12.5,7.17,19.669999999999998,120000,11,0,0.0,120000,15507.0,11,1409.7272727272727,4
20220805_082527_043300_2.wav,2202000,2322000,6981,120000,15.97,0.0,15.97,120000,8,3,6675.0,120000,30797.0,13,2369.0,6
20211019_120823_045733_2.wav,41905000,42025000,6461,120000,10.89,15.15,26.04,120000,5,0,0.0,120000,4141.0,5,828.2,4
20210318_114509_043298.wav,5817000,5937000,5961,120000,37.13,47.64,84.77,120000,10,0,0.0,120000,7227.0,11,657.0,10
20190819_210318_025481_2.wav,6837000,6957000,3362,120000,181.51,33.57,215.07999999999998,120000,8,7,10563.0,120000,20724.0,15,1381.6,23
20180906_131431_024882.wav,39778000,39898000,3591,120000,262.49,35.17999999999999,297.67,120000,3,0,0.0,120000,3076.0,3,1025.3333333333333,6
20230110_120835_024882_2.wav,15408000,15528000,7231,120000,0.0,0.0,0.0,120000,0,0,0.0,120000,0.0,0,,0
20190618_135122_024883.wav,41905000,42025000,5011,120000,144.34,100.78,245.12,120000,2,0,0.0,120000,1261.0,2,630.5,3
20230110_120835_024882_2.wav,14868000,14988000,7231,120000,0.0,0.0,0.0,120000,0,0,0.0,120000,0.0,0,,0
20211103_114626_022870_1.wav,39778000,39898000,6382,120000,92.33,109.32,201.65,120000,4,1,2018.0,120000,10063.0,5,2012.6,2
20210318_114509_043298.wav,45308000,45428000,5961,120000,46.449999999999996,39.58,86.02999999999999,120000,3,1,770.0,120000,3318.0,4,829.5,6
20190618_135122_024883.wav,6837000,6957000,5011,120000,40.8,30.16,70.96,120000,0,0,0.0,120000,0.0,0,,0
20200312_145204_022874.wav,2968000,3088000,3931,120000,0.0,7.89,7.89,120000,1,0,0.0,120000,1004.0,1,1004.0,0
20220726_115556_024883_2.wav,28611000,28731000,7111,120000,138.89999999999998,1.04,139.94,120000,11,4,5784.0,120000,29715.0,21,1415.0,20
20220728_144904_024880_2.wav,14868000,14988000,7101,120000,187.58999999999997,21.89,209.48000000000002,120000,6,0,0.0,120000,3919.0,7,559.8571428571429,11
20201210_142957_025480_2.wav,16289000,16409000,5901,120000,24.02,13.48,37.5,120000,2,0,0.0,120000,3252.0,2,1626.0,0
20210414_211244_024882_1.wav,16289000,16409000,5371,120000,76.74000000000001,67.71,144.45,120000,14,1,4018.0,120000,26052.0,18,1447.3333333333333,20
20200414_130512_024879_2.wav,16289000,16409000,3941,120000,0.0,0.0,0.0,120000,0,0,0.0,120000,0.0,0,,0
20230110_120835_024882_2.wav,18264000,18384000,7231,120000,0.0,2.27,2.27,120000,0,0,0.0,120000,0.0,0,,0
20180906_131431_024882.wav,5817000,5937000,3591,120000,12.99,0.0,12.99,120000,7,0,0.0,120000,6146.0,7,878.0,7
20190828_145547_024884_2.wav,2072000,2192000,5061,120000,254.36,19.89,274.25,120000,12,0,0.0,120000,8844.0,12,737.0,12
20190307_114201_025481.wav,5817000,5937000,3891,120000,8.61,0.0,8.61,120000,4,0,0.0,120000,16131.0,8,2016.375,3
20230301_083834_024880_2.wav,15408000,15528000,6921,120000,0.0,0.0,0.0,120000,0,0,0.0,120000,0.0,0,,0
20180808_111213_024881.wav,6837000,6957000,2761,120000,178.02,7.9799999999999995,186.0,120000,0,0,0.0,120000,0.0,0,,0
20190819_210318_025481_2.wav,5817000,5937000,3362,120000,6.08,12.02,18.099999999999998,120000,9,9,29450.0,120000,62668.0,21,2984.190476190476,10
20200312_145204_022874.wav,3478000,3598000,3931,120000,18.84,11.49,30.33,120000,8,3,5601.0,120000,26335.0,13,2025.7692307692307,6
20230308_094400_045733_2.wav,2072000,2192000,7121,120000,69.74000000000001,63.239999999999995,132.98,120000,16,1,1205.0,120000,24900.0,20,1245.0,24
20220711_142955_024883_2.wav,14868000,14988000,7011,120000,0.0,0.0,0.0,120000,0,0,0.0,120000,0.0,0,,0
20220726_115556_024883_2.wav,5817000,5937000,7111,120000,32.71,0.0,32.71,120000,3,0,0.0,120000,3881.0,3,1293.6666666666667,4
20190307_114201_025481.wav,36581000,36701000,3891,120000,6.1,0.0,6.1,120000,5,6,18803.0,120000,24071.0,12,2005.9166666666667,3
20210414_211244_024882_1.wav,39778000,39898000,5371,120000,52.10000000000001,0.0,52.10000000000001,120000,5,1,2530.0,120000,7191.0,6,1198.5,6
20230308_094400_045733_2.wav,39778000,39898000,7121,120000,0.0,0.0,0.0,120000,15,0,0.0,120000,16681.0,15,1112.0666666666666,0
20190828_145547_024884_2.wav,9384000,9504000,5061,120000,95.01,0.0,95.01,120000,7,1,1154.0,120000,7404.0,8,925.5,9
20180906_133202_022870.wav,28611000,28731000,3461,120000,113.55000000000001,20.11,133.66,120000,16,0,0.0,120000,19464.0,17,1144.9411764705883,18
20200414_125938_024878_2.wav,5817000,5937000,4011,120000,69.57,3.1,72.66999999999999,120000,0,0,0.0,120000,0.0,0,,0
20230208_103250_043299_1.wav,49860000,49980000,7261,120000,0.0,0.0,0.0,120000,0,0,0.0,120000,0.0,0,,0
20210318_114509_043298.wav,1639000,1759000,5961,120000,57.94000000000001,39.5,97.44,120000,5,0,0.0,120000,5269.0,5,1053.8,6
20211019_120823_045733_2.wav,5817000,5937000,6461,120000,122.49999999999999,59.75999999999999,182.26000000000002,120000,7,1,4759.0,120000,14025.0,9,1558.3333333333333,13
20211103_114626_022870_1.wav,14868000,14988000,6382,120000,141.87,23.370000000000005,165.24,120000,2,0,0.0,120000,1102.0,2,551.0,3
20191004_125707_025480_2.wav,15937000,16057000,4001,120000,97.58,9.2,106.78,120000,6,4,4841.0,120000,12563.0,10,1256.3,8
20220829_105740_024880_2.wav,45308000,45428000,7171,120000,139.18,57.64,196.82000000000002,120000,4,0,0.0,120000,12616.0,5,2523.2,10
20180809_181624_025481.wav,5817000,5937000,2781,120000,35.69,89.17,124.86,120000,6,0,0.0,120000,6393.0,6,1065.5,2
20191004_125707_025480_2.wav,2406000,2526000,4001,120000,58.21,0.0,58.21,120000,11,0,0.0,120000,27793.0,21,1323.4761904761904,19
20201104_094551_024882_1.wav,7296000,7416000,3871,120000,82.33,47.36,129.69000000000003,120000,11,6,12751.0,120000,24090.0,17,1417.0588235294117,24
20220731_113759_045737_2.wav,18264000,18384000,7131,120000,21.25,98.73,119.98,120000,16,8,10063.0,120000,49594.0,29,1710.1379310344828,27
20220726_115556_024883_2.wav,14868000,14988000,7111,120000,35.81999999999999,8.739999999999998,44.56,120000,10,4,5208.0,120000,25309.0,16,1581.8125,16
20210318_114509_043298.wav,6837000,6957000,5961,120000,32.07,18.36,50.42999999999999,120000,0,0,0.0,120000,0.0,0,,0
20201104_094551_024882_1.wav,39778000,39898000,3871,120000,87.54,70.72,158.26000000000002,120000,21,0,0.0,120000,19156.0,21,912.1904761904761,21
20211022_110857_045737_2.wav,45308000,45428000,6161,120000,0.0,0.0,0.0,120000,0,0,0.0,120000,0.0,0,,0
20191004_125707_025480_2.wav,12389000,12509000,4001,120000,39.59,15.66,55.24999999999999,120000,16,0,0.0,120000,33448.0,19,1760.421052631579,11
20180530_181655_022873.wav,36581000,36701000,3321,120000,80.03999999999999,0.0,80.03999999999999,120000,10,0,0.0,120000,6985.0,10,698.5,8
20190618_135122_024883.wav,1639000,1759000,5011,120000,33.28,43.43,76.71000000000001,120000,7,1,361.0,120000,13798.0,8,1724.75,6
20190819_210318_025481_2.wav,2072000,2192000,3362,120000,171.18,13.0,184.18,120000,7,3,2629.0,120000,13049.0,13,1003.7692307692307,22
20180808_111213_024881.wav,36581000,36701000,2761,120000,4.92,0.0,4.92,120000,11,0,0.0,120000,16238.0,12,1353.1666666666667,3
20190828_145547_024884_2.wav,36581000,36701000,5061,120000,104.39,5.92,110.31,120000,16,2,3014.0,120000,29452.0,18,1636.2222222222222,24
20190307_114201_025481.wav,28611000,28731000,3891,120000,16.21,76.57000000000001,92.78000000000003,120000,7,0,0.0,120000,6004.0,7,857.7142857142857,9
20220513_113018_024879_2.wav,25092000,25212000,6371,120000,67.85,4.66,72.50999999999999,120000,5,0,0.0,120000,9430.0,6,1571.6666666666667,4
20220712_113417_045737_3.wav,2202000,2322000,7061,120000,68.53000000000002,19.3,87.82999999999998,120000,9,2,5265.0,120000,20617.0,11,1874.2727272727273,15
20220731_113759_045737_2.wav,2202000,2322000,7131,120000,48.04,243.05,291.09000000000003,120000,2,0,0.0,120000,13542.0,5,2708.4,10
20231025_115855_045737_2.wav,18264000,18384000,6731,120000,0.0,0.0,0.0,120000,0,0,0.0,120000,0.0,0,,0
20201104_094551_024882_1.wav,6837000,6957000,3871,120000,0.0,0.0,0.0,120000,0,0,0.0,120000,0.0,0,,0
20200312_145204_022874.wav,18186000,18306000,3931,120000,56.5,12.66,69.16,120000,4,0,0.0,120000,1391.0,4,347.75,4
20180808_110630_024879.wav,9384000,9504000,3501,120000,7.609999999999999,0.0,7.609999999999999,120000,9,1,2087.0,120000,12939.0,12,1078.25,3
20210318_114509_043298.wav,16289000,16409000,5961,120000,16.43,19.009999999999998,35.44,120000,5,0,0.0,120000,4282.0,5,856.4,3
20230405_090552_045738_2.wav,1639000,1759000,7281,120000,9.280000000000001,201.43999999999994,210.72,120000,16,1,1087.0,120000,19960.0,19,1050.5263157894738,25
20220711_142955_024883_2.wav,49860000,49980000,7011,120000,0.0,0.0,0.0,120000,0,0,0.0,120000,0.0,0,,0
20200414_125938_024878_2.wav,15408000,15528000,4011,120000,144.35999999999999,15.24,159.6,120000,1,0,0.0,120000,1974.0,1,1974.0,2
20230308_094400_045733_2.wav,6620000,6740000,7121,120000,77.18,94.01,171.19000000000003,120000,1,0,0.0,120000,1002.0,1,1002.0,2
20220805_082527_043300_2.wav,16289000,16409000,6981,120000,0.0,0.0,0.0,120000,0,0,0.0,120000,0.0,0,,0
20180906_133202_022870.wav,1639000,1759000,3461,120000,12.11,0.0,12.11,120000,8,0,0.0,120000,12751.0,9,1416.7777777777778,0
20180906_131431_024882.wav,18264000,18384000,3591,120000,53.47,3.54,57.01,120000,8,1,3085.0,120000,16817.0,11,1528.8181818181818,10
20190307_091344_022872.wav,1639000,1759000,3951,120000,28.88,23.900000000000002,52.78,120000,4,2,5142.0,120000,9846.0,6,1641.0,1
20220513_113018_024879_2.wav,24659000,24779000,6371,120000,92.57000000000001,2.48,95.05000000000001,120000,16,1,3149.0,120000,21917.0,17,1289.235294117647,17
20230328_132555_045737_1.wav,48958000,49078000,6451,120000,0.0,0.0,0.0,120000,0,0,0.0,120000,0.0,0,,0
20181218_132113_024879.wav,5817000,5937000,3131,120000,227.12999999999997,23.34,250.47,120000,13,3,2160.0,120000,16813.0,17,989.0,20
20220720_091357_024879_1.wav,28611000,28731000,7051,120000,101.22,22.66,123.88,120000,16,3,5160.0,120000,36986.0,24,1541.0833333333333,25
20220728_144904_024880_2.wav,28611000,28731000,7101,120000,0.0,0.0,0.0,120000,0,0,0.0,120000,0.0,0,,0
20230405_090552_045738_2.wav,5817000,5937000,7281,120000,3.66,144.17000000000002,147.83,120000,8,2,3024.0,120000,15020.0,10,1502.0,11
20190618_135122_024883.wav,48958000,49078000,5011,120000,0.0,0.0,0.0,120000,0,0,0.0,120000,0.0,0,,0
20230208_103250_043299_1.wav,41905000,42025000,7261,120000,0.0,0.0,0.0,120000,0,0,0.0,120000,0.0,0,,0
20230308_093128_024882_2.wav,45308000,45428000,6761,120000,0.0,0.0,0.0,120000,1,0,0.0,120000,150.0,1,150.0,0
20180808_110630_024879.wav,6620000,6740000,3501,120000,99.86999999999999,11.969999999999999,111.84,120000,14,0,0.0,120000,27198.0,15,1813.2,17
20180808_110630_024879.wav,6837000,6957000,3501,120000,65.19,15.98,81.17000000000002,120000,8,2,1682.0,120000,14636.0,10,1463.6,9
20180808_111213_024881.wav,45308000,45428000,2761,120000,12.49,0.0,12.49,120000,13,3,7330.0,120000,41071.0,18,2281.722222222222,7
20181218_132113_024879.wav,49225000,49345000,3131,120000,0.0,0.0,0.0,120000,0,0,0.0,120000,0.0,0,,0
20230228_124411_043305_2.wav,45308000,45428000,7141,120000,0.0,0.0,0.0,120000,0,0,0.0,120000,0.0,0,,0
20180906_133202_022870.wav,41905000,42025000,3461,120000,32.94,0.0,32.94,120000,8,0,0.0,120000,27367.0,10,2736.7,3
20230208_103250_043299_1.wav,6837000,6957000,7261,120000,24.419999999999998,9.08,33.5,120000,9,1,7107.0,120000,28190.0,11,2562.7272727272725,5
20230405_090552_045738_2.wav,45308000,45428000,7281,120000,117.18999999999998,71.24,188.43,120000,14,3,6111.0,120000,25847.0,18,1435.9444444444443,20
20230208_103250_043299_1.wav,5817000,5937000,7261,120000,31.77,3.27,35.04,120000,17,2,4971.0,120000,38869.0,19,2045.7368421052631,10
20220805_082527_043300_2.wav,41905000,42025000,6981,120000,66.84,186.54,253.38,120000,0,0,0.0,120000,0.0,0,,0
20200414_130512_024879_2.wav,6837000,6957000,3941,120000,222.99,38.02,261.01,120000,11,1,4934.0,120000,19494.0,15,1299.6,12
20200312_145204_022874.wav,9252000,9372000,3931,120000,67.83999999999999,104.83,172.67000000000002,120000,5,0,0.0,120000,7323.0,5,1464.6,8
20210504_102146_025480_2.wav,16289000,16409000,6261,120000,59.89000000000001,0.0,59.89000000000001,120000,8,2,3432.0,120000,17559.0,11,1596.2727272727273,11
20211103_114626_022870_1.wav,1639000,1759000,6382,120000,27.57,177.75,205.32,120000,0,0,0.0,120000,1829.0,1,1829.0,2
20220711_142955_024883_2.wav,18264000,18384000,7011,120000,0.0,0.0,0.0,120000,0,0,0.0,120000,0.0,0,,0
20190307_114201_025481.wav,2202000,2322000,3891,120000,41.730000000000004,0.0,41.730000000000004,120000,11,2,3982.0,120000,18827.0,16,1176.6875,5
20230321_124603_024879_1.wav,7296000,7416000,7291,120000,20.67,0.0,20.67,120000,0,0,0.0,120000,0.0,0,,0
20220712_113417_045737_3.wav,5817000,5937000,7061,120000,46.28000000000001,0.0,46.28000000000001,120000,7,1,1743.0,120000,39878.0,9,4430.888888888889,11
20200414_130512_024879_2.wav,7296000,7416000,3941,120000,34.44,3.97,38.41,120000,4,0,0.0,120000,3393.0,4,848.25,3
20221129_154915_045733_1.wav,14868000,14988000,6641,120000,83.38000000000001,17.270000000000003,100.65,120000,15,0,0.0,120000,51089.0,23,2221.2608695652175,28
20200414_130512_024879_2.wav,6620000,6740000,3941,120000,65.86,12.4,78.25999999999999,120000,10,4,15682.0,120000,39448.0,20,1972.4,12
20181218_132113_024879.wav,41905000,42025000,3131,120000,218.76,88.95,307.7100000000001,120000,5,0,0.0,120000,4536.0,5,907.2,8
20190819_210318_025481_2.wav,16289000,16409000,3362,120000,269.75,93.54999999999998,363.30000000000007,120000,8,2,1868.0,120000,8343.0,11,758.4545454545455,15
20230228_124411_043305_2.wav,6837000,6957000,7141,120000,18.15,6.69,24.840000000000003,120000,0,0,0.0,120000,0.0,0,,0
20220829_105740_024880_2.wav,39778000,39898000,7171,120000,9.47,50.18,59.650000000000006,120000,7,0,0.0,120000,7706.0,7,1100.857142857143,5
20190828_145547_024884_2.wav,41905000,42025000,5061,120000,178.83,16.259999999999998,195.09,120000,8,1,1053.0,120000,7280.0,9,808.8888888888889,13
20220805_082527_043300_2.wav,18264000,18384000,6981,120000,0.0,0.0,0.0,120000,0,0,0.0,120000,0.0,0,,0
20220711_142955_024883_2.wav,49225000,49345000,7011,120000,0.0,0.0,0.0,120000,0,0,0.0,120000,0.0,0,,0
20210318_114509_043298.wav,41905000,42025000,5961,120000,52.38999999999999,96.92999999999999,149.32,120000,4,0,0.0,120000,5123.0,4,1280.75,6
20220726_115556_024883_2.wav,9384000,9504000,7111,120000,1.63,4.279999999999999,5.91,120000,8,2,6927.0,120000,18365.0,11,1669.5454545454545,2
20210318_114924_043305_2.wav,36581000,36701000,5181,120000,88.86,78.08,166.94,120000,9,0,0.0,120000,11339.0,10,1133.9,12
20221018_135301_043300_4.wav,2072000,2192000,7201,120000,14.23,2.81,17.040000000000003,120000,4,1,2000.0,120000,16919.0,6,2819.8333333333335,2
20211022_110857_045737_2.wav,7296000,7416000,6161,120000,189.89,19.759999999999998,209.64999999999998,120000,16,2,4808.0,120000,32918.0,19,1732.5263157894738,29
20180808_111213_024881.wav,41905000,42025000,2761,120000,3.7300000000000004,0.0,3.7300000000000004,120000,9,0,0.0,120000,7811.0,9,867.8888888888889,4
20201104_094551_024882_1.wav,49225000,49345000,3871,120000,0.0,0.0,0.0,120000,0,0,0.0,120000,0.0,0,,0
20231025_115855_045737_2.wav,14868000,14988000,6731,120000,67.23,107.00999999999999,174.23999999999998,120000,2,0,0.0,120000,1135.0,2,567.5,4
20211019_120823_045733_2.wav,14868000,14988000,6461,120000,0.0,0.0,0.0,120000,0,0,0.0,120000,0.0,0,,0
20190828_145547_024884_2.wav,2202000,2322000,5061,120000,209.3,59.5,268.8,120000,7,0,0.0,120000,12061.0,10,1206.1,17
20180809_181624_025481.wav,16289000,16409000,2781,120000,0.0,0.0,0.0,120000,1,0,0.0,120000,115.0,1,115.0,0
20210318_114509_043298.wav,9384000,9504000,5961,120000,5.22,7.76,12.98,120000,0,0,0.0,120000,0.0,0,,0
20230328_132555_045737_1.wav,39778000,39898000,6451,120000,0.0,0.0,0.0,120000,0,0,0.0,120000,0.0,0,,0
20220712_113417_045737_3.wav,1639000,1759000,7061,120000,64.26,109.27,173.53,120000,0,0,0.0,120000,0.0,0,,0
20230321_124603_024879_1.wav,48958000,49078000,7291,120000,0.0,0.0,0.0,120000,0,0,0.0,120000,0.0,0,,0
20221018_135301_043300_4.wav,6620000,6740000,7201,120000,11.75,4.85,16.599999999999998,120000,0,1,1755.0,120000,1755.0,1,1755.0,0
20210414_211244_024882_1.wav,41905000,42025000,5371,120000,14.46,49.99999999999999,64.46,120000,5,0,0.0,120000,6318.0,5,1263.6,5
20190819_210318_025481_2.wav,36581000,36701000,3362,120000,14.48,3.45,17.93,120000,9,2,2577.0,120000,13032.0,12,1086.0,5
20191004_125707_025480_2.wav,1544000,1664000,4001,120000,35.629999999999995,0.0,35.629999999999995,120000,0,1,1191.0,120000,5996.0,3,1998.6666666666667,3
20220829_105740_024880_2.wav,18264000,18384000,7171,120000,38.04,2.3,40.339999999999996,120000,17,0,0.0,120000,25147.0,17,1479.235294117647,5
20190618_135122_024883.wav,39778000,39898000,5011,120000,27.07,35.77,62.839999999999996,120000,8,1,1301.0,120000,9986.0,11,907.8181818181819,11
20190307_091344_022872.wav,7296000,7416000,3951,120000,19.9,3.76,23.659999999999997,120000,7,1,1787.0,120000,13836.0,8,1729.5,4
20210624_093317_024883_2.wav,39778000,39898000,5851,120000,4.22,32.64,36.86000000000001,120000,8,0,0.0,120000,10989.0,8,1373.625,2
20180809_181624_025481.wav,9384000,9504000,2781,120000,49.11,42.63,91.74000000000001,120000,6,0,0.0,120000,12715.0,8,1589.375,13
20211022_110857_045737_2.wav,9384000,9504000,6161,120000,94.06,0.0,94.06,120000,10,2,3247.0,120000,26343.0,12,2195.25,13
20200414_125938_024878_2.wav,28611000,28731000,4011,120000,67.92,81.70000000000002,149.61999999999998,120000,2,0,0.0,120000,1486.0,2,743.0,1
20220726_115556_024883_2.wav,1639000,1759000,7111,120000,135.04000000000002,0.0,135.04000000000002,120000,7,3,3702.0,120000,9912.0,10,991.2,11
20211019_120823_045733_2.wav,45308000,45428000,6461,120000,53.370000000000005,0.0,53.370000000000005,120000,5,0,0.0,120000,5368.0,5,1073.6,4
20220805_082527_043300_2.wav,5817000,5937000,6981,120000,265.36,11.4,276.76000000000005,120000,4,0,0.0,120000,10594.0,7,1513.4285714285713,6
20220712_113417_045737_3.wav,36581000,36701000,7061,120000,109.51,76.63000000000001,186.14,120000,5,0,0.0,120000,13263.0,6,2210.5,2
20200414_130512_024879_2.wav,18264000,18384000,3941,120000,0.0,0.0,0.0,120000,0,0,0.0,120000,0.0,0,,0
20230228_124411_043305_2.wav,36581000,36701000,7141,120000,0.0,0.0,0.0,120000,0,0,0.0,120000,0.0,0,,0
20210318_114924_043305_2.wav,45308000,45428000,5181,120000,108.49,145.42,253.91,120000,3,0,0.0,120000,7993.0,5,1598.6,8
20220829_105740_024880_2.wav,2202000,2322000,7171,120000,82.39999999999999,47.71,130.10999999999999,120000,13,0,0.0,120000,21269.0,15,1417.9333333333334,21
20221129_154915_045733_1.wav,41905000,42025000,6641,120000,0.0,0.0,0.0,120000,0,0,0.0,120000,0.0,0,,0
20230328_132555_045737_1.wav,45308000,45428000,6451,120000,0.0,0.0,0.0,120000,0,0,0.0,120000,0.0,0,,0
20200312_145204_022874.wav,14785000,14905000,3931,120000,77.09,116.33999999999999,193.43,120000,1,0,0.0,120000,1254.0,1,1254.0,2
20200414_125938_024878_2.wav,16567000,16687000,4011,120000,63.14,32.8,95.94,120000,1,0,0.0,120000,555.0,1,555.0,2
20221129_154915_045733_1.wav,36581000,36701000,6641,120000,120.08,8.09,128.17,120000,0,0,0.0,120000,670.0,1,670.0,2
20221018_135301_043300_4.wav,9384000,9504000,7201,120000,10.23,0.0,10.23,120000,1,0,0.0,120000,727.0,1,727.0,0
20220711_142955_024883_2.wav,36581000,36701000,7011,120000,94.46000000000001,8.25,102.71000000000001,120000,1,1,2175.0,120000,3574.0,2,1787.0,1
20230228_124411_043305_2.wav,7296000,7416000,7141,120000,69.24000000000001,39.92,109.16,120000,0,0,0.0,120000,1519.0,1,1519.0,1
20230321_124603_024879_1.wav,49225000,49345000,7291,120000,0.0,0.0,0.0,120000,0,0,0.0,120000,0.0,0,,0
20230301_083834_024880_2.wav,6620000,6740000,6921,120000,194.7,20.43,215.13000000000002,120000,4,0,0.0,120000,2671.0,4,667.75,3
20190307_091344_022872.wav,9384000,9504000,3951,120000,37.580000000000005,29.099999999999998,66.68,120000,12,0,0.0,120000,9676.0,13,744.3076923076923,7
20210318_114924_043305_2.wav,18264000,18384000,5181,120000,0.0,0.0,0.0,120000,0,0,0.0,120000,0.0,0,,0
20180808_110630_024879.wav,41905000,42025000,3501,120000,125.63,86.41,212.04000000000002,120000,3,3,4754.0,120000,7905.0,6,1317.5,9
20200414_125938_024878_2.wav,6620000,6740000,4011,120000,78.99,23.119999999999997,102.10999999999999,120000,6,0,0.0,120000,16153.0,8,2019.125,9
20190307_091344_022872.wav,36581000,36701000,3951,120000,0.0,0.0,0.0,120000,16,0,0.0,120000,16603.0,19,873.8421052631579,0
20211022_110857_045737_2.wav,14868000,14988000,6161,120000,0.0,0.0,0.0,120000,0,0,0.0,120000,0.0,0,,0
20230321_124603_024879_1.wav,39778000,39898000,7291,120000,9.0,13.84,22.84,120000,3,1,3279.0,120000,11980.0,5,2396.0,2
20190828_145547_024884_2.wav,18264000,18384000,5061,120000,0.0,0.0,0.0,120000,0,0,0.0,120000,0.0,0,,0
20210127_103244_024879_1.wav,49225000,49345000,5461,120000,18.73,22.189999999999998,40.92,120000,1,0,0.0,120000,721.0,1,721.0,0
20220728_144904_024880_2.wav,7296000,7416000,7101,120000,62.9,0.0,62.9,120000,13,1,3569.0,120000,17310.0,14,1236.4285714285713,6
20180808_111213_024881.wav,16289000,16409000,2761,120000,46.5,0.0,46.5,120000,14,2,4640.0,120000,36649.0,20,1832.45,9
20221129_154915_045733_1.wav,1639000,1759000,6641,120000,31.25,11.27,42.52,120000,26,0,0.0,120000,36082.0,27,1336.3703703703704,19
20210504_102146_025480_2.wav,36581000,36701000,6261,120000,103.77,12.879999999999999,116.65,120000,6,0,0.0,120000,22870.0,9,2541.1111111111113,15
20180809_181624_025481.wav,7296000,7416000,2781,120000,119.33,72.69,192.02,120000,15,7,10869.0,120000,25155.0,25,1006.2,29
20181218_132113_024879.wav,39778000,39898000,3131,120000,98.33999999999999,82.51,180.85,120000,8,1,1543.0,120000,9641.0,9,1071.2222222222222,14
20201210_142957_025480_2.wav,36581000,36701000,5901,120000,4.1,0.0,4.1,120000,6,0,0.0,120000,8848.0,7,1264.0,1
20220513_113018_024879_2.wav,3648000,3768000,6371,120000,70.44,11.58,82.02,120000,3,0,0.0,120000,12277.0,5,2455.4,3
20220712_113417_045737_3.wav,28611000,28731000,7061,120000,90.78999999999999,0.0,90.78999999999999,120000,1,0,0.0,120000,481.0,1,481.0,1
20190307_091344_022872.wav,6837000,6957000,3951,120000,12.73,0.0,12.73,120000,6,1,2101.0,120000,9386.0,7,1340.857142857143,1
20230321_124603_024879_1.wav,16289000,16409000,7291,120000,196.17000000000002,43.33,239.5,120000,2,1,1269.0,120000,1689.0,3,563.0,2
20210504_102146_025480_2.wav,6620000,6740000,6261,120000,9.780000000000001,0.0,9.780000000000001,120000,1,0,0.0,120000,1823.0,1,1823.0,0
20210318_114509_043298.wav,48958000,49078000,5961,120000,0.0,4.72,4.72,120000,0,0,0.0,120000,0.0,0,,0
20210127_103244_024879_1.wav,1639000,1759000,5461,120000,2.97,9.48,12.45,120000,3,0,0.0,120000,1252.0,3,417.3333333333333,1
20190819_210318_025481_2.wav,6620000,6740000,3362,120000,241.62,18.83,260.45000000000005,120000,8,2,7006.0,120000,22122.0,11,2011.090909090909,14
20220712_113417_045737_3.wav,39778000,39898000,7061,120000,15.059999999999999,0.0,15.059999999999999,120000,1,0,0.0,120000,138.0,1,138.0,1
20190819_210318_025481_2.wav,14868000,14988000,3362,120000,211.29999999999998,20.36,231.66000000000003,120000,6,3,3248.0,120000,14939.0,14,1067.0714285714287,23
20201210_142957_025480_2.wav,16567000,16687000,5901,120000,3.29,4.36,7.65,120000,0,0,0.0,120000,0.0,0,,0
20200414_130512_024879_2.wav,28611000,28731000,3941,120000,209.61,23.57,233.18,120000,7,2,3115.0,120000,14700.0,9,1633.3333333333333,16
20230131_124242_043302_2.wav,18264000,18384000,7251,120000,10.18,0.0,10.18,120000,0,0,0.0,120000,0.0,0,,0
20180809_181624_025481.wav,39778000,39898000,2781,120000,9.02,2.67,11.69,120000,17,0,0.0,120000,21234.0,21,1011.1428571428571,6
20211022_110857_045737_2.wav,16289000,16409000,6161,120000,0.0,0.0,0.0,120000,0,0,0.0,120000,0.0,0,,0
20211103_114626_022870_1.wav,16289000,16409000,6382,120000,137.15,86.91,224.05999999999997,120000,7,1,2091.0,120000,10965.0,10,1096.5,16
20191004_125707_025480_2.wav,4746000,4866000,4001,120000,19.090000000000003,2.04,21.130000000000003,120000,8,0,0.0,120000,6118.0,8,764.75,3
20201104_094551_024882_1.wav,45308000,45428000,3871,120000,28.93,27.12,56.050000000000004,120000,9,0,0.0,120000,18359.0,11,1669.0,11
20230328_132555_045737_1.wav,14868000,14988000,6451,120000,5.77,0.0,5.77,120000,0,0,0.0,120000,0.0,0,,0
20230308_093128_024882_2.wav,39778000,39898000,6761,120000,0.0,0.0,0.0,120000,14,0,0.0,120000,32162.0,15,2144.133333333333,0
20220805_082527_043300_2.wav,6837000,6957000,6981,120000,271.12,2.74,273.85999999999996,120000,12,1,1973.0,120000,44658.0,22,2029.909090909091,28
20230328_132555_045737_1.wav,1639000,1759000,6451,120000,104.57000000000001,77.32000000000001,181.89000000000001,120000,1,0,0.0,120000,608.0,1,608.0,2
20180809_181624_025481.wav,6837000,6957000,2781,120000,68.88,55.120000000000005,124.00000000000001,120000,8,2,4534.0,120000,14162.0,10,1416.2,15
20181218_132113_024879.wav,49860000,49980000,3131,120000,0.0,0.0,0.0,120000,0,0,0.0,120000,0.0,0,,0
20210504_102146_025480_2.wav,2072000,2192000,6261,120000,85.56,22.270000000000003,107.83000000000001,120000,8,0,0.0,120000,6581.0,8,822.625,7
20220829_105740_024880_2.wav,36581000,36701000,7171,120000,45.410000000000004,22.75,68.16,120000,5,0,0.0,120000,3148.0,5,629.6,2
20200414_125938_024878_2.wav,2072000,2192000,4011,120000,8.99,0.0,8.99,120000,0,0,0.0,120000,0.0,0,,0
20210318_114924_043305_2.wav,9384000,9504000,5181,120000,204.74999999999997,29.89,234.64000000000001,120000,11,2,3039.0,120000,12772.0,13,982.4615384615385,18
20230328_132555_045737_1.wav,36581000,36701000,6451,120000,0.0,0.0,0.0,120000,0,0,0.0,120000,0.0,0,,0
20220731_113759_045737_2.wav,39778000,39898000,7131,120000,24.150000000000002,32.349999999999994,56.5,120000,10,10,15006.0,120000,59886.0,29,2065.0344827586205,21
20221129_154915_045733_1.wav,39778000,39898000,6641,120000,20.639999999999997,0.0,20.639999999999997,120000,9,0,0.0,120000,12005.0,12,1000.4166666666666,3
20230208_103250_043299_1.wav,49225000,49345000,7261,120000,0.0,0.0,0.0,120000,0,0,0.0,120000,0.0,0,,0
20230321_124603_024879_1.wav,36581000,36701000,7291,120000,167.22,31.759999999999998,198.98000000000002,120000,6,1,2000.0,120000,9847.0,7,1406.7142857142858,9
20210624_093317_024883_2.wav,1639000,1759000,5851,120000,31.759999999999998,2.37,34.13,120000,4,0,0.0,120000,6623.0,4,1655.75,4
20220712_113417_045737_3.wav,2072000,2192000,7061,120000,33.96,64.52,98.48,120000,2,0,0.0,120000,1620.0,2,810.0,3
20210624_093317_024883_2.wav,14868000,14988000,5851,120000,69.23,0.0,69.23,120000,2,0,0.0,120000,1411.0,2,705.5,3
