recording_filename,segment_onset,segment_offset,child_id,duration_its,voc_dur_chi,voc_chi,avg_voc_dur_chi,wc_fem,wc_mal,wc_adu,5s_CTC,CVC
20190828_145547_024884_2.wav,28611000,28731000,5061,120000,10070.0,12,839.1666666666666,144.6,11.760000000000002,156.36,6,12.0
20211022_110857_045737_2.wav,49860000,49980000,6161,120000,0.0,0,,0.0,0.0,0.0,0,0.0
20180808_110630_024879.wav,2202000,2322000,3501,120000,3330.0,4,832.5,26.439999999999998,0.0,26.439999999999998,0,0.0
20221129_154915_045733_1.wav,2072000,2192000,6641,120000,6650.0,7,950.0,117.22,3.78,121.0,6,6.0
20230110_120835_024882_2.wav,36581000,36701000,7231,120000,0.0,0,,0.0,0.0,0.0,0,0.0
20210318_114509_043298.wav,18264000,18384000,5961,120000,1200.0,2,600.0,33.45,6.21,39.66,0,1.0
20211103_114626_022870_1.wav,7296000,7416000,6382,120000,29160.0,22,1325.4545454545455,16.669999999999998,27.27,43.94,4,8.0
20220720_091357_024879_1.wav,2202000,2322000,7051,120000,34750.0,20,1737.5,7.68,53.19,60.87,5,32.0
20220728_144904_024880_2.wav,39778000,39898000,7101,120000,600.0,1,600.0,109.29999999999998,9.4,118.7,1,1.0
20230328_132555_045737_1.wav,41905000,42025000,6451,120000,0.0,0,,0.0,0.0,0.0,0,0.0
20201210_142957_025480_2.wav,15408000,15528000,5901,120000,0.0,0,,0.0,0.0,0.0,0,0.0
20220513_113018_024879_2.wav,25590000,25710000,6371,120000,10880.0,13,836.9230769230769,1.89,0.0,1.89,0,1.0
20180906_131431_024882.wav,16289000,16409000,3591,120000,8780.0,8,1097.5,17.439999999999998,0.0,17.439999999999998,3,10.0
20211103_114626_022870_1.wav,6837000,6957000,6382,120000,11480.0,14,820.0,19.48,45.14,64.62,2,7.0
20190307_114201_025481.wav,18264000,18384000,3891,120000,8990.0,9,998.8888888888889,70.75,30.96,101.71000000000001,3,3.0
20230131_124242_043302_2.wav,1639000,1759000,7251,120000,7070.0,10,707.0,2.87,0.0,2.87,0,6.0
20230405_090552_045738_2.wav,41905000,42025000,7281,120000,14840.0,9,1648.888888888889,15.889999999999999,5.13,21.02,1,3.0
20180906_133202_022870.wav,7296000,7416000,3461,120000,6660.0,6,1110.0,33.39,8.48,41.87,2,5.0
20210127_103244_024879_1.wav,36581000,36701000,5461,120000,6630.0,8,828.75,5.02,18.69,23.71,1,1.0
20201210_142957_025480_2.wav,6837000,6957000,5901,120000,0.0,0,,0.0,0.0,0.0,0,0.0
20210127_103244_024879_1.wav,18264000,18384000,5461,120000,1660.0,2,830.0,72.88000000000001,0.0,72.88,0,1.0
20230425_114841_045738_2.wav,6620000,6740000,6212,120000,12160.0,12,1013.3333333333334,29.869999999999997,57.980000000000004,87.85,7,13.0
20230425_114841_045738_2.wav,2072000,2192000,6212,120000,1310.0,2,655.0,8.29,0.0,8.290000000000001,1,2.0
20181218_132113_024879.wav,16289000,16409000,3131,120000,0.0,0,,0.0,0.0,0.0,0,0.0
20210414_211244_024882_1.wav,5817000,5937000,5371,120000,6020.0,7,860.0,23.18,0.0,23.180000000000003,2,6.0
20230228_124411_043305_2.wav,49860000,49980000,7141,120000,0.0,0,,0.0,0.0,0.0,0,0.0
20211022_110857_045737_2.wav,49225000,49345000,6161,120000,0.0,0,,0.0,0.0,0.0,0,0.0
20220805_082527_043300_2.wav,28611000,28731000,6981,120000,660.0,1,660.0,24.33,0.0,24.330000000000002,0,1.0
20220728_144904_024880_2.wav,9384000,9504000,7101,120000,0.0,0,,0.0,0.0,0.0,0,0.0
20230110_120835_024882_2.wav,7296000,7416000,7231,120000,2570.0,4,642.5,9.52,94.65,104.17,1,1.0
20180808_110630_024879.wav,36581000,36701000,3501,120000,0.0,0,,0.0,4.58,4.58,0,0.0
20230301_083834_024880_2.wav,16567000,16687000,6921,120000,0.0,0,,0.0,0.0,0.0,0,0.0
20200312_145204_022874.wav,8801000,8921000,3931,120000,7720.0,9,857.7777777777778,0.0,0.0,0.0,0,5.0
20190819_210318_025481_2.wav,7296000,7416000,3362,120000,27970.0,19,1472.1052631578948,232.51,0.0,232.51,11,18.0
20180906_133202_022870.wav,2072000,2192000,3461,120000,15660.0,16,978.75,6.43,0.0,6.43,1,13.0
20180906_133202_022870.wav,39778000,39898000,3461,120000,0.0,0,,0.0,0.0,0.0,0,0.0
20230425_114841_045738_2.wav,41905000,42025000,6212,120000,790.0,1,790.0,6.63,24.509999999999998,31.139999999999997,0,0.0
20220728_144904_024880_2.wav,6620000,6740000,7101,120000,10410.0,7,1487.142857142857,0.0,0.0,0.0,0,7.0
20210414_211244_024882_1.wav,9384000,9504000,5371,120000,0.0,0,,22.52,0.0,22.519999999999996,0,0.0
20211103_114626_022870_1.wav,18264000,18384000,6382,120000,0.0,0,,0.0,0.0,0.0,0,0.0
20180808_111213_024881.wav,2072000,2192000,2761,120000,600.0,1,600.0,0.19,0.0,0.19,0,1.0
20220728_144904_024880_2.wav,1639000,1759000,7101,120000,600.0,1,600.0,2.57,0.0,2.57,0,1.0
20200414_125938_024878_2.wav,16289000,16409000,4011,120000,7070.0,9,785.5555555555555,48.58,25.3,73.88,2,7.0
20230425_114841_045738_2.wav,18264000,18384000,6212,120000,10380.0,9,1153.3333333333333,20.53,0.0,20.53,2,9.0
20230308_093128_024882_2.wav,41905000,42025000,6761,120000,0.0,0,,32.07000000000001,0.0,32.07,0,0.0
20230425_114841_045738_2.wav,36581000,36701000,6212,120000,2700.0,3,900.0,0.0,0.0,0.0,0,2.0
20180906_131431_024882.wav,49225000,49345000,3591,120000,2520.0,3,840.0,9.71,42.300000000000004,52.010000000000005,2,2.0
20180906_131431_024882.wav,7296000,7416000,3591,120000,16160.0,9,1795.5555555555557,0.0,0.0,0.0,0,7.0
20180808_111213_024881.wav,18264000,18384000,2761,120000,1190.0,1,1190.0,0.0,0.0,0.0,0,1.0
20220731_113759_045737_2.wav,36581000,36701000,7131,120000,0.0,0,,80.15,174.2,254.35000000000002,0,0.0
20210318_114924_043305_2.wav,16289000,16409000,5181,120000,0.0,0,,0.0,0.0,0.0,0,0.0
20230321_124603_024879_1.wav,45308000,45428000,7291,120000,0.0,0,,0.0,0.0,0.0,0,0.0
20200312_145204_022874.wav,8264000,8384000,3931,120000,1210.0,2,605.0,8.94,0.0,8.94,0,2.0
20231025_115855_045737_2.wav,5817000,5937000,6731,120000,0.0,0,,0.0,44.61,44.61,0,0.0
20201104_094551_024882_1.wav,41905000,42025000,3871,120000,4630.0,5,926.0,21.06,5.34,26.400000000000002,1,4.0
20221018_135301_043300_4.wav,6837000,6957000,7201,120000,660.0,1,660.0,0.0,0.0,0.0,0,1.0
20230308_093128_024882_2.wav,14868000,14988000,6761,120000,0.0,0,,0.0,0.0,0.0,0,0.0
20230131_124242_043302_2.wav,2072000,2192000,7251,120000,5010.0,7,715.7142857142857,24.96,5.29,30.25,0,3.0
20210318_114924_043305_2.wav,5817000,5937000,5181,120000,610.0,1,610.0,28.08,132.41,160.49,0,0.0
20180530_181655_022873.wav,39778000,39898000,3321,120000,21440.0,20,1072.0,19.990000000000002,0.0,19.990000000000002,1,7.0
20210414_211244_024882_1.wav,18264000,18384000,5371,120000,19960.0,18,1108.888888888889,27.23,59.09,86.32,3,12.0
20210127_103244_024879_1.wav,45308000,45428000,5461,120000,0.0,0,,0.0,0.0,0.0,0,0.0
20231025_115855_045737_2.wav,7296000,7416000,6731,120000,4300.0,7,614.2857142857143,3.9,49.580000000000005,53.480000000000004,4,7.0
20220728_144904_024880_2.wav,16289000,16409000,7101,120000,1000.0,1,1000.0,125.63999999999999,17.619999999999997,143.26,1,1.0
20190828_145547_024884_2.wav,6837000,6957000,5061,120000,12290.0,15,819.3333333333334,133.01,31.169999999999998,164.18000000000004,10,13.0
20230328_132555_045737_1.wav,7296000,7416000,6451,120000,3360.0,5,672.0,67.93,0.0,67.93,1,2.0
20190307_114201_025481.wav,39778000,39898000,3891,120000,10430.0,11,948.1818181818181,1.97,3.23,5.2,1,5.0
20210504_102146_025480_2.wav,7296000,7416000,6261,120000,19180.0,10,1918.0,2.45,0.0,2.45,0,14.0
20190618_135122_024883.wav,45308000,45428000,5011,120000,0.0,0,,0.0,0.0,0.0,0,0.0
20221129_154915_045733_1.wav,7296000,7416000,6641,120000,22180.0,16,1386.25,108.65,7.01,115.66,2,7.0
20220731_113759_045737_2.wav,6620000,6740000,7131,120000,10000.0,9,1111.111111111111,45.589999999999996,90.76999999999998,136.36,2,10.0
20220513_113018_024879_2.wav,18710000,18830000,6371,120000,23170.0,18,1287.2222222222222,0.0,7.86,7.86,0,11.0
20231025_115855_045737_2.wav,1639000,1759000,6731,120000,7640.0,9,848.8888888888889,0.0,0.0,0.0,0,5.0
20200312_145204_022874.wav,18710000,18830000,3931,120000,3530.0,5,706.0,64.34,0.0,64.34,2,4.0
20220731_113759_045737_2.wav,28611000,28731000,7131,120000,17810.0,16,1113.125,23.269999999999996,0.0,23.27,2,9.0
20221018_135301_043300_4.wav,1639000,1759000,7201,120000,1970.0,2,985.0,15.16,0.0,15.159999999999998,1,2.0
20180906_131431_024882.wav,45308000,45428000,3591,120000,600.0,1,600.0,14.37,21.07,35.44,1,1.0
20200414_125938_024878_2.wav,7296000,7416000,4011,120000,1380.0,2,690.0,7.34,4.84,12.18,0,1.0
20220711_142955_024883_2.wav,16289000,16409000,7011,120000,0.0,0,,0.0,0.0,0.0,0,0.0
20230131_124242_043302_2.wav,15408000,15528000,7251,120000,610.0,1,610.0,0.0,0.0,0.0,0,0.0
20230308_094400_045733_2.wav,14868000,14988000,7121,120000,1600.0,2,800.0,5.83,3.25,9.08,0,0.0
20230321_124603_024879_1.wav,41905000,42025000,7291,120000,0.0,0,,0.0,0.0,0.0,0,0.0
20231025_115855_045737_2.wav,16289000,16409000,6731,120000,15000.0,17,882.3529411764706,27.990000000000002,10.72,38.71,3,5.0
20220829_105740_024880_2.wav,9384000,9504000,7171,120000,0.0,0,,0.0,0.0,0.0,0,0.0
20231025_115855_045737_2.wav,2072000,2192000,6731,120000,10960.0,8,1370.0,0.0,0.0,0.0,0,10.0
20230321_124603_024879_1.wav,14868000,14988000,7291,120000,0.0,0,,0.0,0.0,0.0,0,0.0
20211103_114626_022870_1.wav,9384000,9504000,6382,120000,640.0,1,640.0,13.059999999999999,0.0,13.059999999999999,0,1.0
20190618_135122_024883.wav,49860000,49980000,5011,120000,0.0,0,,0.0,0.0,0.0,0,0.0
20230131_124242_043302_2.wav,9384000,9504000,7251,120000,1210.0,2,605.0,49.760000000000005,0.0,49.760000000000005,1,1.0
20190307_114201_025481.wav,2072000,2192000,3891,120000,10730.0,12,894.1666666666666,6.5,0.0,6.5,0,8.0
20191004_125707_025480_2.wav,13335000,13455000,4001,120000,4900.0,7,700.0,55.83999999999999,0.0,55.83999999999999,3,4.0
20220805_082527_043300_2.wav,2072000,2192000,6981,120000,29560.0,29,1019.3103448275862,50.03,0.0,50.03,6,32.0
20210318_114509_043298.wav,36581000,36701000,5961,120000,1010.0,1,1010.0,82.44,79.22,161.66,1,1.0
20221018_135301_043300_4.wav,16289000,16409000,7201,120000,0.0,0,,0.0,0.0,0.0,0,0.0
20180809_181624_025481.wav,36581000,36701000,2781,120000,18080.0,19,951.578947368421,6.26,0.0,6.26,0,8.0
20210318_114509_043298.wav,7296000,7416000,5961,120000,4570.0,7,652.8571428571429,0.0,0.0,0.0,0,3.0
20220711_142955_024883_2.wav,9384000,9504000,7011,120000,3320.0,4,830.0,0.0,0.0,0.0,0,3.0
20210318_114509_043298.wav,14868000,14988000,5961,120000,0.0,0,,0.0,0.0,0.0,0,0.0
20230228_124411_043305_2.wav,9384000,9504000,7141,120000,0.0,0,,7.46,0.0,7.46,0,0.0
20210318_114924_043305_2.wav,1639000,1759000,5181,120000,3010.0,3,1003.3333333333334,0.0,3.55,3.55,1,4.0
20230308_093128_024882_2.wav,2202000,2322000,6761,120000,3250.0,4,812.5,0.0,8.27,8.27,2,5.0
20231025_115855_045737_2.wav,6837000,6957000,6731,120000,600.0,1,600.0,26.580000000000002,84.48,111.06,0,1.0
20230208_103250_043299_1.wav,14868000,14988000,7261,120000,11770.0,10,1177.0,0.0,0.0,0.0,0,9.0
20200414_130512_024879_2.wav,36581000,36701000,3941,120000,9060.0,8,1132.5,88.71000000000001,38.519999999999996,127.23,2,7.0
20181218_132113_024879.wav,18264000,18384000,3131,120000,24450.0,26,940.3846153846154,68.09,4.06,72.15,12,33.0
20220712_113417_045737_3.wav,16289000,16409000,7061,120000,0.0,0,,0.0,0.0,0.0,0,0.0
20190307_091344_022872.wav,14868000,14988000,3951,120000,5450.0,7,778.5714285714286,19.380000000000003,0.0,19.380000000000003,0,2.0
20210127_103244_024879_1.wav,16289000,16409000,5461,120000,0.0,0,,173.89,4.1,177.99,0,0.0
20210624_093317_024883_2.wav,18264000,18384000,5851,120000,0.0,0,,0.0,0.0,0.0,0,0.0
20230308_094400_045733_2.wav,36581000,36701000,7121,120000,610.0,1,610.0,0.0,0.0,0.0,0,0.0
20220720_091357_024879_1.wav,5817000,5937000,7051,120000,41940.0,30,1398.0,0.0,31.25,31.25,4,38.0
20211019_120823_045733_2.wav,9384000,9504000,6461,120000,3780.0,3,1260.0,3.91,0.0,3.91,0,5.0
20230405_090552_045738_2.wav,49225000,49345000,7281,120000,12010.0,13,923.8461538461538,36.76,3.35,40.11,2,7.0
20230425_114841_045738_2.wav,6837000,6957000,6212,120000,4430.0,5,886.0,6.9799999999999995,0.0,6.9799999999999995,0,4.0
20211022_110857_045737_2.wav,48958000,49078000,6161,120000,0.0,0,,0.0,0.0,0.0,0,0.0
20220728_144904_024880_2.wav,18264000,18384000,7101,120000,0.0,0,,13.92,0.0,13.92,0,0.0
20181218_132113_024879.wav,1639000,1759000,3131,120000,19460.0,22,884.5454545454545,70.22999999999999,39.6,109.83000000000001,8,22.0
20191004_125707_025480_2.wav,3648000,3768000,4001,120000,1860.0,2,930.0,0.0,0.0,0.0,0,0.0
20200414_125938_024878_2.wav,14868000,14988000,4011,120000,0.0,0,,18.64,8.93,27.57,0,0.0
20230301_083834_024880_2.wav,18264000,18384000,6921,120000,0.0,0,,0.0,0.0,0.0,0,0.0
20220731_113759_045737_2.wav,2072000,2192000,7131,120000,6800.0,7,971.4285714285714,20.43,305.34000000000003,325.77,3,4.0
20190307_114201_025481.wav,9384000,9504000,3891,120000,6830.0,7,975.7142857142857,6.24,0.0,6.24,1,4.0
20220829_105740_024880_2.wav,1639000,1759000,7171,120000,4230.0,4,1057.5,33.480000000000004,30.28,63.76,0,0.0
20181218_132113_024879.wav,14868000,14988000,3131,120000,0.0,0,,0.0,0.0,0.0,0,0.0
20230308_093128_024882_2.wav,7296000,7416000,6761,120000,3170.0,4,792.5,196.28999999999996,14.3,210.59,4,4.0
20180809_181624_025481.wav,28611000,28731000,2781,120000,600.0,1,600.0,0.0,0.57,0.57,1,1.0
20201210_142957_025480_2.wav,5817000,5937000,5901,120000,0.0,0,,0.0,0.0,0.0,0,0.0
20210318_114924_043305_2.wav,14868000,14988000,5181,120000,0.0,0,,0.0,0.0,0.0,0,0.0
20201104_094551_024882_1.wav,18264000,18384000,3871,120000,1200.0,2,600.0,0.0,0.0,0.0,0,1.0
20220712_113417_045737_3.wav,18264000,18384000,7061,120000,0.0,0,,0.0,0.0,0.0,0,0.0
20200312_145204_022874.wav,4812000,4932000,3931,120000,12180.0,10,1218.0,155.78,0.0,155.78,5,10.0
20210624_093317_024883_2.wav,9384000,9504000,5851,120000,8030.0,9,892.2222222222222,160.42000000000002,6.15,166.57000000000002,3,9.0
20230425_114841_045738_2.wav,2202000,2322000,6212,120000,0.0,0,,12.3,0.0,12.3,0,0.0
20190819_210318_025481_2.wav,1639000,1759000,3362,120000,14420.0,16,901.25,61.790000000000006,5.88,67.67000000000002,9,14.0
20220829_105740_024880_2.wav,28611000,28731000,7171,120000,610.0,1,610.0,0.0,0.0,0.0,0,0.0
20220805_082527_043300_2.wav,39778000,39898000,6981,120000,0.0,0,,146.57,41.239999999999995,187.80999999999997,0,0.0
20220711_142955_024883_2.wav,7296000,7416000,7011,120000,10920.0,10,1092.0,0.0,0.0,0.0,0,5.0
20220712_113417_045737_3.wav,41905000,42025000,7061,120000,0.0,0,,0.0,0.0,0.0,0,0.0
20230308_094400_045733_2.wav,18264000,18384000,7121,120000,0.0,0,,0.0,0.0,0.0,0,0.0
20180808_110630_024879.wav,16289000,16409000,3501,120000,0.0,0,,0.0,0.0,0.0,0,0.0
20220720_091357_024879_1.wav,39778000,39898000,7051,120000,33360.0,30,1112.0,0.0,0.0,0.0,0,13.0
20230328_132555_045737_1.wav,9384000,9504000,6451,120000,5420.0,6,903.3333333333334,18.03,13.11,31.14,1,6.0
20180530_181655_022873.wav,14868000,14988000,3321,120000,37460.0,24,1560.8333333333333,62.93,0.0,62.93000000000001,5,16.0
20180530_181655_022873.wav,7296000,7416000,3321,120000,4520.0,6,753.3333333333334,27.600000000000005,0.0,27.6,1,3.0
20220720_091357_024879_1.wav,18264000,18384000,7051,120000,18200.0,21,866.6666666666666,163.07,79.52999999999999,242.60000000000002,10,19.0
20190618_135122_024883.wav,16289000,16409000,5011,120000,0.0,0,,23.27,0.0,23.27,0,0.0
20220731_113759_045737_2.wav,5817000,5937000,7131,120000,0.0,0,,34.6,7.9,42.5,0,0.0
20201104_094551_024882_1.wav,16289000,16409000,3871,120000,0.0,0,,12.26,0.0,12.26,0,0.0
20210318_114924_043305_2.wav,6837000,6957000,5181,120000,6490.0,6,1081.6666666666667,8.21,84.70000000000002,92.91,4,5.0
20210414_211244_024882_1.wav,49860000,49980000,5371,120000,0.0,0,,0.0,0.0,0.0,0,0.0
20210318_114924_043305_2.wav,2072000,2192000,5181,120000,600.0,1,600.0,0.0,5.47,5.47,1,1.0
20231025_115855_045737_2.wav,15408000,15528000,6731,120000,5430.0,6,905.0,73.74000000000001,78.33,152.07,1,5.0
20201104_094551_024882_1.wav,48958000,49078000,3871,120000,7100.0,10,710.0,46.900000000000006,10.11,57.010000000000005,4,7.0
20230328_132555_045737_1.wav,18264000,18384000,6451,120000,800.0,1,800.0,0.0,0.0,0.0,0,0.0
20220513_113018_024879_2.wav,8264000,8384000,6371,120000,9000.0,10,900.0,0.0,6.18,6.18,0,4.0
20220731_113759_045737_2.wav,41905000,42025000,7131,120000,12920.0,12,1076.6666666666667,18.78,0.0,18.78,1,3.0
20181218_132113_024879.wav,36581000,36701000,3131,120000,3460.0,2,1730.0,5.89,1.57,7.459999999999999,0,4.0
20230131_124242_043302_2.wav,5817000,5937000,7251,120000,810.0,1,810.0,39.56,16.51,56.06999999999999,1,1.0
20210504_102146_025480_2.wav,39778000,39898000,6261,120000,1000.0,1,1000.0,69.35000000000001,0.0,69.35,1,2.0
20230321_124603_024879_1.wav,18264000,18384000,7291,120000,2230.0,3,743.3333333333334,64.22,8.56,72.78,0,1.0
20230301_083834_024880_2.wav,34798000,34918000,6921,120000,0.0,0,,62.28,10.79,73.07000000000002,0,0.0
20211022_110857_045737_2.wav,36581000,36701000,6161,120000,1260.0,2,630.0,3.12,0.0,3.12,0,2.0
20210624_093317_024883_2.wav,41905000,42025000,5851,120000,0.0,0,,0.0,0.0,0.0,0,0.0
20180808_110630_024879.wav,2072000,2192000,3501,120000,720.0,1,720.0,3.56,0.0,3.56,0,1.0
20231025_115855_045737_2.wav,16567000,16687000,6731,120000,47960.0,35,1370.2857142857142,10.79,0.0,10.79,1,6.0
20190828_145547_024884_2.wav,14868000,14988000,5061,120000,14840.0,12,1236.6666666666667,219.05999999999997,5.19,224.25,7,16.0
20230425_114841_045738_2.wav,28611000,28731000,6212,120000,0.0,0,,0.0,0.0,0.0,0,0.0
20211019_120823_045733_2.wav,39778000,39898000,6461,120000,15210.0,17,894.7058823529412,0.0,0.0,0.0,0,20.0
20220829_105740_024880_2.wav,14868000,14988000,7171,120000,20740.0,13,1595.3846153846155,4.21,1.62,5.83,3,10.0
20220720_091357_024879_1.wav,7296000,7416000,7051,120000,600.0,1,600.0,0.0,0.0,0.0,0,0.0
20191004_125707_025480_2.wav,1799000,1919000,4001,120000,12770.0,15,851.3333333333334,9.59,0.0,9.59,0,3.0
20210414_211244_024882_1.wav,6837000,6957000,5371,120000,2230.0,3,743.3333333333334,19.71,93.08999999999999,112.8,2,2.0
20220728_144904_024880_2.wav,5817000,5937000,7101,120000,16730.0,13,1286.923076923077,58.92999999999999,3.94,62.87,5,9.0
20211103_114626_022870_1.wav,36581000,36701000,6382,120000,0.0,0,,0.0,13.82,13.82,0,0.0
20230301_083834_024880_2.wav,14868000,14988000,6921,120000,0.0,0,,0.0,0.0,0.0,0,0.0
20210414_211244_024882_1.wav,14868000,14988000,5371,120000,13870.0,15,924.6666666666666,50.169999999999995,55.85999999999999,106.03,8,11.0
20230308_094400_045733_2.wav,16289000,16409000,7121,120000,0.0,0,,0.0,0.0,0.0,0,0.0
20220513_113018_024879_2.wav,3478000,3598000,6371,120000,7360.0,7,1051.4285714285713,3.45,1.54,4.99,1,3.0
20230321_124603_024879_1.wav,49860000,49980000,7291,120000,0.0,0,,0.0,0.0,0.0,0,0.0
20180906_133202_022870.wav,36581000,36701000,3461,120000,1200.0,2,600.0,5.13,0.83,5.96,0,1.0
20220711_142955_024883_2.wav,1639000,1759000,7011,120000,12400.0,14,885.7142857142857,12.59,0.0,12.59,1,14.0
20220720_091357_024879_1.wav,6837000,6957000,7051,120000,4890.0,6,815.0,0.0,0.0,0.0,0,2.0
20230208_103250_043299_1.wav,39778000,39898000,7261,120000,21070.0,24,877.9166666666666,15.25,49.41,64.66,3,9.0
20201210_142957_025480_2.wav,6620000,6740000,5901,120000,0.0,0,,0.0,0.0,0.0,0,0.0
20221129_154915_045733_1.wav,5817000,5937000,6641,120000,10340.0,7,1477.142857142857,20.22,0.0,20.220000000000002,0,4.0
20211019_120823_045733_2.wav,18264000,18384000,6461,120000,0.0,0,,12.43,0.0,12.43,0,0.0
20210127_103244_024879_1.wav,49860000,49980000,5461,120000,0.0,0,,3.0,0.0,3.0,0,0.0
20190307_091344_022872.wav,49225000,49345000,3951,120000,0.0,0,,0.0,0.0,0.0,0,0.0
20210318_114509_043298.wav,49225000,49345000,5961,120000,0.0,0,,0.0,0.0,0.0,0,0.0
20230131_124242_043302_2.wav,7296000,7416000,7251,120000,1400.0,2,700.0,17.509999999999998,7.39,24.9,0,0.0
20181218_132113_024879.wav,6837000,6957000,3131,120000,6000.0,6,1000.0,189.51,6.98,196.48999999999998,3,4.0
20190307_091344_022872.wav,48958000,49078000,3951,120000,0.0,0,,0.0,0.0,0.0,0,0.0
20230321_124603_024879_1.wav,5817000,5937000,7291,120000,1310.0,2,655.0,0.0,0.0,0.0,0,1.0
20230321_124603_024879_1.wav,9384000,9504000,7291,120000,68570.0,26,2637.3076923076924,60.71,7.77,68.47999999999999,3,11.0
20230321_124603_024879_1.wav,1639000,1759000,7291,120000,7090.0,10,709.0,98.39999999999999,16.53,114.93,5,5.0
20190828_145547_024884_2.wav,1639000,1759000,5061,120000,4980.0,7,711.4285714285714,200.37999999999997,37.11,237.49,4,6.0
20230308_094400_045733_2.wav,1639000,1759000,7121,120000,20480.0,24,853.3333333333334,15.020000000000001,19.45,34.47,4,21.0
20180530_181655_022873.wav,18264000,18384000,3321,120000,26500.0,15,1766.6666666666667,12.0,0.0,12.0,0,5.0
20230301_083834_024880_2.wav,6837000,6957000,6921,120000,0.0,0,,0.0,0.0,0.0,0,0.0
20221018_135301_043300_4.wav,18264000,18384000,7201,120000,0.0,0,,0.0,0.0,0.0,0,0.0
20200414_130512_024879_2.wav,2072000,2192000,3941,120000,9370.0,12,780.8333333333334,7.48,0.0,7.48,0,13.0
20210624_093317_024883_2.wav,36581000,36701000,5851,120000,17260.0,13,1327.6923076923076,2.09,20.130000000000003,22.22,2,13.0
20230228_124411_043305_2.wav,49225000,49345000,7141,120000,0.0,0,,0.0,0.0,0.0,0,0.0
20190819_210318_025481_2.wav,2202000,2322000,3362,120000,7940.0,8,992.5,12.05,0.0,12.05,1,3.0
20190819_210318_025481_2.wav,28611000,28731000,3362,120000,6260.0,5,1252.0,23.17,0.0,23.17,1,2.0
20180530_181655_022873.wav,2202000,2322000,3321,120000,8650.0,8,1081.25,26.37,0.0,26.369999999999997,0,4.0
20230131_124242_043302_2.wav,6837000,6957000,7251,120000,39300.0,33,1190.909090909091,4.7,0.0,4.7,0,11.0
20191004_125707_025480_2.wav,12906000,13026000,4001,120000,13570.0,12,1130.8333333333333,129.54,10.33,139.87,4,9.0
20180530_181655_022873.wav,15408000,15528000,3321,120000,70540.0,25,2821.6,0.96,0.0,0.96,0,3.0
20230110_120835_024882_2.wav,6837000,6957000,7231,120000,2770.0,4,692.5,12.190000000000001,90.83,103.02000000000001,3,4.0
20220726_115556_024883_2.wav,36581000,36701000,7111,120000,20300.0,25,812.0,52.97,102.01999999999998,154.99,13,24.0
20230131_124242_043302_2.wav,36581000,36701000,7251,120000,7460.0,9,828.8888888888889,10.719999999999999,0.0,10.719999999999999,0,1.0
20191004_125707_025480_2.wav,3897000,4017000,4001,120000,6350.0,5,1270.0,0.0,0.0,0.0,0,3.0
20210624_093317_024883_2.wav,6837000,6957000,5851,120000,1810.0,3,603.3333333333334,117.8,0.0,117.8,1,2.0
20201210_142957_025480_2.wav,14868000,14988000,5901,120000,1000.0,1,1000.0,9.61,0.0,9.61,0,0.0
20230308_093128_024882_2.wav,28611000,28731000,6761,120000,1230.0,2,615.0,0.0,0.0,0.0,0,1.0
20190618_135122_024883.wav,7296000,7416000,5011,120000,0.0,0,,0.73,0.0,0.73,0,0.0
20220731_113759_045737_2.wav,14868000,14988000,7131,120000,0.0,0,,0.0,0.0,0.0,0,0.0
20210624_093317_024883_2.wav,16289000,16409000,5851,120000,0.0,0,,0.0,0.0,0.0,0,0.0
20180530_181655_022873.wav,5817000,5937000,3321,120000,4510.0,7,644.2857142857143,0.0,0.47,0.47,0,3.0
20230228_124411_043305_2.wav,5817000,5937000,7141,120000,0.0,0,,0.0,0.0,0.0,0,0.0
20230405_090552_045738_2.wav,6837000,6957000,7281,120000,21930.0,26,843.4615384615385,0.0,33.82,33.82,4,25.0
20210318_114509_043298.wav,39778000,39898000,5961,120000,1810.0,3,603.3333333333334,47.919999999999995,27.779999999999998,75.7,2,3.0
20230328_132555_045737_1.wav,16289000,16409000,6451,120000,0.0,0,,7.8,28.02,35.82,0,0.0
20210504_102146_025480_2.wav,15408000,15528000,6261,120000,2970.0,2,1485.0,23.34,0.0,23.34,1,3.0
20230328_132555_045737_1.wav,6837000,6957000,6451,120000,6140.0,6,1023.3333333333334,143.28,0.0,143.28,5,5.0
20221129_154915_045733_1.wav,2202000,2322000,6641,120000,16180.0,14,1155.7142857142858,79.74,7.79,87.53,4,11.0
20211103_114626_022870_1.wav,41905000,42025000,6382,120000,13910.0,14,993.5714285714286,72.86,61.370000000000005,134.23000000000002,4,9.0
20230301_083834_024880_2.wav,2072000,2192000,6921,120000,0.0,0,,0.0,0.0,0.0,0,0.0
20201210_142957_025480_2.wav,2072000,2192000,5901,120000,6310.0,8,788.75,1.2,0.0,1.2,0,0.0
20230110_120835_024882_2.wav,9384000,9504000,7231,120000,1990.0,2,995.0,0.0,0.0,0.0,0,2.0
20231025_115855_045737_2.wav,2202000,2322000,6731,120000,14200.0,15,946.6666666666666,0.0,0.0,0.0,0,17.0
20200312_145204_022874.wav,7554000,7674000,3931,120000,4470.0,3,1490.0,12.61,0.0,12.61,0,1.0
20180808_110630_024879.wav,14868000,14988000,3501,120000,0.0,0,,0.0,0.0,0.0,0,0.0
20180906_133202_022870.wav,9384000,9504000,3461,120000,700.0,1,700.0,0.0,0.0,0.0,0,1.0
20190307_091344_022872.wav,41905000,42025000,3951,120000,37310.0,31,1203.5483870967741,20.45,43.470000000000006,63.92,1,3.0
20180530_181655_022873.wav,6620000,6740000,3321,120000,5290.0,7,755.7142857142857,1.69,0.0,1.69,0,2.0
20230228_124411_043305_2.wav,16289000,16409000,7141,120000,1310.0,2,655.0,37.18,6.55,43.72999999999999,0,1.0
20230308_093128_024882_2.wav,6837000,6957000,6761,120000,4410.0,6,735.0,116.56,71.30000000000001,187.85999999999999,4,7.0
20230405_090552_045738_2.wav,28611000,28731000,7281,120000,0.0,0,,0.0,0.0,0.0,0,0.0
20230228_124411_043305_2.wav,48958000,49078000,7141,120000,0.0,0,,0.0,0.0,0.0,0,0.0
20211019_120823_045733_2.wav,16289000,16409000,6461,120000,0.0,0,,0.0,0.0,0.0,0,0.0
20180530_181655_022873.wav,9384000,9504000,3321,120000,17480.0,15,1165.3333333333333,0.0,0.0,0.0,0,7.0
20230308_094400_045733_2.wav,2202000,2322000,7121,120000,25870.0,28,923.9285714285714,25.490000000000002,23.520000000000003,49.010000000000005,6,17.0
20210504_102146_025480_2.wav,1639000,1759000,6261,120000,5960.0,7,851.4285714285714,84.78,5.09,89.87,6,12.0
20220805_082527_043300_2.wav,6620000,6740000,6981,120000,17040.0,15,1136.0,172.48000000000002,0.0,172.48,2,10.0
20230301_083834_024880_2.wav,5817000,5937000,6921,120000,0.0,0,,0.0,0.0,0.0,0,0.0
20201210_142957_025480_2.wav,2202000,2322000,5901,120000,24740.0,24,1030.8333333333333,6.44,0.0,6.44,0,9.0
20200414_125938_024878_2.wav,1639000,1759000,4011,120000,18600.0,11,1690.909090909091,4.59,11.649999999999999,16.24,0,3.0
20200312_145204_022874.wav,11687000,11807000,3931,120000,4690.0,5,938.0,136.58999999999997,33.54,170.13,2,3.0
20220728_144904_024880_2.wav,36581000,36701000,7101,120000,29370.0,8,3671.25,32.28,0.34,32.620000000000005,1,18.0
20201210_142957_025480_2.wav,7296000,7416000,5901,120000,0.0,0,,0.0,0.0,0.0,0,0.0
20220513_113018_024879_2.wav,2968000,3088000,6371,120000,2150.0,2,1075.0,10.69,0.0,10.690000000000001,1,2.0
20180906_133202_022870.wav,2202000,2322000,3461,120000,18490.0,13,1422.3076923076924,82.44,0.0,82.43999999999998,2,5.0
20181218_132113_024879.wav,45308000,45428000,3131,120000,0.0,0,,0.0,0.0,0.0,0,0.0
20220720_091357_024879_1.wav,14868000,14988000,7051,120000,12190.0,12,1015.8333333333334,64.52,113.02000000000001,177.54,6,13.0
20230308_093128_024882_2.wav,2072000,2192000,6761,120000,9750.0,9,1083.3333333333333,8.77,7.51,16.279999999999998,2,7.0
20220711_142955_024883_2.wav,39778000,39898000,7011,120000,0.0,0,,0.0,0.0,0.0,0,0.0
20190828_145547_024884_2.wav,5817000,5937000,5061,120000,11440.0,15,762.6666666666666,113.94,60.95,174.89000000000001,8,15.0
20210504_102146_025480_2.wav,14868000,14988000,6261,120000,18870.0,13,1451.5384615384614,29.270000000000003,0.0,29.270000000000003,2,18.0
20180808_110630_024879.wav,39778000,39898000,3501,120000,21050.0,18,1169.4444444444443,40.19,14.43,54.620000000000005,1,10.0
20230308_094400_045733_2.wav,9384000,9504000,7121,120000,9140.0,9,1015.5555555555555,0.0,0.0,0.0,0,13.0
20210318_114509_043298.wav,49860000,49980000,5961,120000,0.0,0,,0.0,0.0,0.0,0,0.0
20210127_103244_024879_1.wav,9384000,9504000,5461,120000,3820.0,6,636.6666666666666,4.9,0.0,4.9,0,6.0
20230308_094400_045733_2.wav,41905000,42025000,7121,120000,10990.0,12,915.8333333333334,55.120000000000005,22.6,77.72,4,9.0
20210624_093317_024883_2.wav,2072000,2192000,5851,120000,5880.0,8,735.0,118.90000000000002,2.41,121.31,6,8.0
20220513_113018_024879_2.wav,23134000,23254000,6371,120000,6800.0,8,850.0,26.740000000000002,30.89,57.629999999999995,1,3.0
20190618_135122_024883.wav,9384000,9504000,5011,120000,83240.0,22,3783.6363636363635,14.93,15.520000000000001,30.45,0,1.0
20220726_115556_024883_2.wav,41905000,42025000,7111,120000,0.0,0,,0.0,0.0,0.0,0,0.0
20220728_144904_024880_2.wav,6837000,6957000,7101,120000,3660.0,4,915.0,0.0,0.0,0.0,0,3.0
20220726_115556_024883_2.wav,2202000,2322000,7111,120000,3780.0,3,1260.0,0.0,0.0,0.0,0,3.0
20191004_125707_025480_2.wav,9775000,9895000,4001,120000,16060.0,13,1235.3846153846155,67.17999999999999,0.0,67.18,5,17.0
20210504_102146_025480_2.wav,2202000,2322000,6261,120000,0.0,0,,7.220000000000001,0.0,7.220000000000001,0,0.0
20230321_124603_024879_1.wav,6837000,6957000,7291,120000,9390.0,9,1043.3333333333333,45.96999999999999,27.68,73.65,2,7.0
20210318_114924_043305_2.wav,2202000,2322000,5181,120000,0.0,0,,0.0,0.0,0.0,0,0.0
20230328_132555_045737_1.wav,5817000,5937000,6451,120000,28400.0,20,1420.0,72.49,0.0,72.49,4,7.0
20230208_103250_043299_1.wav,7296000,7416000,7261,120000,8810.0,10,881.0,29.700000000000003,0.0,29.7,4,12.0
20180530_181655_022873.wav,2072000,2192000,3321,120000,15990.0,14,1142.142857142857,7.42,0.0,7.42,1,7.0
20190828_145547_024884_2.wav,6620000,6740000,5061,120000,8200.0,12,683.3333333333334,71.96000000000001,42.86,114.82000000000001,7,11.0
20180906_133202_022870.wav,14868000,14988000,3461,120000,720.0,1,720.0,0.0,0.0,0.0,0,2.0
20230110_120835_024882_2.wav,5817000,5937000,7231,120000,2010.0,2,1005.0,63.56,7.49,71.05,1,2.0
20180808_111213_024881.wav,7296000,7416000,2761,120000,0.0,0,,0.0,0.0,0.0,0,0.0
20180809_181624_025481.wav,6620000,6740000,2781,120000,770.0,1,770.0,1.26,0.0,1.26,1,1.0
20220711_142955_024883_2.wav,5817000,5937000,7011,120000,18720.0,15,1248.0,3.9,0.0,3.9,1,7.0
20210127_103244_024879_1.wav,14868000,14988000,5461,120000,0.0,0,,0.0,113.05000000000001,113.04999999999998,0,0.0
20190307_091344_022872.wav,39778000,39898000,3951,120000,1110.0,1,1110.0,4.78,0.0,4.78,0,1.0
20210318_114924_043305_2.wav,39778000,39898000,5181,120000,7680.0,10,768.0,36.84,79.72000000000001,116.55999999999999,5,9.0
20220726_115556_024883_2.wav,16289000,16409000,7111,120000,0.0,0,,0.0,0.0,0.0,0,0.0
20210624_093317_024883_2.wav,2202000,2322000,5851,120000,16690.0,17,981.7647058823529,178.24,0.0,178.23999999999998,10,17.0
20230425_114841_045738_2.wav,7296000,7416000,6212,120000,2680.0,4,670.0,12.16,0.0,12.16,2,3.0
20220712_113417_045737_3.wav,6837000,6957000,7061,120000,8780.0,9,975.5555555555555,19.04,0.0,19.04,2,7.0
20230208_103250_043299_1.wav,16289000,16409000,7261,120000,24080.0,29,830.3448275862069,19.830000000000002,0.0,19.83,2,22.0
20220726_115556_024883_2.wav,45308000,45428000,7111,120000,0.0,0,,0.0,3.19,3.19,0,0.0
20211022_110857_045737_2.wav,41905000,42025000,6161,120000,0.0,0,,0.0,0.0,0.0,0,0.0
20220829_105740_024880_2.wav,41905000,42025000,7171,120000,43990.0,35,1256.857142857143,0.0,0.0,0.0,0,35.0
20190618_135122_024883.wav,18264000,18384000,5011,120000,4090.0,5,818.0,59.06,13.419999999999998,72.48,0,2.0
20180809_181624_025481.wav,2072000,2192000,2781,120000,37000.0,24,1541.6666666666667,9.629999999999999,6.68,16.31,2,14.0
20220731_113759_045737_2.wav,9384000,9504000,7131,120000,450.0,1,450.0,12.75,37.459999999999994,50.21,0,1.0
20180808_110630_024879.wav,28611000,28731000,3501,120000,47930.0,34,1409.7058823529412,8.84,11.940000000000001,20.78,1,4.0
20211019_120823_045733_2.wav,7296000,7416000,6461,120000,6100.0,3,2033.3333333333333,1.6,0.0,1.6,0,3.0
20220805_082527_043300_2.wav,14868000,14988000,6981,120000,0.0,0,,0.0,0.0,0.0,0,0.0
20220829_105740_024880_2.wav,5817000,5937000,7171,120000,0.0,0,,0.0,0.0,0.0,0,0.0
20230425_114841_045738_2.wav,39778000,39898000,6212,120000,4450.0,6,741.6666666666666,4.25,0.0,4.25,0,4.0
20220711_142955_024883_2.wav,6837000,6957000,7011,120000,4820.0,6,803.3333333333334,0.0,0.0,0.0,0,2.0
20200414_125938_024878_2.wav,6837000,6957000,4011,120000,6660.0,8,832.5,7.85,87.16,95.00999999999999,3,3.0
20211103_114626_022870_1.wav,28611000,28731000,6382,120000,0.0,0,,0.0,0.0,0.0,0,0.0
20201104_094551_024882_1.wav,49860000,49980000,3871,120000,0.0,0,,0.0,0.0,0.0,0,0.0
20230425_114841_045738_2.wav,1639000,1759000,6212,120000,4300.0,3,1433.3333333333333,13.46,3.28,16.74,2,4.0
20210318_114924_043305_2.wav,7296000,7416000,5181,120000,10110.0,9,1123.3333333333333,5.55,2.94,8.49,1,10.0
20220805_082527_043300_2.wav,36581000,36701000,6981,120000,0.0,0,,69.72,0.0,69.72,0,0.0
20181218_132113_024879.wav,48958000,49078000,3131,120000,0.0,0,,0.0,0.0,0.0,0,0.0
20180808_110630_024879.wav,1639000,1759000,3501,120000,8580.0,10,858.0,53.6,7.91,61.510000000000005,6,11.0
20190307_114201_025481.wav,1639000,1759000,3891,120000,1330.0,2,665.0,48.43,22.44,70.87,0,1.0
20190307_091344_022872.wav,5817000,5937000,3951,120000,4880.0,7,697.1428571428571,13.270000000000001,0.0,13.27,2,5.0
20210414_211244_024882_1.wav,1639000,1759000,5371,120000,7700.0,6,1283.3333333333333,0.0,0.0,0.0,0,4.0
20180808_111213_024881.wav,5817000,5937000,2761,120000,1940.0,3,646.6666666666666,0.0,0.0,0.0,0,2.0
20211103_114626_022870_1.wav,6620000,6740000,6382,120000,10210.0,7,1458.5714285714287,26.240000000000002,46.74,72.97999999999999,2,3.0
20200414_130512_024879_2.wav,14868000,14988000,3941,120000,0.0,0,,129.44,7.54,136.98,0,0.0
20230228_124411_043305_2.wav,39778000,39898000,7141,120000,0.0,0,,0.0,0.0,0.0,0,0.0
20230308_094400_045733_2.wav,5817000,5937000,7121,120000,8990.0,11,817.2727272727273,123.46,43.03,166.49,4,10.0
20230110_120835_024882_2.wav,1639000,1759000,7231,120000,9170.0,9,1018.8888888888889,14.989999999999998,62.519999999999996,77.51,0,5.0
20230425_114841_045738_2.wav,5817000,5937000,6212,120000,230.0,1,230.0,31.91,0.0,31.910000000000004,1,2.0
20220726_115556_024883_2.wav,39778000,39898000,7111,120000,0.0,0,,0.0,0.0,0.0,0,0.0
20230301_083834_024880_2.wav,9384000,9504000,6921,120000,0.0,0,,0.0,0.0,0.0,0,0.0
20210624_093317_024883_2.wav,45308000,45428000,5851,120000,0.0,0,,0.0,0.0,0.0,0,0.0
20221129_154915_045733_1.wav,28611000,28731000,6641,120000,8790.0,10,879.0,23.3,1.11,24.41,2,8.0
20220805_082527_043300_2.wav,1639000,1759000,6981,120000,1290.0,3,430.0,151.53,7.67,159.2,1,2.0
20231025_115855_045737_2.wav,9384000,9504000,6731,120000,0.0,0,,11.270000000000001,0.0,11.270000000000001,0,0.0
20190819_210318_025481_2.wav,18264000,18384000,3362,120000,960.0,1,960.0,53.5,6.64,60.14,0,0.0
20230425_114841_045738_2.wav,14868000,14988000,6212,120000,890.0,1,890.0,5.95,9.86,15.809999999999999,1,1.0
20230228_124411_043305_2.wav,1639000,1759000,7141,120000,3430.0,3,1143.3333333333333,0.0,0.0,0.0,0,1.0
20190307_091344_022872.wav,49860000,49980000,3951,120000,0.0,0,,0.0,0.0,0.0,0,0.0
20230308_093128_024882_2.wav,18264000,18384000,6761,120000,0.0,0,,0.0,0.0,0.0,0,0.0
20220712_113417_045737_3.wav,6620000,6740000,7061,120000,1650.0,2,825.0,62.44,0.0,62.440000000000005,0,1.0
20190307_114201_025481.wav,6620000,6740000,3891,120000,1000.0,1,1000.0,82.61,0.0,82.61,0,2.0
20220726_115556_024883_2.wav,7296000,7416000,7111,120000,21150.0,19,1113.157894736842,166.24,0.0,166.24,16,23.0
20230228_124411_043305_2.wav,41905000,42025000,7141,120000,0.0,0,,0.0,0.0,0.0,0,0.0
20200312_145204_022874.wav,1502000,1622000,3931,120000,8350.0,7,1192.857142857143,21.930000000000003,7.7,29.630000000000003,2,7.0
20210318_114924_043305_2.wav,28611000,28731000,5181,120000,2300.0,3,766.6666666666666,32.74,0.0,32.74,0,2.0
20191004_125707_025480_2.wav,10754000,10874000,4001,120000,11390.0,8,1423.75,173.33000000000004,0.0,173.32999999999998,3,9.0
20180906_133202_022870.wav,18264000,18384000,3461,120000,0.0,0,,0.0,0.0,0.0,0,0.0
20230131_124242_043302_2.wav,28611000,28731000,7251,120000,0.0,0,,0.1,0.0,0.1,0,0.0
20210414_211244_024882_1.wav,45308000,45428000,5371,120000,0.0,0,,0.0,6.7,6.7,0,0.0
20230301_083834_024880_2.wav,2202000,2322000,6921,120000,0.0,0,,0.0,0.0,0.0,0,0.0
20200414_130512_024879_2.wav,5817000,5937000,3941,120000,7130.0,8,891.25,44.03,0.0,44.03,1,4.0
20220829_105740_024880_2.wav,6837000,6957000,7171,120000,0.0,0,,0.0,0.0,0.0,0,0.0
20191004_125707_025480_2.wav,4252000,4372000,4001,120000,0.0,0,,0.0,0.0,0.0,0,0.0
20230301_083834_024880_2.wav,7296000,7416000,6921,120000,0.0,0,,0.0,0.0,0.0,0,0.0
20190307_091344_022872.wav,18264000,18384000,3951,120000,8620.0,12,718.3333333333334,16.68,0.0,16.68,1,5.0
20230308_093128_024882_2.wav,5817000,5937000,6761,120000,1400.0,2,700.0,0.0,0.0,0.0,0,2.0
20201104_094551_024882_1.wav,1639000,1759000,3871,120000,14080.0,15,938.6666666666666,145.06,0.0,145.06,9,13.0
20211103_114626_022870_1.wav,2072000,2192000,6382,120000,2770.0,4,692.5,0.0,25.39,25.39,0,1.0
20210624_093317_024883_2.wav,7296000,7416000,5851,120000,2400.0,4,600.0,198.54000000000002,0.0,198.54000000000002,2,2.0
20220728_144904_024880_2.wav,41905000,42025000,7101,120000,8810.0,8,1101.25,7.81,3.8,11.61,1,7.0
20230110_120835_024882_2.wav,2072000,2192000,7231,120000,2480.0,3,826.6666666666666,37.09,23.689999999999998,60.78,0,0.0
20180906_131431_024882.wav,36581000,36701000,3591,120000,15000.0,14,1071.4285714285713,36.16,1.29,37.45,4,15.0
20220513_113018_024879_2.wav,20952000,21072000,6371,120000,8640.0,11,785.4545454545455,12.14,9.21,21.35,1,3.0
20230405_090552_045738_2.wav,39778000,39898000,7281,120000,6500.0,7,928.5714285714286,29.319999999999997,5.96,35.28,3,6.0
20180809_181624_025481.wav,18264000,18384000,2781,120000,0.0,0,,0.0,0.0,0.0,0,0.0
20191004_125707_025480_2.wav,11927000,12047000,4001,120000,13940.0,11,1267.2727272727273,33.739999999999995,0.0,33.74,3,9.0
20220829_105740_024880_2.wav,16289000,16409000,7171,120000,15680.0,20,784.0,0.0,0.0,0.0,0,19.0
20180808_111213_024881.wav,1639000,1759000,2761,120000,5970.0,4,1492.5,8.08,5.75,13.829999999999998,1,3.0
20230405_090552_045738_2.wav,9384000,9504000,7281,120000,17290.0,21,823.3333333333334,13.21,61.01,74.22,5,15.0
20220711_142955_024883_2.wav,48958000,49078000,7011,120000,0.0,0,,0.0,0.0,0.0,0,0.0
20230110_120835_024882_2.wav,16289000,16409000,7231,120000,0.0,0,,0.0,0.0,0.0,0,0.0
20230328_132555_045737_1.wav,49860000,49980000,6451,120000,0.0,0,,0.0,0.0,0.0,0,0.0
20180906_131431_024882.wav,49860000,49980000,3591,120000,8340.0,11,758.1818181818181,38.25,7.99,46.24,3,7.0
20220513_113018_024879_2.wav,20429000,20549000,6371,120000,0.0,0,,0.0,0.0,0.0,0,0.0
20180906_131431_024882.wav,1639000,1759000,3591,120000,1510.0,2,755.0,102.55,9.68,112.23,1,2.0
20200414_130512_024879_2.wav,1639000,1759000,3941,120000,9330.0,10,933.0,20.25,42.17,62.42,3,7.0
20220513_113018_024879_2.wav,4812000,4932000,6371,120000,640.0,1,640.0,11.3,0.0,11.3,0,1.0
20211022_110857_045737_2.wav,1639000,1759000,6161,120000,980.0,1,980.0,12.88,0.0,12.88,0,1.0
20230131_124242_043302_2.wav,39778000,39898000,7251,120000,3090.0,4,772.5,306.83,51.059999999999995,357.89,3,4.0
20220829_105740_024880_2.wav,2072000,2192000,7171,120000,4210.0,2,2105.0,0.0,5.81,5.81,0,1.0
20220829_105740_024880_2.wav,7296000,7416000,7171,120000,0.0,0,,0.0,0.0,0.0,0,0.0
20200414_125938_024878_2.wav,2202000,2322000,4011,120000,0.0,0,,0.0,0.0,0.0,0,0.0
20221129_154915_045733_1.wav,45308000,45428000,6641,120000,32210.0,34,947.3529411764706,68.84,5.09,73.93,6,24.0
20230328_132555_045737_1.wav,49225000,49345000,6451,120000,0.0,0,,0.0,0.0,0.0,0,0.0
20210127_103244_024879_1.wav,6837000,6957000,5461,120000,1560.0,2,780.0,11.64,5.25,16.89,0,2.0
20220720_091357_024879_1.wav,6620000,6740000,7051,120000,35350.0,26,1359.6153846153845,1.87,37.24,39.11,6,25.0
20210414_211244_024882_1.wav,48958000,49078000,5371,120000,0.0,0,,0.0,0.0,0.0,0,0.0
20220712_113417_045737_3.wav,7296000,7416000,7061,120000,21700.0,25,868.0,5.0600000000000005,6.05,11.110000000000001,3,21.0
20180906_133202_022870.wav,6620000,6740000,3461,120000,0.0,0,,0.0,0.0,0.0,0,0.0
20210127_103244_024879_1.wav,41905000,42025000,5461,120000,0.0,0,,15.25,3.74,18.990000000000002,0,0.0
20180808_111213_024881.wav,28611000,28731000,2761,120000,0.0,0,,0.0,0.0,0.0,0,0.0
20211019_120823_045733_2.wav,36581000,36701000,6461,120000,0.0,0,,0.0,0.0,0.0,0,0.0
20230405_090552_045738_2.wav,36581000,36701000,7281,120000,16930.0,19,891.0526315789474,9.549999999999999,2.3,11.849999999999998,3,18.0
20230301_083834_024880_2.wav,28611000,28731000,6921,120000,0.0,0,,0.0,0.0,0.0,0,0.0
20220726_115556_024883_2.wav,2072000,2192000,7111,120000,5900.0,8,737.5,3.6,0.0,3.6,0,6.0
20221018_135301_043300_4.wav,2202000,2322000,7201,120000,0.0,0,,0.0,0.0,0.0,0,0.0
20230110_120835_024882_2.wav,28611000,28731000,7231,120000,650.0,1,650.0,47.480000000000004,91.98,139.45999999999998,0,0.0
20190618_135122_024883.wav,5817000,5937000,5011,120000,0.0,0,,0.0,0.0,0.0,0,0.0
20210504_102146_025480_2.wav,9384000,9504000,6261,120000,7730.0,8,966.25,22.24,0.0,22.24,0,10.0
20201210_142957_025480_2.wav,9384000,9504000,5901,120000,0.0,0,,0.0,0.0,0.0,0,0.0
20211103_114626_022870_1.wav,2202000,2322000,6382,120000,6390.0,9,710.0,18.759999999999998,30.470000000000002,49.230000000000004,1,3.0
20190307_091344_022872.wav,45308000,45428000,3951,120000,18640.0,22,847.2727272727273,9.08,0.0,9.08,1,9.0
20230131_124242_043302_2.wav,14868000,14988000,7251,120000,0.0,0,,0.0,0.0,0.0,0,0.0
20230425_114841_045738_2.wav,9384000,9504000,6212,120000,9130.0,9,1014.4444444444445,2.69,0.0,2.69,1,9.0
20180809_181624_025481.wav,14868000,14988000,2781,120000,20340.0,18,1130.0,46.989999999999995,0.0,46.989999999999995,1,11.0
20220513_113018_024879_2.wav,9252000,9372000,6371,120000,22320.0,22,1014.5454545454545,31.169999999999998,0.0,31.169999999999998,1,3.0
20221129_154915_045733_1.wav,6837000,6957000,6641,120000,7680.0,10,768.0,61.17,0.0,61.17,5,9.0
20230301_083834_024880_2.wav,16289000,16409000,6921,120000,0.0,0,,0.0,0.0,0.0,0,0.0
20210504_102146_025480_2.wav,5817000,5937000,6261,120000,3630.0,5,726.0,7.4,0.0,7.4,0,4.0
20180906_131431_024882.wav,14868000,14988000,3591,120000,0.0,0,,0.0,0.0,0.0,0,0.0
20190307_114201_025481.wav,14868000,14988000,3891,120000,0.0,0,,0.0,0.0,0.0,0,0.0
20210504_102146_025480_2.wav,18264000,18384000,6261,120000,730.0,1,730.0,12.44,15.88,28.32,0,0.0
20210414_211244_024882_1.wav,7296000,7416000,5371,120000,9410.0,11,855.4545454545455,20.610000000000003,9.21,29.82,2,4.0
20190307_114201_025481.wav,16289000,16409000,3891,120000,1200.0,2,600.0,0.0,0.0,0.0,0,2.0
20230228_124411_043305_2.wav,18264000,18384000,7141,120000,4570.0,5,914.0,10.52,35.650000000000006,46.17,2,4.0
20180906_133202_022870.wav,5817000,5937000,3461,120000,0.0,0,,0.0,0.0,0.0,0,0.0
20211103_114626_022870_1.wav,5817000,5937000,6382,120000,6780.0,6,1130.0,0.0,21.36,21.36,0,9.0
20220720_091357_024879_1.wav,2072000,2192000,7051,120000,15200.0,11,1381.8181818181818,22.71,45.31999999999999,68.03,6,19.0
20180809_181624_025481.wav,2202000,2322000,2781,120000,0.0,0,,0.0,0.0,0.0,0,0.0
20230308_094400_045733_2.wav,28611000,28731000,7121,120000,1000.0,1,1000.0,8.76,63.22,71.97999999999999,1,1.0
20211019_120823_045733_2.wav,48958000,49078000,6461,120000,0.0,0,,7.34,0.0,7.34,0,0.0
20230131_124242_043302_2.wav,6620000,6740000,7251,120000,27950.0,14,1996.4285714285713,0.0,0.0,0.0,0,11.0
20181218_132113_024879.wav,7296000,7416000,3131,120000,8320.0,8,1040.0,201.99,4.13,206.12,6,6.0
20180530_181655_022873.wav,1639000,1759000,3321,120000,86850.0,39,2226.923076923077,25.45,0.0,25.45,1,6.0
20180808_110630_024879.wav,7296000,7416000,3501,120000,14200.0,13,1092.3076923076924,118.63,4.09,122.72,8,14.0
20201210_142957_025480_2.wav,1639000,1759000,5901,120000,2720.0,4,680.0,0.0,0.0,0.0,0,0.0
20190618_135122_024883.wav,36581000,36701000,5011,120000,52780.0,50,1055.6,7.21,0.0,7.21,1,14.0
20230425_114841_045738_2.wav,16289000,16409000,6212,120000,21430.0,19,1127.8947368421052,11.33,35.43,46.76,6,22.0
20220513_113018_024879_2.wav,819000,939000,6371,120000,670.0,1,670.0,3.95,3.75,7.7,0,0.0
20201210_142957_025480_2.wav,18264000,18384000,5901,120000,5360.0,8,670.0,11.4,16.55,27.95,0,0.0
20180809_181624_025481.wav,1639000,1759000,2781,120000,34760.0,24,1448.3333333333333,76.29,5.08,81.37,7,17.0
20221129_154915_045733_1.wav,18264000,18384000,6641,120000,0.0,0,,0.0,0.0,0.0,0,0.0
20220805_082527_043300_2.wav,7296000,7416000,6981,120000,44190.0,38,1162.8947368421052,26.229999999999997,0.0,26.23,4,31.0
20210504_102146_025480_2.wav,6837000,6957000,6261,120000,5310.0,6,885.0,18.310000000000002,0.0,18.310000000000002,0,5.0
20210127_103244_024879_1.wav,7296000,7416000,5461,120000,0.0,0,,11.5,25.85,37.349999999999994,0,0.0
20180808_111213_024881.wav,39778000,39898000,2761,120000,710.0,1,710.0,0.0,0.0,0.0,0,1.0
20190307_114201_025481.wav,6837000,6957000,3891,120000,5990.0,8,748.75,21.55,0.0,21.55,1,5.0
20230405_090552_045738_2.wav,7296000,7416000,7281,120000,0.0,0,,0.0,0.0,0.0,0,0.0
20200312_145204_022874.wav,819000,939000,3931,120000,2460.0,3,820.0,63.63000000000001,68.49,132.12,0,0.0
20180809_181624_025481.wav,41905000,42025000,2781,120000,57250.0,42,1363.095238095238,16.490000000000002,0.0,16.490000000000002,3,16.0
20200414_130512_024879_2.wav,2202000,2322000,3941,120000,7680.0,7,1097.142857142857,45.18,0.0,45.17999999999999,3,7.0
20211022_110857_045737_2.wav,39778000,39898000,6161,120000,0.0,0,,0.0,0.0,0.0,0,0.0
20180808_110630_024879.wav,18264000,18384000,3501,120000,0.0,0,,0.0,0.0,0.0,0,0.0
20230110_120835_024882_2.wav,39778000,39898000,7231,120000,0.0,0,,0.0,0.0,0.0,0,0.0
20230308_094400_045733_2.wav,6837000,6957000,7121,120000,11190.0,13,860.7692307692307,16.33,47.39,63.71999999999999,1,2.0
20180808_111213_024881.wav,9384000,9504000,2761,120000,19030.0,19,1001.578947368421,8.1,0.0,8.1,2,20.0
20210504_102146_025480_2.wav,28611000,28731000,6261,120000,2500.0,4,625.0,8.23,0.0,8.23,0,1.0
20220805_082527_043300_2.wav,9384000,9504000,6981,120000,0.0,0,,0.0,0.0,0.0,0,0.0
20220720_091357_024879_1.wav,16289000,16409000,7051,120000,29650.0,26,1140.3846153846155,172.42000000000002,58.9,231.32,8,20.0
20230405_090552_045738_2.wav,18264000,18384000,7281,120000,610.0,1,610.0,7.58,3.85,11.43,0,2.0
20230405_090552_045738_2.wav,48958000,49078000,7281,120000,8300.0,11,754.5454545454545,47.339999999999996,0.64,47.980000000000004,5,8.0
20230228_124411_043305_2.wav,14868000,14988000,7141,120000,8890.0,9,987.7777777777778,12.469999999999999,0.0,12.469999999999999,1,7.0
20191004_125707_025480_2.wav,409000,529000,4001,120000,12250.0,15,816.6666666666666,44.08,25.509999999999998,69.59,3,8.0
20230208_103250_043299_1.wav,36581000,36701000,7261,120000,4230.0,3,1410.0,0.0,0.0,0.0,0,4.0
20221129_154915_045733_1.wav,9384000,9504000,6641,120000,11050.0,11,1004.5454545454545,114.35000000000001,8.27,122.62,4,13.0
20201104_094551_024882_1.wav,14868000,14988000,3871,120000,2810.0,4,702.5,0.0,12.97,12.97,0,3.0
20190828_145547_024884_2.wav,39778000,39898000,5061,120000,12770.0,15,851.3333333333334,51.64999999999999,3.15,54.8,6,16.0
20230208_103250_043299_1.wav,48958000,49078000,7261,120000,0.0,0,,0.0,0.0,0.0,0,0.0
20231025_115855_045737_2.wav,6620000,6740000,6731,120000,1200.0,2,600.0,7.68,43.04,50.72,2,2.0
20190307_114201_025481.wav,7296000,7416000,3891,120000,9870.0,14,705.0,50.93,0.0,50.92999999999999,6,7.0
20220720_091357_024879_1.wav,36581000,36701000,7051,120000,21080.0,18,1171.111111111111,16.71,14.36,31.07,4,12.0
20180906_131431_024882.wav,41905000,42025000,3591,120000,6340.0,6,1056.6666666666667,114.47000000000001,0.0,114.47,4,5.0
20230131_124242_043302_2.wav,16289000,16409000,7251,120000,6320.0,7,902.8571428571429,0.0,7.3,7.3,0,3.0
20200414_125938_024878_2.wav,9384000,9504000,4011,120000,660.0,1,660.0,0.0,0.0,0.0,0,2.0
20211022_110857_045737_2.wav,6837000,6957000,6161,120000,1050.0,1,1050.0,30.87,0.0,30.87,0,1.0
20211019_120823_045733_2.wav,49860000,49980000,6461,120000,2020.0,2,1010.0,0.0,0.0,0.0,0,4.0
20180808_111213_024881.wav,2202000,2322000,2761,120000,9790.0,12,815.8333333333334,0.0,0.0,0.0,0,12.0
20180906_131431_024882.wav,9384000,9504000,3591,120000,4630.0,5,926.0,70.88,0.0,70.88,1,5.0
20221018_135301_043300_4.wav,14868000,14988000,7201,120000,0.0,0,,0.0,0.0,0.0,0,0.0
20200312_145204_022874.wav,8102000,8222000,3931,120000,2030.0,2,1015.0,0.0,0.0,0.0,0,1.0
20231025_115855_045737_2.wav,36581000,36701000,6731,120000,20280.0,23,881.7391304347826,60.34,101.85,162.19,10,13.0
20210624_093317_024883_2.wav,5817000,5937000,5851,120000,1200.0,2,600.0,0.0,0.0,0.0,0,1.0
20230308_094400_045733_2.wav,7296000,7416000,7121,120000,1270.0,2,635.0,21.22,80.65,101.87,0,0.0
20220712_113417_045737_3.wav,14868000,14988000,7061,120000,6240.0,8,780.0,8.68,0.0,8.68,1,8.0
20190307_091344_022872.wav,16289000,16409000,3951,120000,1600.0,2,800.0,79.03,0.0,79.03,1,2.0
20190618_135122_024883.wav,14868000,14988000,5011,120000,0.0,0,,0.0,0.0,0.0,0,0.0
20231025_115855_045737_2.wav,28611000,28731000,6731,120000,10930.0,16,683.125,12.8,10.469999999999999,23.269999999999996,2,14.0
20200414_130512_024879_2.wav,9384000,9504000,3941,120000,17940.0,19,944.2105263157895,110.79999999999998,11.45,122.25,3,6.0
20180530_181655_022873.wav,28611000,28731000,3321,120000,8950.0,9,994.4444444444445,0.0,0.0,0.0,0,2.0
20180530_181655_022873.wav,16289000,16409000,3321,120000,2290.0,3,763.3333333333334,112.07,0.0,112.07,2,3.0
20230308_093128_024882_2.wav,9384000,9504000,6761,120000,30370.0,21,1446.1904761904761,33.95,6.34,40.290000000000006,4,16.0
20230208_103250_043299_1.wav,18264000,18384000,7261,120000,0.0,0,,0.0,0.0,0.0,0,0.0
20201210_142957_025480_2.wav,28611000,28731000,5901,120000,15420.0,17,907.0588235294117,0.0,5.63,5.63,1,11.0
20220711_142955_024883_2.wav,41905000,42025000,7011,120000,0.0,0,,0.0,0.0,0.0,0,0.0
20230405_090552_045738_2.wav,16289000,16409000,7281,120000,55530.0,50,1110.6,2.0100000000000002,6.01,8.02,2,50.0
20230110_120835_024882_2.wav,2202000,2322000,7231,120000,4180.0,6,696.6666666666666,17.29,96.88999999999999,114.18,2,4.0
20181218_132113_024879.wav,9384000,9504000,3131,120000,14150.0,12,1179.1666666666667,87.34,2.94,90.28,3,15.0
20230308_093128_024882_2.wav,36581000,36701000,6761,120000,5300.0,4,1325.0,20.2,22.09,42.28999999999999,2,5.0
20221018_135301_043300_4.wav,15408000,15528000,7201,120000,0.0,0,,0.0,0.0,0.0,0,0.0
20220720_091357_024879_1.wav,9384000,9504000,7051,120000,3510.0,5,702.0,1.4,17.63,19.03,1,1.0
20210414_211244_024882_1.wav,49225000,49345000,5371,120000,0.0,0,,0.0,0.0,0.0,0,0.0
20220720_091357_024879_1.wav,1639000,1759000,7051,120000,1050.0,1,1050.0,0.0,0.0,0.0,0,3.0
20180906_131431_024882.wav,48958000,49078000,3591,120000,9650.0,10,965.0,32.61,0.0,32.61,4,9.0
20190618_135122_024883.wav,49225000,49345000,5011,120000,0.0,0,,0.0,0.0,0.0,0,0.0
20211019_120823_045733_2.wav,1639000,1759000,6461,120000,0.0,0,,102.25999999999999,7.03,109.28999999999999,0,0.0
20230131_124242_043302_2.wav,2202000,2322000,7251,120000,3930.0,6,655.0,21.53,3.36,24.89,1,5.0
20220711_142955_024883_2.wav,45308000,45428000,7011,120000,0.0,0,,0.0,0.0,0.0,0,0.0
20201104_094551_024882_1.wav,5817000,5937000,3871,120000,20280.0,14,1448.5714285714287,123.27000000000001,2.39,125.66,1,1.0
20180906_133202_022870.wav,16289000,16409000,3461,120000,0.0,0,,0.0,0.0,0.0,0,0.0
20221018_135301_043300_4.wav,5817000,5937000,7201,120000,4110.0,5,822.0,4.22,0.0,4.22,1,5.0
20220728_144904_024880_2.wav,2072000,2192000,7101,120000,1890.0,3,630.0,15.600000000000001,0.0,15.600000000000001,0,2.0
20190819_210318_025481_2.wav,9384000,9504000,3362,120000,11410.0,13,877.6923076923077,363.5,0.0,363.5,5,9.0
20210127_103244_024879_1.wav,39778000,39898000,5461,120000,0.0,0,,32.25,0.0,32.25,0,0.0
20180808_110630_024879.wav,5817000,5937000,3501,120000,3910.0,5,782.0,35.620000000000005,0.0,35.620000000000005,2,4.0
20211019_120823_045733_2.wav,6837000,6957000,6461,120000,0.0,0,,4.57,0.0,4.57,0,0.0
20190307_114201_025481.wav,15408000,15528000,3891,120000,0.0,0,,0.0,0.0,0.0,0,0.0
20210414_211244_024882_1.wav,36581000,36701000,5371,120000,6400.0,8,800.0,9.84,0.0,9.84,1,6.0
20220728_144904_024880_2.wav,2202000,2322000,7101,120000,2490.0,3,830.0,0.0,0.0,0.0,0,1.0
20220731_113759_045737_2.wav,16289000,16409000,7131,120000,19800.0,11,1800.0,6.36,33.19,39.550000000000004,3,6.0
20230110_120835_024882_2.wav,6620000,6740000,7231,120000,1330.0,2,665.0,25.88,104.83999999999999,130.72,1,1.0
20230208_103250_043299_1.wav,9384000,9504000,7261,120000,12590.0,12,1049.1666666666667,82.65,0.0,82.64999999999999,5,11.0
20220720_091357_024879_1.wav,41905000,42025000,7051,120000,3430.0,4,857.5,29.880000000000003,77.08,106.96,0,1.0
20180906_131431_024882.wav,6837000,6957000,3591,120000,2030.0,3,676.6666666666666,59.44,0.0,59.44,2,3.0
20190828_145547_024884_2.wav,7296000,7416000,5061,120000,13490.0,18,749.4444444444445,108.22,17.98,126.2,10,14.0
20180906_133202_022870.wav,6837000,6957000,3461,120000,1410.0,1,1410.0,6.22,0.0,6.22,1,1.0
20230405_090552_045738_2.wav,14868000,14988000,7281,120000,13020.0,16,813.75,30.82,0.0,30.820000000000004,2,6.0
20190819_210318_025481_2.wav,39778000,39898000,3362,120000,910.0,1,910.0,0.0,0.0,0.0,0,1.0
20210127_103244_024879_1.wav,5817000,5937000,5461,120000,7160.0,7,1022.8571428571429,0.0,38.82,38.81999999999999,1,3.0
20211022_110857_045737_2.wav,5817000,5937000,6161,120000,1300.0,2,650.0,119.84000000000002,0.0,119.84,1,1.0
20220726_115556_024883_2.wav,6837000,6957000,7111,120000,3760.0,5,752.0,0.0,0.0,0.0,0,6.0
20220731_113759_045737_2.wav,1639000,1759000,7131,120000,10690.0,12,890.8333333333334,4.5600000000000005,15.97,20.53,2,8.0
20230308_093128_024882_2.wav,1639000,1759000,6761,120000,6420.0,6,1070.0,0.0,44.629999999999995,44.63,4,7.0
20180808_111213_024881.wav,14868000,14988000,2761,120000,9070.0,8,1133.75,34.88,0.0,34.879999999999995,2,7.0
20221018_135301_043300_4.wav,39778000,39898000,7201,120000,8470.0,11,770.0,13.77,8.56,22.33,0,1.0
20221018_135301_043300_4.wav,28611000,28731000,7201,120000,8500.0,8,1062.5,0.0,65.79,65.79,3,6.0
20210318_114924_043305_2.wav,41905000,42025000,5181,120000,680.0,1,680.0,33.019999999999996,5.0,38.019999999999996,0,1.0
20201104_094551_024882_1.wav,9384000,9504000,3871,120000,10530.0,14,752.1428571428571,45.62,2.53,48.150000000000006,2,8.0
20221018_135301_043300_4.wav,36581000,36701000,7201,120000,5100.0,5,1020.0,7.18,2.03,9.209999999999999,0,5.0
20230308_093128_024882_2.wav,16289000,16409000,6761,120000,0.0,0,,0.0,0.0,0.0,0,0.0
20190819_210318_025481_2.wav,41905000,42025000,3362,120000,13810.0,12,1150.8333333333333,51.75000000000001,0.0,51.75,0,12.0
20220731_113759_045737_2.wav,6837000,6957000,7131,120000,24650.0,17,1450.0,9.54,0.0,9.54,1,5.0
20221129_154915_045733_1.wav,16289000,16409000,6641,120000,0.0,0,,0.0,0.0,0.0,0,0.0
20220513_113018_024879_2.wav,7554000,7674000,6371,120000,31250.0,27,1157.4074074074074,16.81,0.0,16.81,2,7.0
20180530_181655_022873.wav,6837000,6957000,3321,120000,34020.0,24,1417.5,57.46,0.0,57.46,0,4.0
20201104_094551_024882_1.wav,36581000,36701000,3871,120000,12930.0,18,718.3333333333334,9.870000000000001,55.25,65.12,6,14.0
20230208_103250_043299_1.wav,45308000,45428000,7261,120000,0.0,0,,0.0,0.0,0.0,0,0.0
20220712_113417_045737_3.wav,9384000,9504000,7061,120000,23410.0,24,975.4166666666666,21.009999999999998,0.0,21.01,5,22.0
20230208_103250_043299_1.wav,1639000,1759000,7261,120000,640.0,1,640.0,7.72,0.0,7.72,0,1.0
20220726_115556_024883_2.wav,18264000,18384000,7111,120000,0.0,0,,0.0,0.0,0.0,0,0.0
20230301_083834_024880_2.wav,1639000,1759000,6921,120000,0.0,0,,0.0,10.07,10.07,0,0.0
20190828_145547_024884_2.wav,16289000,16409000,5061,120000,0.0,0,,7.17,0.0,7.17,0,0.0
20210127_103244_024879_1.wav,48958000,49078000,5461,120000,0.0,0,,0.0,11.100000000000001,11.100000000000001,0,0.0
20210624_093317_024883_2.wav,28611000,28731000,5851,120000,1910.0,2,955.0,0.0,0.0,0.0,0,2.0
20200414_125938_024878_2.wav,1859000,1979000,4011,120000,0.0,0,,13.52,0.0,13.52,0,0.0
20211022_110857_045737_2.wav,18264000,18384000,6161,120000,0.0,0,,0.0,0.0,0.0,0,0.0
20221018_135301_043300_4.wav,7296000,7416000,7201,120000,600.0,1,600.0,0.0,0.0,0.0,0,0.0
20200312_145204_022874.wav,5911000,6031000,3931,120000,10010.0,13,770.0,262.90000000000003,2.28,265.18000000000006,10,14.0
20200414_130512_024879_2.wav,41905000,42025000,3941,120000,600.0,1,600.0,27.99,14.59,42.58,1,1.0
20200414_125938_024878_2.wav,18264000,18384000,4011,120000,0.0,0,,7.0,6.96,13.96,0,0.0
20220731_113759_045737_2.wav,7296000,7416000,7131,120000,1200.0,2,600.0,18.18,5.15,23.330000000000002,1,1.0
20200414_130512_024879_2.wav,39778000,39898000,3941,120000,0.0,0,,9.91,42.77,52.67999999999999,0,0.0
20211019_120823_045733_2.wav,49225000,49345000,6461,120000,820.0,1,820.0,20.92,0.0,20.92,0,1.0
20220805_082527_043300_2.wav,2202000,2322000,6981,120000,22290.0,12,1857.5,0.0,0.0,0.0,0,14.0
20211019_120823_045733_2.wav,41905000,42025000,6461,120000,1740.0,2,870.0,0.0,12.83,12.83,2,2.0
20210318_114509_043298.wav,5817000,5937000,5961,120000,4270.0,4,1067.5,12.89,0.0,12.89,0,2.0
20190819_210318_025481_2.wav,6837000,6957000,3362,120000,18180.0,18,1010.0,180.23000000000002,0.0,180.23,9,16.0
20180906_131431_024882.wav,39778000,39898000,3591,120000,640.0,1,640.0,203.85000000000002,9.959999999999999,213.81,1,1.0
20230110_120835_024882_2.wav,15408000,15528000,7231,120000,0.0,0,,0.0,0.0,0.0,0,0.0
20190618_135122_024883.wav,41905000,42025000,5011,120000,0.0,0,,60.089999999999996,46.010000000000005,106.1,0,0.0
20230110_120835_024882_2.wav,14868000,14988000,7231,120000,0.0,0,,0.0,0.0,0.0,0,0.0
20211103_114626_022870_1.wav,39778000,39898000,6382,120000,4030.0,5,806.0,0.0,22.72,22.72,2,7.0
20210318_114509_043298.wav,45308000,45428000,5961,120000,810.0,1,810.0,26.470000000000002,20.310000000000002,46.78,0,1.0
20190618_135122_024883.wav,6837000,6957000,5011,120000,0.0,0,,10.36,0.88,11.24,0,0.0
20200312_145204_022874.wav,2968000,3088000,3931,120000,0.0,0,,0.0,0.0,0.0,0,0.0
20220726_115556_024883_2.wav,28611000,28731000,7111,120000,19630.0,19,1033.157894736842,38.08,0.0,38.08,7,17.0
20220728_144904_024880_2.wav,14868000,14988000,7101,120000,1810.0,2,905.0,145.62,15.600000000000001,161.22,1,1.0
20201210_142957_025480_2.wav,16289000,16409000,5901,120000,12180.0,13,936.9230769230769,0.0,0.0,0.0,0,7.0
20210414_211244_024882_1.wav,16289000,16409000,5371,120000,12270.0,15,818.0,0.62,43.17,43.79,1,8.0
20200414_130512_024879_2.wav,16289000,16409000,3941,120000,0.0,0,,0.0,0.0,0.0,0,0.0
20230110_120835_024882_2.wav,18264000,18384000,7231,120000,0.0,0,,0.0,0.0,0.0,0,0.0
20180906_131431_024882.wav,5817000,5937000,3591,120000,0.0,0,,0.0,0.0,0.0,0,0.0
20190828_145547_024884_2.wav,2072000,2192000,5061,120000,5730.0,7,818.5714285714286,247.64000000000001,15.58,263.22,5,6.0
20190307_114201_025481.wav,5817000,5937000,3891,120000,5650.0,6,941.6666666666666,28.18,9.45,37.629999999999995,0,1.0
20230301_083834_024880_2.wav,15408000,15528000,6921,120000,0.0,0,,0.0,0.0,0.0,0,0.0
20180808_111213_024881.wav,6837000,6957000,2761,120000,0.0,0,,0.0,0.0,0.0,0,0.0
20190819_210318_025481_2.wav,5817000,5937000,3362,120000,43070.0,28,1538.2142857142858,51.01,0.0,51.010000000000005,7,30.0
20200312_145204_022874.wav,3478000,3598000,3931,120000,7930.0,11,720.9090909090909,25.84,6.56,32.39999999999999,3,11.0
20230308_094400_045733_2.wav,2072000,2192000,7121,120000,19450.0,20,972.5,26.07,43.32,69.39,4,11.0
20220711_142955_024883_2.wav,14868000,14988000,7011,120000,0.0,0,,0.0,0.0,0.0,0,0.0
20220726_115556_024883_2.wav,5817000,5937000,7111,120000,1200.0,2,600.0,10.77,0.0,10.77,1,2.0
20190307_114201_025481.wav,36581000,36701000,3891,120000,9600.0,12,800.0,0.0,0.0,0.0,0,15.0
20210414_211244_024882_1.wav,39778000,39898000,5371,120000,2650.0,4,662.5,20.07,0.0,20.07,1,3.0
20230308_094400_045733_2.wav,39778000,39898000,7121,120000,13740.0,17,808.2352941176471,0.0,0.0,0.0,0,11.0
20190828_145547_024884_2.wav,9384000,9504000,5061,120000,3180.0,5,636.0,66.72,6.95,73.67,1,2.0
20180906_133202_022870.wav,28611000,28731000,3461,120000,2520.0,3,840.0,43.66,0.0,43.66,0,3.0
20200414_125938_024878_2.wav,5817000,5937000,4011,120000,0.0,0,,20.04,0.0,20.04,0,0.0
20230208_103250_043299_1.wav,49860000,49980000,7261,120000,0.0,0,,0.0,0.0,0.0,0,0.0
20210318_114509_043298.wav,1639000,1759000,5961,120000,1870.0,2,935.0,16.98,0.0,16.98,0,2.0
20211019_120823_045733_2.wav,5817000,5937000,6461,120000,7370.0,9,818.8888888888889,105.53,0.52,106.04999999999998,3,7.0
20211103_114626_022870_1.wav,14868000,14988000,6382,120000,1560.0,2,780.0,140.52,3.31,143.82999999999998,1,1.0
20191004_125707_025480_2.wav,15937000,16057000,4001,120000,6720.0,7,960.0,123.28,5.33,128.61,1,1.0
20220829_105740_024880_2.wav,45308000,45428000,7171,120000,5460.0,5,1092.0,81.62,23.669999999999998,105.28999999999999,1,3.0
20180809_181624_025481.wav,5817000,5937000,2781,120000,2750.0,3,916.6666666666666,2.7,0.0,2.7,0,2.0
20191004_125707_025480_2.wav,2406000,2526000,4001,120000,12730.0,12,1060.8333333333333,2.05,0.0,2.05,1,4.0
20201104_094551_024882_1.wav,7296000,7416000,3871,120000,0.0,0,,1.04,0.0,1.04,0,0.0
20220731_113759_045737_2.wav,18264000,18384000,7131,120000,20980.0,23,912.1739130434783,37.95,52.83,90.78,8,20.0
20220726_115556_024883_2.wav,14868000,14988000,7111,120000,12050.0,14,860.7142857142857,7.44,0.0,7.44,2,11.0
20210318_114509_043298.wav,6837000,6957000,5961,120000,0.0,0,,0.0,0.0,0.0,0,0.0
20201104_094551_024882_1.wav,39778000,39898000,3871,120000,3010.0,4,752.5,39.660000000000004,0.0,39.660000000000004,3,6.0
20211022_110857_045737_2.wav,45308000,45428000,6161,120000,0.0,0,,0.0,0.0,0.0,0,0.0
20191004_125707_025480_2.wav,12389000,12509000,4001,120000,25220.0,22,1146.3636363636363,24.250000000000004,6.21,30.46,5,17.0
20180530_181655_022873.wav,36581000,36701000,3321,120000,4340.0,6,723.3333333333334,44.120000000000005,0.0,44.12,2,2.0
20190618_135122_024883.wav,1639000,1759000,5011,120000,5220.0,7,745.7142857142857,15.370000000000001,9.78,25.15,1,7.0
20190819_210318_025481_2.wav,2072000,2192000,3362,120000,9850.0,11,895.4545454545455,135.87,0.0,135.87,5,6.0
20180808_111213_024881.wav,36581000,36701000,2761,120000,610.0,1,610.0,0.0,0.0,0.0,0,1.0
20190828_145547_024884_2.wav,36581000,36701000,5061,120000,10060.0,9,1117.7777777777778,77.07,3.11,80.18,5,6.0
20190307_114201_025481.wav,28611000,28731000,3891,120000,0.0,0,,0.0,0.0,0.0,0,0.0
20220513_113018_024879_2.wav,25092000,25212000,6371,120000,2070.0,2,1035.0,19.4,0.0,19.4,0,1.0
20220712_113417_045737_3.wav,2202000,2322000,7061,120000,12140.0,12,1011.6666666666666,23.939999999999998,2.5,26.439999999999998,3,14.0
20220731_113759_045737_2.wav,2202000,2322000,7131,120000,8160.0,6,1360.0,27.259999999999998,168.6,195.85999999999999,2,4.0
20231025_115855_045737_2.wav,18264000,18384000,6731,120000,0.0,0,,0.0,0.0,0.0,0,0.0
20201104_094551_024882_1.wav,6837000,6957000,3871,120000,0.0,0,,0.0,0.0,0.0,0,0.0
20200312_145204_022874.wav,18186000,18306000,3931,120000,2570.0,4,642.5,16.89,3.8,20.689999999999998,0,1.0
20180808_110630_024879.wav,9384000,9504000,3501,120000,16540.0,18,918.8888888888889,19.48,0.0,19.48,1,10.0
20210318_114509_043298.wav,16289000,16409000,5961,120000,0.0,0,,0.0,0.0,0.0,0,0.0
20230405_090552_045738_2.wav,1639000,1759000,7281,120000,14470.0,13,1113.076923076923,3.4,120.54,123.94,7,10.0
20220711_142955_024883_2.wav,49860000,49980000,7011,120000,0.0,0,,0.0,0.0,0.0,0,0.0
20200414_125938_024878_2.wav,15408000,15528000,4011,120000,0.0,0,,69.98,4.5,74.47999999999999,0,0.0
20230308_094400_045733_2.wav,6620000,6740000,7121,120000,8730.0,11,793.6363636363636,53.14999999999999,81.25,134.4,3,3.0
20220805_082527_043300_2.wav,16289000,16409000,6981,120000,0.0,0,,0.0,0.0,0.0,0,0.0
20180906_133202_022870.wav,1639000,1759000,3461,120000,5600.0,7,800.0,0.0,0.0,0.0,0,2.0
20180906_131431_024882.wav,18264000,18384000,3591,120000,12390.0,11,1126.3636363636363,36.31999999999999,0.0,36.32,3,6.0
20190307_091344_022872.wav,1639000,1759000,3951,120000,6460.0,6,1076.6666666666667,5.73,0.0,5.73,1,6.0
20220513_113018_024879_2.wav,24659000,24779000,6371,120000,2800.0,4,700.0,36.269999999999996,0.0,36.269999999999996,1,3.0
20230328_132555_045737_1.wav,48958000,49078000,6451,120000,0.0,0,,0.0,0.0,0.0,0,0.0
20181218_132113_024879.wav,5817000,5937000,3131,120000,18230.0,18,1012.7777777777778,166.80999999999995,0.0,166.81,7,19.0
20220720_091357_024879_1.wav,28611000,28731000,7051,120000,23790.0,22,1081.3636363636363,75.81,20.6,96.41,6,16.0
20220728_144904_024880_2.wav,28611000,28731000,7101,120000,0.0,0,,0.0,0.0,0.0,0,0.0
20230405_090552_045738_2.wav,5817000,5937000,7281,120000,3660.0,5,732.0,0.0,42.96,42.96,4,5.0
20190618_135122_024883.wav,48958000,49078000,5011,120000,0.0,0,,0.0,0.0,0.0,0,0.0
20230208_103250_043299_1.wav,41905000,42025000,7261,120000,0.0,0,,0.0,0.0,0.0,0,0.0
20230308_093128_024882_2.wav,45308000,45428000,6761,120000,0.0,0,,0.0,0.0,0.0,0,0.0
20180808_110630_024879.wav,6620000,6740000,3501,120000,6250.0,9,694.4444444444445,62.989999999999995,0.0,62.99000000000001,1,6.0
20180808_110630_024879.wav,6837000,6957000,3501,120000,8210.0,11,746.3636363636364,35.55,0.0,35.55,2,11.0
20180808_111213_024881.wav,45308000,45428000,2761,120000,24960.0,23,1085.2173913043478,0.0,0.0,0.0,0,18.0
20181218_132113_024879.wav,49225000,49345000,3131,120000,0.0,0,,0.0,0.0,0.0,0,0.0
20230228_124411_043305_2.wav,45308000,45428000,7141,120000,0.0,0,,0.0,0.0,0.0,0,0.0
20180906_133202_022870.wav,41905000,42025000,3461,120000,19320.0,13,1486.1538461538462,10.46,0.0,10.46,1,13.0
20230208_103250_043299_1.wav,6837000,6957000,7261,120000,11180.0,12,931.6666666666666,8.32,7.31,15.629999999999999,1,7.0
20230405_090552_045738_2.wav,45308000,45428000,7281,120000,14830.0,13,1140.7692307692307,97.26,37.49,134.75,7,12.0
20230208_103250_043299_1.wav,5817000,5937000,7261,120000,14990.0,17,881.7647058823529,15.99,0.0,15.990000000000002,2,16.0
20220805_082527_043300_2.wav,41905000,42025000,6981,120000,4080.0,6,680.0,42.89,107.01,149.89999999999998,1,1.0
20200414_130512_024879_2.wav,6837000,6957000,3941,120000,21070.0,20,1053.5,164.89999999999998,11.88,176.78000000000003,9,19.0
20200312_145204_022874.wav,9252000,9372000,3931,120000,3150.0,2,1575.0,63.7,99.14000000000001,162.84,2,2.0
20210504_102146_025480_2.wav,16289000,16409000,6261,120000,7880.0,9,875.5555555555555,18.259999999999998,0.0,18.259999999999998,1,11.0
20211103_114626_022870_1.wav,1639000,1759000,6382,120000,2500.0,3,833.3333333333334,0.0,117.51,117.50999999999999,0,0.0
20220711_142955_024883_2.wav,18264000,18384000,7011,120000,0.0,0,,0.0,0.0,0.0,0,0.0
20190307_114201_025481.wav,2202000,2322000,3891,120000,10630.0,11,966.3636363636364,24.08,0.0,24.08,0,2.0
20230321_124603_024879_1.wav,7296000,7416000,7291,120000,0.0,0,,0.0,12.52,12.52,0,0.0
20220712_113417_045737_3.wav,5817000,5937000,7061,120000,22260.0,24,927.5,44.99,0.0,44.99,4,29.0
20200414_130512_024879_2.wav,7296000,7416000,3941,120000,600.0,1,600.0,11.3,4.64,15.940000000000001,0,0.0
20221129_154915_045733_1.wav,14868000,14988000,6641,120000,54020.0,34,1588.8235294117646,49.92,0.0,49.92,0,1.0
20200414_130512_024879_2.wav,6620000,6740000,3941,120000,30460.0,23,1324.3478260869565,7.93,0.0,7.93,1,13.0
20181218_132113_024879.wav,41905000,42025000,3131,120000,2650.0,4,662.5,20.95,14.11,35.06,1,4.0
20190819_210318_025481_2.wav,16289000,16409000,3362,120000,7290.0,7,1041.4285714285713,264.92999999999995,9.09,274.02,4,7.0
20230228_124411_043305_2.wav,6837000,6957000,7141,120000,0.0,0,,0.0,0.0,0.0,0,1.0
20220829_105740_024880_2.wav,39778000,39898000,7171,120000,2460.0,3,820.0,0.0,49.029999999999994,49.03,1,3.0
20190828_145547_024884_2.wav,41905000,42025000,5061,120000,0.0,0,,49.92,0.0,49.92,0,0.0
20220805_082527_043300_2.wav,18264000,18384000,6981,120000,0.0,0,,0.0,0.0,0.0,0,1.0
20220711_142955_024883_2.wav,49225000,49345000,7011,120000,0.0,0,,0.0,0.0,0.0,0,0.0
20210318_114509_043298.wav,41905000,42025000,5961,120000,1850.0,3,616.6666666666666,28.42,37.98,66.4,1,2.0
20220726_115556_024883_2.wav,9384000,9504000,7111,120000,10510.0,15,700.6666666666666,9.68,0.0,9.68,2,10.0
20210318_114924_043305_2.wav,36581000,36701000,5181,120000,5680.0,9,631.1111111111111,59.94,31.64,91.58,6,9.0
20221018_135301_043300_4.wav,2072000,2192000,7201,120000,7580.0,8,947.5,11.85,0.0,11.85,1,6.0
20211022_110857_045737_2.wav,7296000,7416000,6161,120000,12820.0,11,1165.4545454545455,104.32,0.0,104.32000000000001,6,12.0
20180808_111213_024881.wav,41905000,42025000,2761,120000,5680.0,8,710.0,15.38,0.0,15.38,1,10.0
20201104_094551_024882_1.wav,49225000,49345000,3871,120000,0.0,0,,0.0,0.0,0.0,0,0.0
20231025_115855_045737_2.wav,14868000,14988000,6731,120000,0.0,0,,14.559999999999999,87.77000000000001,102.32999999999998,0,0.0
20211019_120823_045733_2.wav,14868000,14988000,6461,120000,0.0,0,,0.0,0.0,0.0,0,0.0
20190828_145547_024884_2.wav,2202000,2322000,5061,120000,13210.0,11,1200.909090909091,188.29,10.57,198.85999999999999,6,7.0
20180809_181624_025481.wav,16289000,16409000,2781,120000,0.0,0,,0.0,0.0,0.0,0,0.0
20210318_114509_043298.wav,9384000,9504000,5961,120000,0.0,0,,0.0,0.0,0.0,0,0.0
20230328_132555_045737_1.wav,39778000,39898000,6451,120000,0.0,0,,0.0,0.0,0.0,0,0.0
20220712_113417_045737_3.wav,1639000,1759000,7061,120000,0.0,0,,0.0,3.76,3.76,0,0.0
20230321_124603_024879_1.wav,48958000,49078000,7291,120000,0.0,0,,0.0,0.0,0.0,0,0.0
20221018_135301_043300_4.wav,6620000,6740000,7201,120000,0.0,0,,0.0,0.0,0.0,0,0.0
20210414_211244_024882_1.wav,41905000,42025000,5371,120000,3880.0,5,776.0,6.45,23.75,30.2,0,4.0
20190819_210318_025481_2.wav,36581000,36701000,3362,120000,3630.0,4,907.5,17.259999999999998,0.0,17.259999999999998,0,5.0
20191004_125707_025480_2.wav,1544000,1664000,4001,120000,5090.0,7,727.1428571428571,5.88,0.0,5.88,1,6.0
20220829_105740_024880_2.wav,18264000,18384000,7171,120000,4210.0,6,701.6666666666666,0.0,0.0,0.0,0,5.0
20190618_135122_024883.wav,39778000,39898000,5011,120000,11310.0,10,1131.0,23.840000000000003,12.170000000000002,36.010000000000005,2,6.0
20190307_091344_022872.wav,7296000,7416000,3951,120000,6100.0,7,871.4285714285714,34.17,0.0,34.169999999999995,4,7.0
20210624_093317_024883_2.wav,39778000,39898000,5851,120000,6760.0,9,751.1111111111111,0.0,15.780000000000001,15.780000000000001,2,8.0
20180809_181624_025481.wav,9384000,9504000,2781,120000,3430.0,5,686.0,8.33,6.96,15.29,0,1.0
20211022_110857_045737_2.wav,9384000,9504000,6161,120000,8800.0,7,1257.142857142857,76.17,0.0,76.17,3,10.0
20200414_125938_024878_2.wav,28611000,28731000,4011,120000,0.0,0,,45.69,53.86,99.55,0,0.0
20220726_115556_024883_2.wav,1639000,1759000,7111,120000,7840.0,9,871.1111111111111,21.62,0.0,21.619999999999997,1,7.0
20211019_120823_045733_2.wav,45308000,45428000,6461,120000,870.0,1,870.0,0.0,0.0,0.0,0,1.0
20220805_082527_043300_2.wav,5817000,5937000,6981,120000,8000.0,7,1142.857142857143,147.97000000000003,0.0,147.97000000000003,3,4.0
20220712_113417_045737_3.wav,36581000,36701000,7061,120000,4630.0,5,926.0,10.120000000000001,0.0,10.120000000000001,0,4.0
20200414_130512_024879_2.wav,18264000,18384000,3941,120000,0.0,0,,0.0,0.0,0.0,0,0.0
20230228_124411_043305_2.wav,36581000,36701000,7141,120000,0.0,0,,0.0,0.0,0.0,0,0.0
20210318_114924_043305_2.wav,45308000,45428000,5181,120000,3980.0,4,995.0,80.39999999999999,37.419999999999995,117.82000000000002,1,2.0
20220829_105740_024880_2.wav,2202000,2322000,7171,120000,12930.0,10,1293.0,72.09000000000002,11.15,83.24000000000001,3,4.0
20221129_154915_045733_1.wav,41905000,42025000,6641,120000,0.0,0,,0.0,0.0,0.0,0,0.0
20230328_132555_045737_1.wav,45308000,45428000,6451,120000,0.0,0,,0.0,0.0,0.0,0,0.0
20200312_145204_022874.wav,14785000,14905000,3931,120000,3490.0,4,872.5,39.39,48.99,88.37999999999998,2,2.0
20200414_125938_024878_2.wav,16567000,16687000,4011,120000,0.0,0,,35.87,9.59,45.46,0,0.0
20221129_154915_045733_1.wav,36581000,36701000,6641,120000,0.0,0,,100.78,1.19,101.97,0,0.0
20221018_135301_043300_4.wav,9384000,9504000,7201,120000,0.0,0,,3.41,0.0,3.41,0,0.0
20220711_142955_024883_2.wav,36581000,36701000,7011,120000,2400.0,2,1200.0,64.33,0.0,64.33,1,3.0
20230228_124411_043305_2.wav,7296000,7416000,7141,120000,0.0,0,,5.56,0.0,5.56,0,0.0
20230321_124603_024879_1.wav,49225000,49345000,7291,120000,0.0,0,,0.0,0.0,0.0,0,0.0
20230301_083834_024880_2.wav,6620000,6740000,6921,120000,0.0,0,,110.28999999999999,0.0,110.29,0,0.0
20190307_091344_022872.wav,9384000,9504000,3951,120000,5660.0,6,943.3333333333334,6.83,0.0,6.83,0,2.0
20210318_114924_043305_2.wav,18264000,18384000,5181,120000,0.0,0,,0.0,0.0,0.0,0,0.0
20180808_110630_024879.wav,41905000,42025000,3501,120000,5170.0,6,861.6666666666666,69.8,13.21,83.01,4,5.0
20200414_125938_024878_2.wav,6620000,6740000,4011,120000,7650.0,6,1275.0,8.809999999999999,6.01,14.819999999999999,0,2.0
20190307_091344_022872.wav,36581000,36701000,3951,120000,3080.0,3,1026.6666666666667,0.0,0.0,0.0,0,0.0
20211022_110857_045737_2.wav,14868000,14988000,6161,120000,0.0,0,,0.0,0.0,0.0,0,0.0
20230321_124603_024879_1.wav,39778000,39898000,7291,120000,7230.0,7,1032.857142857143,0.0,0.0,0.0,0,6.0
20190828_145547_024884_2.wav,18264000,18384000,5061,120000,0.0,0,,0.0,0.0,0.0,0,0.0
20210127_103244_024879_1.wav,49225000,49345000,5461,120000,900.0,1,900.0,4.24,11.77,16.009999999999998,0,2.0
20220728_144904_024880_2.wav,7296000,7416000,7101,120000,3270.0,4,817.5,1.91,0.0,1.91,0,2.0
20180808_111213_024881.wav,16289000,16409000,2761,120000,4330.0,7,618.5714285714286,2.88,0.0,2.88,1,6.0
20221129_154915_045733_1.wav,1639000,1759000,6641,120000,8440.0,11,767.2727272727273,13.08,3.33,16.41,2,9.0
20210504_102146_025480_2.wav,36581000,36701000,6261,120000,13720.0,10,1372.0,53.879999999999995,0.0,53.879999999999995,4,8.0
20180809_181624_025481.wav,7296000,7416000,2781,120000,28210.0,29,972.7586206896551,123.54,15.969999999999999,139.51,11,24.0
20181218_132113_024879.wav,39778000,39898000,3131,120000,2660.0,3,886.6666666666666,91.22,0.0,91.21999999999998,2,4.0
20201210_142957_025480_2.wav,36581000,36701000,5901,120000,860.0,1,860.0,0.0,0.0,0.0,0,0.0
20220513_113018_024879_2.wav,3648000,3768000,6371,120000,7070.0,7,1010.0,38.16,4.23,42.39,0,5.0
20220712_113417_045737_3.wav,28611000,28731000,7061,120000,1750.0,2,875.0,49.86999999999999,0.0,49.870000000000005,0,0.0
20190307_091344_022872.wav,6837000,6957000,3951,120000,4140.0,5,828.0,0.0,0.0,0.0,0,3.0
20230321_124603_024879_1.wav,16289000,16409000,7291,120000,970.0,1,970.0,97.38000000000001,0.0,97.38,0,1.0
20210504_102146_025480_2.wav,6620000,6740000,6261,120000,0.0,0,,0.0,0.0,0.0,0,0.0
20210318_114509_043298.wav,48958000,49078000,5961,120000,0.0,0,,0.0,0.0,0.0,0,0.0
20210127_103244_024879_1.wav,1639000,1759000,5461,120000,1960.0,3,653.3333333333334,0.0,0.0,0.0,0,7.0
20190819_210318_025481_2.wav,6620000,6740000,3362,120000,8390.0,8,1048.75,240.27,0.0,240.26999999999998,2,7.0
20220712_113417_045737_3.wav,39778000,39898000,7061,120000,600.0,1,600.0,5.6,0.0,5.6,0,0.0
20190819_210318_025481_2.wav,14868000,14988000,3362,120000,12760.0,16,797.5,168.85000000000002,0.0,168.85000000000002,8,16.0
20201210_142957_025480_2.wav,16567000,16687000,5901,120000,0.0,0,,0.0,0.0,0.0,0,0.0
20200414_130512_024879_2.wav,28611000,28731000,3941,120000,7220.0,6,1203.3333333333333,70.4,4.93,75.33,1,6.0
20230131_124242_043302_2.wav,18264000,18384000,7251,120000,0.0,0,,0.0,0.0,0.0,0,0.0
20180809_181624_025481.wav,39778000,39898000,2781,120000,30150.0,35,861.4285714285714,0.0,0.0,0.0,0,14.0
20211022_110857_045737_2.wav,16289000,16409000,6161,120000,0.0,0,,0.0,0.0,0.0,0,0.0
20211103_114626_022870_1.wav,16289000,16409000,6382,120000,9360.0,9,1040.0,93.33,61.61,154.94,6,7.0
20191004_125707_025480_2.wav,4746000,4866000,4001,120000,0.0,0,,0.0,0.0,0.0,0,0.0
20201104_094551_024882_1.wav,45308000,45428000,3871,120000,8570.0,8,1071.25,14.55,12.780000000000001,27.330000000000002,1,11.0
20230328_132555_045737_1.wav,14868000,14988000,6451,120000,0.0,0,,0.0,0.0,0.0,0,0.0
20230308_093128_024882_2.wav,39778000,39898000,6761,120000,740.0,1,740.0,0.0,0.0,0.0,0,0.0
20220805_082527_043300_2.wav,6837000,6957000,6981,120000,48670.0,37,1315.4054054054054,94.21999999999998,0.0,94.21999999999998,6,23.0
20230328_132555_045737_1.wav,1639000,1759000,6451,120000,1590.0,2,795.0,114.90999999999998,49.05,163.96,2,3.0
20180809_181624_025481.wav,6837000,6957000,2781,120000,6230.0,9,692.2222222222222,75.78,13.45,89.22999999999999,5,7.0
20181218_132113_024879.wav,49860000,49980000,3131,120000,0.0,0,,0.0,0.0,0.0,0,0.0
20210504_102146_025480_2.wav,2072000,2192000,6261,120000,0.0,0,,24.44,0.0,24.44,0,0.0
20220829_105740_024880_2.wav,36581000,36701000,7171,120000,1020.0,1,1020.0,33.2,43.69,76.89,1,1.0
20200414_125938_024878_2.wav,2072000,2192000,4011,120000,600.0,1,600.0,0.0,0.0,0.0,0,1.0
20210318_114924_043305_2.wav,9384000,9504000,5181,120000,6980.0,7,997.1428571428571,120.89,4.6899999999999995,125.58,4,6.0
20230328_132555_045737_1.wav,36581000,36701000,6451,120000,0.0,0,,0.0,0.0,0.0,0,0.0
20220731_113759_045737_2.wav,39778000,39898000,7131,120000,32360.0,35,924.5714285714286,8.33,12.420000000000002,20.750000000000004,3,31.0
20221129_154915_045733_1.wav,39778000,39898000,6641,120000,15500.0,16,968.75,49.239999999999995,10.73,59.97,8,13.0
20230208_103250_043299_1.wav,49225000,49345000,7261,120000,0.0,0,,0.0,0.0,0.0,0,0.0
20230321_124603_024879_1.wav,36581000,36701000,7291,120000,8220.0,8,1027.5,130.48,32.33,162.81,4,7.0
20210624_093317_024883_2.wav,1639000,1759000,5851,120000,3900.0,3,1300.0,25.82,0.0,25.82,2,4.0
20220712_113417_045737_3.wav,2072000,2192000,7061,120000,2040.0,2,1020.0,11.02,0.0,11.02,1,1.0
20210624_093317_024883_2.wav,14868000,14988000,5851,120000,600.0,1,600.0,28.98,0.0,28.98,1,1.0
