segment_onset,segment_offset,speaker_type,lena_speaker,words,lena_block_number,lena_block_type,lena_conv_status,lena_response_count,lena_conv_turn_type,lena_conv_floor_type,utterances_count,utterances_length,average_db,peak_db,utterances,non_speech_length,child_cry_vfx_len,cries,vfxs
0,900,NA,FAF,0.0,1,pause,NA,NA,NA,NA,0.0,0,-33.65,-19.59,[],0,0,[],[]
900,1740,NA,SIL,0.0,1,pause,NA,NA,NA,NA,0.0,0,-48.65,-39.49,[],0,0,[],[]
1740,6780,NA,NOF,0.0,1,pause,NA,NA,NA,NA,0.0,0,-15.35,-2.56,[],0,0,[],[]
6780,7920,NA,OLF,0.0,1,pause,NA,NA,NA,NA,0.0,0,-24.36,-12.03,[],0,0,[],[]
7920,8870,NA,NOF,0.0,1,pause,NA,NA,NA,NA,0.0,0,-24.3,-13.69,[],0,0,[],[]
8870,9940,NA,OLN,0.0,1,pause,NA,NA,NA,NA,0.0,0,-22.22,-5.03,[],0,0,[],[]
9940,13160,NA,NOF,0.0,1,pause,NA,NA,NA,NA,0.0,0,-22.26,-6.24,[],0,0,[],[]
13160,13960,NA,OLN,0.0,1,pause,NA,NA,NA,NA,0.0,0,-26.96,-10.61,[],0,0,[],[]
13960,14560,CHI,CHN,0.0,1,pause,NA,NA,NA,NA,0.0,0,-18.86,-3.91,[],0,150,"[{'start': 14.27, 'end': 14.42}]",[]
14560,16090,NA,OLN,0.0,1,pause,NA,NA,NA,NA,0.0,0,-10.55,-1.96,[],0,0,[],[]
16090,16890,FEM,FAN,0.0,1,pause,NA,NA,NA,NA,0.0,0,-21.97,-6.36,[],800,0,[],[]
16890,17690,NA,SIL,0.0,1,pause,NA,NA,NA,NA,0.0,0,-38.69,-30.35,[],0,0,[],[]
17690,21900,NA,NOF,0.0,1,pause,NA,NA,NA,NA,0.0,0,-40.42,-30.66,[],0,0,[],[]
21900,22500,FEM,FAN,0.58,1,AMF,EC,0,NT,FI,0.0,0,-35.18,-27.7,[],0,0,[],[]
22500,32500,NA,NOF,0.0,2,pause,NA,NA,NA,NA,0.0,0,-21.29,-2.25,[],0,0,[],[]
32500,33910,NA,SIL,0.0,2,pause,NA,NA,NA,NA,0.0,0,-47.1,-31.27,[],0,0,[],[]
33910,38130,NA,NOF,0.0,2,pause,NA,NA,NA,NA,0.0,0,-42.29,-26.44,[],0,0,[],[]
38130,38960,NA,SIL,0.0,2,pause,NA,NA,NA,NA,0.0,0,-44.09,-28.27,[],0,0,[],[]
38960,40190,NA,NOF,0.0,2,pause,NA,NA,NA,NA,0.0,0,-39.69,-27.62,[],0,0,[],[]
40190,41220,OCH,CXN,0.0,2,XM,EC,0,NT,FI,0.0,0,-44.93,-38.19,[],0,0,[],[]
41220,43150,NA,SIL,0.0,3,pause,NA,NA,NA,NA,0.0,0,-48.89,-30.79,[],0,0,[],[]
43150,44340,NA,OLF,0.0,3,pause,NA,NA,NA,NA,0.0,0,-37.88,-27.44,[],0,0,[],[]
44340,45340,NA,FAF,0.0,3,pause,NA,NA,NA,NA,0.0,0,-41.14,-26.89,[],0,0,[],[]
45340,46140,NA,SIL,0.0,3,pause,NA,NA,NA,NA,0.0,0,-42.46,-29.67,[],0,0,[],[]
46140,47410,NA,FAF,0.0,3,pause,NA,NA,NA,NA,0.0,0,-46.16,-39.48,[],0,0,[],[]
47410,48600,NA,SIL,0.0,3,pause,NA,NA,NA,NA,0.0,0,-47.55,-31.3,[],0,0,[],[]
48600,51630,NA,NOF,0.0,3,pause,NA,NA,NA,NA,0.0,0,-45.93,-32.23,[],0,0,[],[]
51630,52650,NA,SIL,0.0,3,pause,NA,NA,NA,NA,0.0,0,-52.97,-43.23,[],0,0,[],[]
52650,56820,NA,NOF,0.0,3,pause,NA,NA,NA,NA,0.0,0,-37.81,-19.73,[],0,0,[],[]
56820,57930,NA,FAF,0.0,3,pause,NA,NA,NA,NA,0.0,0,-40.1,-26.23,[],0,0,[],[]
57930,59120,NA,SIL,0.0,3,pause,NA,NA,NA,NA,0.0,0,-50.0,-43.09,[],0,0,[],[]
59120,60180,NA,FAF,0.0,3,pause,NA,NA,NA,NA,0.0,0,-48.84,-39.74,[],0,0,[],[]
60180,61670,NA,SIL,0.0,3,pause,NA,NA,NA,NA,0.0,0,-53.42,-46.43,[],0,0,[],[]
61670,62520,NA,NOF,0.0,3,pause,NA,NA,NA,NA,0.0,0,-49.98,-41.52,[],0,0,[],[]
62520,69480,NA,SIL,0.0,3,pause,NA,NA,NA,NA,0.0,0,-41.04,-24.6,[],0,0,[],[]
69480,70280,NA,NOF,0.0,3,pause,NA,NA,NA,NA,0.0,0,-30.85,-19.65,[],0,0,[],[]
70280,71170,NA,SIL,0.0,3,pause,NA,NA,NA,NA,0.0,0,-50.47,-44.12,[],0,0,[],[]
71170,74770,NA,NOF,0.0,3,pause,NA,NA,NA,NA,0.0,0,-37.48,-24.11,[],0,0,[],[]
74770,75570,NA,OLF,0.0,3,pause,NA,NA,NA,NA,0.0,0,-28.03,-17.72,[],0,0,[],[]
75570,78670,NA,NOF,0.0,3,pause,NA,NA,NA,NA,0.0,0,-25.02,-7.01,[],0,0,[],[]
78670,83780,CHI,CHN,0.0,3,pause,NA,NA,NA,NA,0.0,0,-13.53,-6.37,[],0,5110,"[{'start': 78.67, 'end': 83.78}]",[]
83780,85590,NA,SIL,0.0,3,pause,NA,NA,NA,NA,0.0,0,-50.17,-45.62,[],0,0,[],[]
85590,86190,CHI,CHN,0.0,3,pause,NA,NA,NA,NA,0.0,0,-26.1,-20.22,[],0,360,"[{'start': 85.75, 'end': 86.11}]",[]
86190,89290,NA,SIL,0.0,3,pause,NA,NA,NA,NA,0.0,0,-50.25,-44.02,[],0,0,[],[]
89290,93850,NA,NOF,0.0,3,pause,NA,NA,NA,NA,0.0,0,-41.9,-25.68,[],0,0,[],[]
93850,96010,CHI,CHN,0.0,3,pause,NA,NA,NA,NA,0.0,0,-15.99,-6.3,[],0,1970,"[{'start': 93.85, 'end': 95.82}]",[]
96010,97390,OCH,CXN,0.0,3,XIOCA,BC,0,NT,FI,0.0,0,-35.76,-30.03,[],0,0,[],[]
97390,98840,CHI,CHN,0.0,3,XIOCA,NA,NA,NA,NA,0.0,0,-13.46,-5.74,[],0,1450,"[{'start': 97.39, 'end': 98.84}]",[]
98840,99890,OCH,CXN,0.0,3,XIOCA,RC,0,NT,FH,0.0,0,-15.62,-11.36,[],0,0,[],[]
99890,100970,FEM,FAN,5.95,3,XIOCA,RC,0,NT,FI,0.0,0,-31.76,-24.92,[],0,0,[],[]
100970,102150,OCH,CXN,0.0,3,XIOCA,EC,0,NT,FI,0.0,0,-36.8,-27.89,[],0,0,[],[]
102150,103730,CHI,CHN,0.0,4,pause,NA,NA,NA,NA,0.0,0,-14.51,-10.17,[],0,1580,"[{'start': 102.15, 'end': 103.73}]",[]
103730,104530,NA,OLF,0.0,4,pause,NA,NA,NA,NA,0.0,0,-32.64,-18.64,[],0,0,[],[]
104530,105630,CHI,CHN,0.0,4,pause,NA,NA,NA,NA,0.0,0,-15.73,-11.27,[],0,1100,"[{'start': 104.53, 'end': 105.63}]",[]
105630,106540,NA,NOF,0.0,4,pause,NA,NA,NA,NA,0.0,0,-37.51,-27.39,[],0,0,[],[]
106540,109820,CHI,CHN,0.0,4,pause,NA,NA,NA,NA,0.0,0,-15.79,-3.68,[],0,2410,"[{'start': 106.54, 'end': 108.95}]",[]
109820,110620,CHI,CHN,0.0,4,pause,NA,NA,NA,NA,0.0,0,-39.27,-27.82,[],0,120,[],"[{'start': 109.82, 'end': 109.94}]"
110620,113240,CHI,CHN,0.0,4,pause,NA,NA,NA,NA,0.0,0,-14.99,-9.91,[],0,2029,"[{'start': 111.1, 'end': 113.13}]",[]
113240,114200,FEM,FAN,0.0,4,pause,NA,NA,NA,NA,0.0,0,-35.72,-24.72,[],960,0,[],[]
114200,115000,NA,NOF,0.0,4,pause,NA,NA,NA,NA,0.0,0,-39.63,-22.67,[],0,0,[],[]
115000,115800,NA,SIL,0.0,4,pause,NA,NA,NA,NA,0.0,0,-47.47,-42.1,[],0,0,[],[]
115800,120060,CHI,CHN,0.0,4,pause,NA,NA,NA,NA,0.0,0,-14.83,-4.57,[],0,4040,"[{'start': 115.8, 'end': 116.06}, {'start': 116.28, 'end': 120.06}]",[]
120060,120930,NA,OLN,0.0,4,pause,NA,NA,NA,NA,0.0,0,-20.13,-11.31,[],0,0,[],[]
120930,122220,CHI,CHN,0.0,4,pause,NA,NA,NA,NA,0.0,0,-13.89,-9.96,[],0,1290,"[{'start': 120.93, 'end': 122.22}]",[]
122220,123110,CHI,CHN,0.0,4,CIOCX,BC,0,NT,FI,2.0,370,-21.81,-13.36,"[{'Canonical-syllable': '0', 'Growl': '0', 'High-freq-energy': '0', 'Long-island': '0', 'Low-tilt-spectrum': '0', 'Medium-island': '0', 'Short-island': '1', 'Squeal': '0', 'Typical-entropy': '0', 'Voicing-quality': '1', 'Wide-band': '0', 'Xlong-island': '0', 'seq': '1', 'end': 122.45, 'start': 122.22}, {'Canonical-syllable': '0', 'Growl': '1', 'High-freq-energy': '0', 'Long-island': '0', 'Low-tilt-spectrum': '1', 'Medium-island': '0', 'Short-island': '0', 'Squeal': '0', 'Typical-entropy': '1', 'Voicing-quality': '1', 'Wide-band': '0', 'Xlong-island': '0', 'seq': '2', 'end': 123.11, 'start': 122.97}]",0,0,[],[]
123110,123950,NA,OLN,0.0,4,CIOCX,NA,NA,NA,NA,0.0,0,-20.7,-7.61,[],0,0,[],[]
123950,124940,CHI,CHN,0.0,4,CIOCX,NA,NA,NA,NA,0.0,0,-15.2,-9.73,[],0,990,"[{'start': 123.95, 'end': 124.94}]",[]
124940,125740,OCH,CXN,0.0,4,CIOCX,RC,0,NT,FI,0.0,0,-28.65,-17.82,[],0,0,[],[]
125740,126340,CHI,CHN,0.0,4,CIOCX,NA,NA,NA,NA,0.0,0,-19.5,-13.66,[],0,240,"[{'start': 125.74, 'end': 125.98}]",[]
126340,129880,NA,SIL,0.0,4,CIOCX,NA,NA,NA,NA,0.0,0,-50.34,-38.13,[],0,0,[],[]
129880,130680,OCH,CXN,0.0,4,CIOCX,EC,0,NT,FH,0.0,0,-41.74,-32.56,[],0,0,[],[]
130680,131540,NA,SIL,0.0,5,pause,NA,NA,NA,NA,0.0,0,-50.96,-45.14,[],0,0,[],[]
131540,132140,CHI,CHN,0.0,5,pause,NA,NA,NA,NA,0.0,0,-13.44,-4.08,[],0,360,"[{'start': 131.78, 'end': 132.14}]",[]
132140,132940,CHI,CHN,0.0,5,pause,NA,NA,NA,NA,0.0,0,-14.31,-11.28,[],0,800,"[{'start': 132.14, 'end': 132.94}]",[]
132940,135620,CHI,CHN,0.0,5,pause,NA,NA,NA,NA,0.0,0,-15.18,-4.38,[],0,2680,"[{'start': 132.94, 'end': 135.62}]",[]
135620,136520,NA,OLF,0.0,5,pause,NA,NA,NA,NA,0.0,0,-35.4,-20.22,[],0,0,[],[]
136520,139030,CHI,CHN,0.0,5,pause,NA,NA,NA,NA,0.0,0,-15.0,-5.62,[],0,2420,"[{'start': 136.61, 'end': 139.03}]",[]
139030,140470,NA,OLN,0.0,5,pause,NA,NA,NA,NA,0.0,0,-14.6,-1.78,[],0,0,[],[]
140470,146300,CHI,CHN,0.0,5,pause,NA,NA,NA,NA,0.0,0,-13.23,-3.19,[],0,5830,"[{'start': 140.47, 'end': 146.3}]",[]
146300,147100,OCH,CXN,0.0,5,XM,EC,0,NT,FI,0.0,0,-13.22,-4.34,[],0,0,[],[]
147100,147920,NA,OLN,0.0,6,pause,NA,NA,NA,NA,0.0,0,-13.69,-6.72,[],0,0,[],[]
147920,148550,CHI,CHN,0.0,6,pause,NA,NA,NA,NA,0.0,0,-12.01,-5.32,[],0,630,"[{'start': 147.92, 'end': 148.55}]",[]
148550,150500,NA,OLN,0.0,6,pause,NA,NA,NA,NA,0.0,0,-16.64,-4.61,[],0,0,[],[]
150500,156450,CHI,CHN,0.0,6,pause,NA,NA,NA,NA,0.0,0,-14.68,-4.05,[],0,5950,"[{'start': 150.5, 'end': 156.45}]",[]
156450,157250,OCH,CXN,0.0,6,XM,EC,0,NT,FI,0.0,0,-21.17,-14.31,[],0,0,[],[]
157250,162250,CHI,CHN,0.0,7,pause,NA,NA,NA,NA,0.0,0,-15.39,-7.95,[],0,5000,"[{'start': 157.25, 'end': 162.25}]",[]
162250,163050,CHI,CHN,0.0,7,pause,NA,NA,NA,NA,0.0,0,-14.38,-11.54,[],0,800,"[{'start': 162.25, 'end': 163.05}]",[]
163050,163670,CHI,CHN,0.0,7,pause,NA,NA,NA,NA,0.0,0,-18.06,-14.99,[],0,620,"[{'start': 163.05, 'end': 163.67}]",[]
163670,164760,OCH,CXN,0.0,7,XM,BC,0,NT,FI,0.0,0,-32.03,-26.91,[],0,0,[],[]
164760,165880,NA,NOF,0.0,7,XM,NA,NA,NA,NA,0.0,0,-43.14,-30.95,[],0,0,[],[]
165880,167700,CHI,CHN,0.0,7,XM,NA,NA,NA,NA,0.0,0,-13.31,-4.4,[],0,1820,"[{'start': 165.88, 'end': 167.7}]",[]
167700,168500,OCH,CXN,0.0,7,XM,EC,0,NT,FH,0.0,0,-17.06,-8.57,[],0,0,[],[]
168500,172460,CHI,CHN,0.0,8,pause,NA,NA,NA,NA,0.0,0,-14.8,-6.45,[],0,3700,"[{'start': 168.5, 'end': 172.2}]",[]
172460,173770,NA,OLN,0.0,8,pause,NA,NA,NA,NA,0.0,0,-25.38,-13.27,[],0,0,[],[]
173770,176540,CHI,CHN,0.0,8,pause,NA,NA,NA,NA,0.0,0,-14.0,-10.36,[],0,2770,"[{'start': 173.77, 'end': 176.54}]",[]
176540,177340,NA,OLN,0.0,8,pause,NA,NA,NA,NA,0.0,0,-15.99,-8.65,[],0,0,[],[]
177340,178500,CHI,CHN,0.0,8,CM,EC,0,NT,FI,1.0,1160,-13.61,-10.27,"[{'Canonical-syllable': '0', 'Growl': '0', 'High-freq-energy': '0', 'Long-island': '0', 'Low-tilt-spectrum': '0', 'Medium-island': '0', 'Short-island': '0', 'Squeal': '0', 'Typical-entropy': '0', 'Voicing-quality': '1', 'Wide-band': '0', 'Xlong-island': '1', 'seq': '1', 'end': 178.5, 'start': 177.34}]",0,0,[],[]
178500,179300,NA,OLN,0.0,9,pause,NA,NA,NA,NA,0.0,0,-18.99,-12.61,[],0,0,[],[]
179300,182010,CHI,CHN,0.0,9,pause,NA,NA,NA,NA,0.0,0,-14.21,-8.58,[],0,2710,"[{'start': 179.3, 'end': 182.01}]",[]
182010,184740,NA,OLF,0.0,9,pause,NA,NA,NA,NA,0.0,0,-25.55,-9.38,[],0,0,[],[]
184740,185740,FEM,FAN,1.16,9,AICF,BC,0,TIFI,FI,0.0,0,-17.12,-11.09,[],0,0,[],[]
185740,186860,CHI,CHN,0.0,9,AICF,RC,1,TIFR,FI,1.0,1120,-14.78,-7.9,"[{'Canonical-syllable': '0', 'Growl': '1', 'High-freq-energy': '0', 'Long-island': '1', 'Low-tilt-spectrum': '0', 'Medium-island': '0', 'Short-island': '0', 'Squeal': '0', 'Typical-entropy': '1', 'Voicing-quality': '2', 'Wide-band': '0', 'Xlong-island': '0', 'seq': '1', 'end': 186.86, 'start': 185.74}]",0,0,[],[]
186860,187660,NA,OLN,0.0,9,AICF,NA,NA,NA,NA,0.0,0,-20.33,-13.52,[],0,0,[],[]
187660,188660,FEM,FAN,4.99,9,AICF,RC,1,TIFE,FI,0.0,0,-12.46,-1.98,[],0,0,[],[]
188660,190570,NA,OLN,0.0,9,AICF,NA,NA,NA,NA,0.0,0,-23.56,-11.84,[],0,0,[],[]
190570,191380,NA,OLF,0.0,9,AICF,NA,NA,NA,NA,0.0,0,-36.8,-26.06,[],0,0,[],[]
191380,192560,FEM,FAN,4.34,9,AICF,RC,1,NT,FH,0.0,0,-24.04,-17.46,[],0,0,[],[]
192560,193390,NA,OLN,0.0,9,AICF,NA,NA,NA,NA,0.0,0,-31.17,-22.63,[],0,0,[],[]
193390,194500,NA,OLF,0.0,9,AICF,NA,NA,NA,NA,0.0,0,-33.26,-22.03,[],0,0,[],[]
194500,196030,FEM,FAN,5.68,9,AICF,RC,1,NT,FH,0.0,0,-29.41,-23.36,[],0,0,[],[]
196030,197770,NA,OLF,0.0,9,AICF,NA,NA,NA,NA,0.0,0,-35.69,-27.56,[],0,0,[],[]
197770,201010,NA,NOF,0.0,9,AICF,NA,NA,NA,NA,0.0,0,-32.94,-22.08,[],0,0,[],[]
201010,202030,FEM,FAN,5.61,9,AICF,EC,1,NT,FH,0.0,0,-18.83,-10.44,[],0,0,[],[]
202030,203210,CHI,CHN,0.0,10,pause,NA,NA,NA,NA,0.0,0,-14.0,-9.3,[],0,1180,"[{'start': 202.03, 'end': 203.21}]",[]
203210,205490,NA,NOF,0.0,10,pause,NA,NA,NA,NA,0.0,0,-33.24,-20.43,[],0,0,[],[]
205490,206340,NA,OLF,0.0,10,pause,NA,NA,NA,NA,0.0,0,-40.18,-30.09,[],0,0,[],[]
206340,207900,NA,NOF,0.0,10,pause,NA,NA,NA,NA,0.0,0,-42.29,-27.8,[],0,0,[],[]
207900,208730,NA,SIL,0.0,10,pause,NA,NA,NA,NA,0.0,0,-47.52,-39.65,[],0,0,[],[]
208730,210050,NA,NOF,0.0,10,pause,NA,NA,NA,NA,0.0,0,-36.42,-27.46,[],0,0,[],[]
210050,210850,NA,OLF,0.0,10,pause,NA,NA,NA,NA,0.0,0,-42.93,-33.82,[],0,0,[],[]
210850,214870,NA,NOF,0.0,10,pause,NA,NA,NA,NA,0.0,0,-46.28,-34.93,[],0,0,[],[]
214870,215850,NA,OLN,0.0,10,pause,NA,NA,NA,NA,0.0,0,-35.64,-26.3,[],0,0,[],[]
215850,217590,NA,NOF,0.0,10,pause,NA,NA,NA,NA,0.0,0,-44.62,-36.06,[],0,0,[],[]
217590,218420,NA,OLF,0.0,10,pause,NA,NA,NA,NA,0.0,0,-31.77,-22.09,[],0,0,[],[]
218420,219380,NA,NON,0.0,10,pause,NA,NA,NA,NA,0.0,0,-31.42,-18.8,[],0,0,[],[]
219380,220200,NA,OLF,0.0,10,pause,NA,NA,NA,NA,0.0,0,-42.24,-35.52,[],0,0,[],[]
220200,221130,NA,NOF,0.0,10,pause,NA,NA,NA,NA,0.0,0,-45.2,-39.6,[],0,0,[],[]
221130,221990,NA,OLF,0.0,10,pause,NA,NA,NA,NA,0.0,0,-42.52,-36.83,[],0,0,[],[]
221990,223040,NA,MAF,0.0,10,pause,NA,NA,NA,NA,0.0,0,-43.92,-37.25,[],0,0,[],[]
223040,236110,NA,NOF,0.0,10,pause,NA,NA,NA,NA,0.0,0,-39.11,-21.14,[],0,0,[],[]
236110,238090,OCH,CXN,0.0,10,XM,EC,0,NT,FI,0.0,0,-44.05,-34.79,[],0,0,[],[]
238090,239900,NA,CXF,0.0,11,pause,NA,NA,NA,NA,0.0,0,-42.69,-29.72,[],0,0,[],[]
239900,241070,NA,NOF,0.0,11,pause,NA,NA,NA,NA,0.0,0,-44.11,-35.52,[],0,0,[],[]
241070,243020,NA,CXF,0.0,11,pause,NA,NA,NA,NA,0.0,0,-41.87,-34.19,[],0,0,[],[]
243020,243820,NA,NOF,0.0,11,pause,NA,NA,NA,NA,0.0,0,-39.35,-30.45,[],0,0,[],[]
243820,245060,NA,OLF,0.0,11,pause,NA,NA,NA,NA,0.0,0,-42.06,-34.86,[],0,0,[],[]
245060,247280,NA,NON,0.0,11,pause,NA,NA,NA,NA,0.0,0,-36.69,-24.24,[],0,0,[],[]
247280,248080,NA,OLF,0.0,11,pause,NA,NA,NA,NA,0.0,0,-29.89,-20.28,[],0,0,[],[]
248080,249150,NA,NOF,0.0,11,pause,NA,NA,NA,NA,0.0,0,-29.22,-16.86,[],0,0,[],[]
249150,249800,CHI,CHN,0.0,11,CIOCAX,BC,0,NT,FI,1.0,650,-15.21,-11.79,"[{'Canonical-syllable': '1', 'Growl': '0', 'High-freq-energy': '0', 'Long-island': '0', 'Low-tilt-spectrum': '0', 'Medium-island': '1', 'Short-island': '0', 'Squeal': '0', 'Typical-entropy': '0', 'Voicing-quality': '1', 'Wide-band': '0', 'Xlong-island': '0', 'seq': '1', 'end': 249.8, 'start': 249.15}]",0,0,[],[]
249800,251200,OCH,CXN,0.0,11,CIOCAX,RC,0,NT,FI,0.0,0,-25.61,-16.9,[],0,0,[],[]
251200,251800,CHI,CHN,0.0,11,CIOCAX,RC,0,NT,FI,1.0,600,-20.73,-17.63,"[{'Canonical-syllable': '0', 'Growl': '0', 'High-freq-energy': '0', 'Long-island': '0', 'Low-tilt-spectrum': '0', 'Medium-island': '1', 'Short-island': '0', 'Squeal': '0', 'Typical-entropy': '0', 'Voicing-quality': '1', 'Wide-band': '0', 'Xlong-island': '0', 'seq': '1', 'end': 251.8, 'start': 251.2}]",0,0,[],[]
251800,253050,NA,OLN,0.0,11,CIOCAX,NA,NA,NA,NA,0.0,0,-15.63,-5.47,[],0,0,[],[]
253050,253870,CHI,CHN,0.0,11,CIOCAX,RC,0,NT,FH,1.0,820,-17.53,-14.19,"[{'Canonical-syllable': '0', 'Growl': '0', 'High-freq-energy': '1', 'Long-island': '1', 'Low-tilt-spectrum': '1', 'Medium-island': '0', 'Short-island': '0', 'Squeal': '0', 'Typical-entropy': '1', 'Voicing-quality': '1', 'Wide-band': '0', 'Xlong-island': '0', 'seq': '1', 'end': 253.87, 'start': 253.05}]",0,0,[],[]
253870,255390,OCH,CXN,0.0,11,CIOCAX,RC,0,NT,FI,0.0,0,-30.89,-21.25,[],0,0,[],[]
255390,256190,NA,OLN,0.0,11,CIOCAX,NA,NA,NA,NA,0.0,0,-21.7,-10.04,[],0,0,[],[]
256190,257190,CHI,CHN,0.0,11,CIOCAX,NA,NA,NA,NA,0.0,0,-18.1,-11.66,[],0,770,"[{'start': 256.19, 'end': 256.96}]",[]
257190,258010,OCH,CXN,0.0,11,CIOCAX,RC,0,NT,FH,0.0,0,-36.88,-31.12,[],0,0,[],[]
258010,260790,NA,NON,0.0,11,CIOCAX,NA,NA,NA,NA,0.0,0,-17.6,-2.63,[],0,0,[],[]
260790,261810,FEM,FAN,4.84,11,CIOCAX,EC,0,NT,FI,0.0,0,-40.32,-35.69,[],0,0,[],[]
261810,262720,NA,SIL,0.0,12,pause,NA,NA,NA,NA,0.0,0,-45.27,-35.56,[],0,0,[],[]
262720,263580,NA,CXF,0.0,12,pause,NA,NA,NA,NA,0.0,0,-45.57,-41.15,[],0,0,[],[]
263580,265170,NA,SIL,0.0,12,pause,NA,NA,NA,NA,0.0,0,-45.36,-33.43,[],0,0,[],[]
265170,266180,NA,TVF,0.0,12,pause,NA,NA,NA,NA,0.0,0,-44.75,-27.88,[],0,0,[],[]
266180,267560,NA,SIL,0.0,12,pause,NA,NA,NA,NA,0.0,0,-49.82,-43.14,[],0,0,[],[]
267560,268370,NA,CXF,0.0,12,pause,NA,NA,NA,NA,0.0,0,-41.65,-28.53,[],0,0,[],[]
268370,269170,NA,SIL,0.0,12,pause,NA,NA,NA,NA,0.0,0,-49.38,-42.79,[],0,0,[],[]
269170,269770,NA,NOF,0.0,12,pause,NA,NA,NA,NA,0.0,0,-40.35,-32.89,[],0,0,[],[]
269770,270580,NA,SIL,0.0,12,pause,NA,NA,NA,NA,0.0,0,-51.74,-43.18,[],0,0,[],[]
270580,271380,NA,CXF,0.0,12,pause,NA,NA,NA,NA,0.0,0,-49.21,-44.62,[],0,0,[],[]
271380,273600,NA,SIL,0.0,12,pause,NA,NA,NA,NA,0.0,0,-50.1,-40.42,[],0,0,[],[]
273600,276310,OCH,CXN,0.0,12,XM,BC,0,NT,FI,0.0,0,-43.05,-32.75,[],0,0,[],[]
276310,277310,NA,TVN,0.0,12,XM,NA,NA,NA,NA,0.0,0,-44.17,-36.75,[],0,0,[],[]
277310,278150,NA,SIL,0.0,12,XM,NA,NA,NA,NA,0.0,0,-50.85,-44.92,[],0,0,[],[]
278150,278950,OCH,CXN,0.0,12,XM,RC,0,NT,FH,0.0,0,-42.81,-33.24,[],0,0,[],[]
278950,279750,NA,SIL,0.0,12,XM,NA,NA,NA,NA,0.0,0,-51.91,-45.56,[],0,0,[],[]
279750,280750,NA,CXF,0.0,12,XM,NA,NA,NA,NA,0.0,0,-41.75,-31.71,[],0,0,[],[]
280750,281550,NA,SIL,0.0,12,XM,NA,NA,NA,NA,0.0,0,-44.14,-36.49,[],0,0,[],[]
281550,282630,NA,CXF,0.0,12,XM,NA,NA,NA,NA,0.0,0,-42.93,-36.74,[],0,0,[],[]
282630,283450,NA,SIL,0.0,12,XM,NA,NA,NA,NA,0.0,0,-46.91,-40.03,[],0,0,[],[]
283450,284250,OCH,CXN,0.0,12,XM,RC,0,NT,FH,0.0,0,-40.67,-30.12,[],0,0,[],[]
284250,285050,NA,SIL,0.0,12,XM,NA,NA,NA,NA,0.0,0,-50.65,-45.61,[],0,0,[],[]
285050,286770,OCH,CXN,0.0,12,XM,RC,0,NT,FH,0.0,0,-45.2,-38.85,[],0,0,[],[]
286770,288390,NA,OLF,0.0,12,XM,NA,NA,NA,NA,0.0,0,-41.8,-33.15,[],0,0,[],[]
288390,289950,OCH,CXN,0.0,12,XM,RC,0,NT,FH,0.0,0,-38.04,-26.43,[],0,0,[],[]
289950,290750,NA,SIL,0.0,12,XM,NA,NA,NA,NA,0.0,0,-47.31,-37.07,[],0,0,[],[]
290750,293110,OCH,CXN,0.0,12,XM,RC,0,NT,FH,0.0,0,-43.13,-35.29,[],0,0,[],[]
293110,293910,NA,SIL,0.0,12,XM,NA,NA,NA,NA,0.0,0,-42.47,-31.09,[],0,0,[],[]
293910,295650,OCH,CXN,0.0,12,XM,RC,0,NT,FH,0.0,0,-41.56,-33.48,[],0,0,[],[]
295650,296730,NA,MAF,0.0,12,XM,NA,NA,NA,NA,0.0,0,-43.56,-35.44,[],0,0,[],[]
296730,297530,NA,SIL,0.0,12,XM,NA,NA,NA,NA,0.0,0,-49.36,-45.17,[],0,0,[],[]
297530,298330,OCH,CXN,0.0,12,XM,RC,0,NT,FH,0.0,0,-39.4,-30.09,[],0,0,[],[]
298330,299130,NA,NOF,0.0,12,XM,NA,NA,NA,NA,0.0,0,-44.86,-35.3,[],0,0,[],[]
299130,299930,OCH,CXN,0.0,12,XM,RC,0,NT,FH,0.0,0,-40.58,-33.43,[],0,0,[],[]
299930,300730,NA,SIL,0.0,12,XM,NA,NA,NA,NA,0.0,0,-45.64,-33.36,[],0,0,[],[]
300730,302860,OCH,CXN,0.0,12,XM,RC,0,NT,FH,0.0,0,-41.21,-29.9,[],0,0,[],[]
302860,305180,NA,TVN,0.0,12,XM,NA,NA,NA,NA,0.0,0,-43.68,-31.28,[],0,0,[],[]
305180,308900,OCH,CXN,0.0,12,XM,RC,0,NT,FH,0.0,0,-31.18,-20.37,[],0,0,[],[]
308900,309910,NA,MAF,0.0,12,XM,NA,NA,NA,NA,0.0,0,-41.08,-35.43,[],0,0,[],[]
309910,310710,OCH,CXN,0.0,12,XM,RC,0,NT,FH,0.0,0,-41.82,-36.13,[],0,0,[],[]
310710,311600,NA,SIL,0.0,12,XM,NA,NA,NA,NA,0.0,0,-47.51,-39.29,[],0,0,[],[]
311600,312680,OCH,CXN,0.0,12,XM,RC,0,NT,FH,0.0,0,-45.07,-35.87,[],0,0,[],[]
312680,313700,NA,SIL,0.0,12,XM,NA,NA,NA,NA,0.0,0,-46.83,-40.54,[],0,0,[],[]
313700,314500,NA,CXF,0.0,12,XM,NA,NA,NA,NA,0.0,0,-41.73,-34.17,[],0,0,[],[]
314500,315500,NA,TVF,0.0,12,XM,NA,NA,NA,NA,0.0,0,-42.6,-37.82,[],0,0,[],[]
315500,320030,OCH,CXN,0.0,12,XM,EC,0,NT,FH,0.0,0,-42.38,-31.19,[],0,0,[],[]
320030,321470,NA,SIL,0.0,13,pause,NA,NA,NA,NA,0.0,0,-50.23,-43.91,[],0,0,[],[]
321470,323660,NA,TVF,0.0,13,pause,NA,NA,NA,NA,0.0,0,-40.5,-35.98,[],0,0,[],[]
323660,324460,NA,CXF,0.0,13,pause,NA,NA,NA,NA,0.0,0,-44.56,-37.52,[],0,0,[],[]
324460,325260,NA,SIL,0.0,13,pause,NA,NA,NA,NA,0.0,0,-51.0,-44.77,[],0,0,[],[]
325260,326060,NA,FAF,0.0,13,pause,NA,NA,NA,NA,0.0,0,-40.97,-34.98,[],0,0,[],[]
326060,326970,NA,SIL,0.0,13,pause,NA,NA,NA,NA,0.0,0,-46.93,-41.42,[],0,0,[],[]
326970,331380,OCH,CXN,0.0,13,XM,EC,0,NT,FI,0.0,0,-42.75,-30.27,[],0,0,[],[]
331380,332830,NA,SIL,0.0,14,pause,NA,NA,NA,NA,0.0,0,-49.39,-42.0,[],0,0,[],[]
332830,334800,NA,TVF,0.0,14,pause,NA,NA,NA,NA,0.0,0,-41.98,-30.4,[],0,0,[],[]
334800,335900,NA,SIL,0.0,14,pause,NA,NA,NA,NA,0.0,0,-49.24,-43.88,[],0,0,[],[]
335900,336900,NA,TVF,0.0,14,pause,NA,NA,NA,NA,0.0,0,-49.35,-41.13,[],0,0,[],[]
336900,337720,NA,CXF,0.0,14,pause,NA,NA,NA,NA,0.0,0,-40.04,-33.47,[],0,0,[],[]
337720,339850,NA,TVN,0.0,14,pause,NA,NA,NA,NA,0.0,0,-43.97,-37.08,[],0,0,[],[]
339850,341500,OCH,CXN,0.0,14,XM,BC,0,NT,FI,0.0,0,-43.58,-36.88,[],0,0,[],[]
341500,343700,NA,CXF,0.0,14,XM,NA,NA,NA,NA,0.0,0,-41.93,-32.9,[],0,0,[],[]
343700,344500,NA,SIL,0.0,14,XM,NA,NA,NA,NA,0.0,0,-45.83,-39.06,[],0,0,[],[]
344500,349100,OCH,CXN,0.0,14,XM,EC,0,NT,FH,0.0,0,-42.24,-32.79,[],0,0,[],[]
349100,350180,NA,OLN,0.0,15,pause,NA,NA,NA,NA,0.0,0,-38.68,-31.96,[],0,0,[],[]
350180,351180,NA,TVN,0.0,15,pause,NA,NA,NA,NA,0.0,0,-39.47,-33.93,[],0,0,[],[]
351180,351990,NA,TVF,0.0,15,pause,NA,NA,NA,NA,0.0,0,-41.66,-34.75,[],0,0,[],[]
351990,352790,NA,CXF,0.0,15,pause,NA,NA,NA,NA,0.0,0,-42.11,-37.51,[],0,0,[],[]
352790,355640,NA,OLF,0.0,15,pause,NA,NA,NA,NA,0.0,0,-34.28,-15.51,[],0,0,[],[]
355640,356450,OCH,CXN,0.0,15,XM,EC,0,NT,FI,0.0,0,-34.43,-28.55,[],0,0,[],[]
356450,358970,NA,OLN,0.0,16,pause,NA,NA,NA,NA,0.0,0,-34.65,-25.04,[],0,0,[],[]
358970,359770,NA,NOF,0.0,16,pause,NA,NA,NA,NA,0.0,0,-44.38,-36.64,[],0,0,[],[]
359770,362930,NA,OLF,0.0,16,pause,NA,NA,NA,NA,0.0,0,-42.06,-35.37,[],0,0,[],[]
362930,364270,NA,TVF,0.0,16,pause,NA,NA,NA,NA,0.0,0,-40.61,-33.71,[],0,0,[],[]
364270,369550,NA,OLN,0.0,16,pause,NA,NA,NA,NA,0.0,0,-36.1,-23.88,[],0,0,[],[]
369550,370820,FEM,FAN,8.06,16,AMF,EC,0,NT,FI,0.0,0,-28.04,-20.06,[],0,0,[],[]
370820,374140,NA,OLF,0.0,17,pause,NA,NA,NA,NA,0.0,0,-29.06,-6.68,[],0,0,[],[]
374140,375290,NA,NOF,0.0,17,pause,NA,NA,NA,NA,0.0,0,-36.95,-22.97,[],0,0,[],[]
375290,376110,NA,OLF,0.0,17,pause,NA,NA,NA,NA,0.0,0,-33.17,-19.34,[],0,0,[],[]
376110,378530,NA,NOF,0.0,17,pause,NA,NA,NA,NA,0.0,0,-33.05,-21.57,[],0,0,[],[]
378530,379880,NA,OLF,0.0,17,pause,NA,NA,NA,NA,0.0,0,-33.88,-19.52,[],0,0,[],[]
379880,383200,NA,NOF,0.0,17,pause,NA,NA,NA,NA,0.0,0,-15.55,-2.21,[],0,0,[],[]
383200,384130,NA,OLN,0.0,17,pause,NA,NA,NA,NA,0.0,0,-17.4,-3.21,[],0,0,[],[]
384130,384930,CHI,CHN,0.0,17,pause,NA,NA,NA,NA,0.0,0,-32.21,-20.37,[],0,90,"[{'start': 384.33, 'end': 384.42}]",[]
384930,386950,NA,OLF,0.0,17,pause,NA,NA,NA,NA,0.0,0,-20.0,-3.64,[],0,0,[],[]
386950,387750,OCH,CXN,0.0,17,XM,EC,0,NT,FI,0.0,0,-36.8,-28.55,[],0,0,[],[]
387750,388580,NA,NOF,0.0,18,pause,NA,NA,NA,NA,0.0,0,-26.47,-13.19,[],0,0,[],[]
388580,390220,NA,OLN,0.0,18,pause,NA,NA,NA,NA,0.0,0,-15.52,-3.51,[],0,0,[],[]
390220,391030,NA,NOF,0.0,18,pause,NA,NA,NA,NA,0.0,0,-14.68,-4.23,[],0,0,[],[]
391030,392600,NA,OLN,0.0,18,pause,NA,NA,NA,NA,0.0,0,-13.5,-3.13,[],0,0,[],[]
392600,393530,NA,NOF,0.0,18,pause,NA,NA,NA,NA,0.0,0,-12.92,-0.74,[],0,0,[],[]
393530,394330,NA,OLF,0.0,18,pause,NA,NA,NA,NA,0.0,0,-22.53,-7.26,[],0,0,[],[]
394330,395380,NA,NOF,0.0,18,pause,NA,NA,NA,NA,0.0,0,-24.96,-11.02,[],0,0,[],[]
395380,397080,NA,OLN,0.0,18,pause,NA,NA,NA,NA,0.0,0,-16.65,-3.54,[],0,0,[],[]
397080,399010,NA,NOF,0.0,18,pause,NA,NA,NA,NA,0.0,0,-20.97,-3.46,[],0,0,[],[]
399010,399810,NA,OLF,0.0,18,pause,NA,NA,NA,NA,0.0,0,-36.57,-23.0,[],0,0,[],[]
399810,400610,NA,NOF,0.0,18,pause,NA,NA,NA,NA,0.0,0,-39.54,-27.53,[],0,0,[],[]
400610,402760,OCH,CXN,0.0,18,XM,BC,0,NT,FI,0.0,0,-38.72,-24.25,[],0,0,[],[]
402760,403830,NA,OLF,0.0,18,XM,NA,NA,NA,NA,0.0,0,-36.48,-21.57,[],0,0,[],[]
403830,404630,NA,NOF,0.0,18,XM,NA,NA,NA,NA,0.0,0,-41.2,-32.39,[],0,0,[],[]
404630,406220,OCH,CXN,0.0,18,XM,EC,0,NT,FH,0.0,0,-40.47,-31.41,[],0,0,[],[]
406220,408470,NA,NOF,0.0,19,pause,NA,NA,NA,NA,0.0,0,-16.29,-3.03,[],0,0,[],[]
408470,409970,NA,OLN,0.0,19,pause,NA,NA,NA,NA,0.0,0,-35.09,-24.2,[],0,0,[],[]
409970,410770,NA,NOF,0.0,19,pause,NA,NA,NA,NA,0.0,0,-33.05,-23.29,[],0,0,[],[]
410770,411570,NA,OLN,0.0,19,pause,NA,NA,NA,NA,0.0,0,-36.23,-25.01,[],0,0,[],[]
411570,413130,NA,NOF,0.0,19,pause,NA,NA,NA,NA,0.0,0,-26.81,-11.55,[],0,0,[],[]
413130,413930,OCH,CXN,0.0,19,XM,BC,0,NT,FI,0.0,0,-35.86,-23.39,[],0,0,[],[]
413930,414730,OCH,CXN,0.0,19,XM,EC,0,NT,FH,0.0,0,-42.03,-28.88,[],0,0,[],[]
414730,415740,NA,OLF,0.0,20,pause,NA,NA,NA,NA,0.0,0,-41.53,-33.95,[],0,0,[],[]
415740,417080,NA,CXF,0.0,20,pause,NA,NA,NA,NA,0.0,0,-42.31,-34.0,[],0,0,[],[]
417080,418250,NA,TVN,0.0,20,pause,NA,NA,NA,NA,0.0,0,-45.43,-38.56,[],0,0,[],[]
418250,419460,NA,OLF,0.0,20,pause,NA,NA,NA,NA,0.0,0,-44.22,-38.42,[],0,0,[],[]
419460,420590,NA,NOF,0.0,20,pause,NA,NA,NA,NA,0.0,0,-47.25,-29.59,[],0,0,[],[]
420590,421610,OCH,CXN,0.0,20,XIOCC,BC,0,NT,FI,0.0,0,-42.31,-32.29,[],0,0,[],[]
421610,422750,NA,NOF,0.0,20,XIOCC,NA,NA,NA,NA,0.0,0,-43.32,-27.4,[],0,0,[],[]
422750,424460,NA,OLN,0.0,20,XIOCC,NA,NA,NA,NA,0.0,0,-32.04,-21.12,[],0,0,[],[]
424460,425520,NA,NOF,0.0,20,XIOCC,NA,NA,NA,NA,0.0,0,-22.94,-10.31,[],0,0,[],[]
425520,426320,NA,SIL,0.0,20,XIOCC,NA,NA,NA,NA,0.0,0,-49.15,-34.69,[],0,0,[],[]
426320,429650,OCH,CXN,0.0,20,XIOCC,RC,0,NT,FH,0.0,0,-37.63,-17.64,[],0,0,[],[]
429650,433510,NA,NOF,0.0,20,XIOCC,NA,NA,NA,NA,0.0,0,-24.45,-3.5,[],0,0,[],[]
433510,435660,OCH,CXN,0.0,20,XIOCC,RC,0,NT,FH,0.0,0,-42.77,-34.28,[],0,0,[],[]
435660,436880,NA,TVN,0.0,20,XIOCC,NA,NA,NA,NA,0.0,0,-49.94,-43.45,[],0,0,[],[]
436880,438430,OCH,CXN,0.0,20,XIOCC,RC,0,NT,FH,0.0,0,-41.02,-31.64,[],0,0,[],[]
438430,439380,NA,SIL,0.0,20,XIOCC,NA,NA,NA,NA,0.0,0,-51.14,-39.21,[],0,0,[],[]
439380,440180,NA,OLF,0.0,20,XIOCC,NA,NA,NA,NA,0.0,0,-45.85,-31.8,[],0,0,[],[]
440180,441220,OCH,CXN,0.0,20,XIOCC,RC,0,NT,FH,0.0,0,-44.92,-36.47,[],0,0,[],[]
441220,441820,NA,CHF,0.0,20,XIOCC,RC,0,NT,FI,1.0,600,-47.7,-36.71,"[{'Canonical-syllable': '0', 'Growl': '1', 'High-freq-energy': '0', 'Long-island': '0', 'Low-tilt-spectrum': '1', 'Medium-island': '1', 'Short-island': '0', 'Squeal': '0', 'Typical-entropy': '0', 'Voicing-quality': '1', 'Wide-band': '0', 'Xlong-island': '0', 'seq': '1', 'end': 441.82, 'start': 441.22}]",0,0,[],[]
441820,450580,OCH,CXN,0.0,20,XIOCC,RC,0,NT,FI,0.0,0,-43.14,-32.65,[],0,0,[],[]
450580,451480,NA,NOF,0.0,20,XIOCC,NA,NA,NA,NA,0.0,0,-45.94,-33.19,[],0,0,[],[]
451480,453380,NA,SIL,0.0,20,XIOCC,NA,NA,NA,NA,0.0,0,-54.6,-45.26,[],0,0,[],[]
453380,454180,NA,CXF,0.0,20,XIOCC,NA,NA,NA,NA,0.0,0,-47.89,-40.7,[],0,0,[],[]
454180,454980,NA,SIL,0.0,20,XIOCC,NA,NA,NA,NA,0.0,0,-53.85,-44.26,[],0,0,[],[]
454980,457510,OCH,CXN,0.0,20,XIOCC,EC,0,NT,FH,0.0,0,-42.99,-32.5,[],0,0,[],[]
457510,458880,NA,NOF,0.0,21,pause,NA,NA,NA,NA,0.0,0,-30.42,-11.68,[],0,0,[],[]
458880,459710,NA,OLN,0.0,21,pause,NA,NA,NA,NA,0.0,0,-29.89,-16.97,[],0,0,[],[]
459710,460670,NA,NOF,0.0,21,pause,NA,NA,NA,NA,0.0,0,-18.58,-4.9,[],0,0,[],[]
460670,461830,NA,OLF,0.0,21,pause,NA,NA,NA,NA,0.0,0,-18.66,-2.79,[],0,0,[],[]
461830,462890,NA,NOF,0.0,21,pause,NA,NA,NA,NA,0.0,0,-15.15,-2.7,[],0,0,[],[]
462890,466100,NA,OLF,0.0,21,pause,NA,NA,NA,NA,0.0,0,-31.24,-9.32,[],0,0,[],[]
466100,466900,NA,NOF,0.0,21,pause,NA,NA,NA,NA,0.0,0,-30.22,-21.84,[],0,0,[],[]
466900,469490,NA,OLN,0.0,21,pause,NA,NA,NA,NA,0.0,0,-17.19,-3.73,[],0,0,[],[]
469490,470650,NA,NOF,0.0,21,pause,NA,NA,NA,NA,0.0,0,-19.37,-8.39,[],0,0,[],[]
470650,472340,NA,TVF,0.0,21,pause,NA,NA,NA,NA,0.0,0,-39.58,-36.65,[],0,0,[],[]
472340,473210,NA,NOF,0.0,21,pause,NA,NA,NA,NA,0.0,0,-38.1,-22.23,[],0,0,[],[]
473210,474030,NA,TVF,0.0,21,pause,NA,NA,NA,NA,0.0,0,-42.32,-38.97,[],0,0,[],[]
474030,474900,NA,CXF,0.0,21,pause,NA,NA,NA,NA,0.0,0,-40.17,-31.89,[],0,0,[],[]
474900,475970,NA,TVF,0.0,21,pause,NA,NA,NA,NA,0.0,0,-42.39,-31.72,[],0,0,[],[]
475970,476770,NA,CXF,0.0,21,pause,NA,NA,NA,NA,0.0,0,-41.69,-32.41,[],0,0,[],[]
476770,477790,NA,TVN,0.0,21,pause,NA,NA,NA,NA,0.0,0,-41.61,-33.26,[],0,0,[],[]
477790,479320,NA,CXF,0.0,21,pause,NA,NA,NA,NA,0.0,0,-43.24,-33.41,[],0,0,[],[]
479320,480460,NA,SIL,0.0,21,pause,NA,NA,NA,NA,0.0,0,-49.26,-42.35,[],0,0,[],[]
480460,481350,NA,TVF,0.0,21,pause,NA,NA,NA,NA,0.0,0,-43.58,-33.15,[],0,0,[],[]
481350,486850,NA,TVF,0.0,21,pause,NA,NA,NA,NA,0.0,0,-45.59,-35.28,[],0,0,[],[]
486850,488940,OCH,CXN,0.0,21,XM,BC,0,NT,FI,0.0,0,-42.84,-34.55,[],0,0,[],[]
488940,490870,NA,TVF,0.0,21,XM,NA,NA,NA,NA,0.0,0,-46.03,-38.3,[],0,0,[],[]
490870,491670,NA,OLF,0.0,21,XM,NA,NA,NA,NA,0.0,0,-43.75,-37.56,[],0,0,[],[]
491670,492700,OCH,CXN,0.0,21,XM,RC,0,NT,FH,0.0,0,-41.17,-31.91,[],0,0,[],[]
492700,493790,NA,TVN,0.0,21,XM,NA,NA,NA,NA,0.0,0,-48.08,-41.52,[],0,0,[],[]
493790,494780,OCH,CXN,0.0,21,XM,EC,0,NT,FH,0.0,0,-43.5,-37.68,[],0,0,[],[]
494780,496550,NA,OLF,0.0,22,pause,NA,NA,NA,NA,0.0,0,-34.03,-20.28,[],0,0,[],[]
496550,497360,NA,NOF,0.0,22,pause,NA,NA,NA,NA,0.0,0,-13.46,-2.75,[],0,0,[],[]
497360,498580,NA,OLN,0.0,22,pause,NA,NA,NA,NA,0.0,0,-15.4,-2.41,[],0,0,[],[]
498580,499450,NA,NOF,0.0,22,pause,NA,NA,NA,NA,0.0,0,-21.68,-5.59,[],0,0,[],[]
499450,500290,NA,OLF,0.0,22,pause,NA,NA,NA,NA,0.0,0,-11.11,-2.24,[],0,0,[],[]
500290,501120,NA,NOF,0.0,22,pause,NA,NA,NA,NA,0.0,0,-25.15,-13.36,[],0,0,[],[]
501120,501920,NA,OLF,0.0,22,pause,NA,NA,NA,NA,0.0,0,-11.63,-3.41,[],0,0,[],[]
501920,502730,NA,NOF,0.0,22,pause,NA,NA,NA,NA,0.0,0,-32.33,-18.13,[],0,0,[],[]
502730,503930,NA,CXF,0.0,22,pause,NA,NA,NA,NA,0.0,0,-42.4,-33.33,[],0,0,[],[]
503930,504820,NA,OLF,0.0,22,pause,NA,NA,NA,NA,0.0,0,-42.42,-29.56,[],0,0,[],[]
504820,505620,NA,NOF,0.0,22,pause,NA,NA,NA,NA,0.0,0,-33.28,-17.28,[],0,0,[],[]
505620,507890,NA,SIL,0.0,22,pause,NA,NA,NA,NA,0.0,0,-46.75,-25.22,[],0,0,[],[]
507890,511700,OCH,CXN,0.0,22,XM,BC,0,NT,FI,0.0,0,-40.88,-20.41,[],0,0,[],[]
511700,513360,NA,TVF,0.0,22,XM,NA,NA,NA,NA,0.0,0,-45.45,-38.21,[],0,0,[],[]
513360,514370,NA,OLF,0.0,22,XM,NA,NA,NA,NA,0.0,0,-43.3,-28.6,[],0,0,[],[]
514370,515740,NA,TVN,0.0,22,XM,NA,NA,NA,NA,0.0,0,-44.83,-39.23,[],0,0,[],[]
515740,518440,OCH,CXN,0.0,22,XM,RC,0,NT,FH,0.0,0,-23.38,-6.59,[],0,0,[],[]
518440,519500,NA,TVF,0.0,22,XM,NA,NA,NA,NA,0.0,0,-46.97,-43.74,[],0,0,[],[]
519500,520300,OCH,CXN,0.0,22,XM,RC,0,NT,FH,0.0,0,-44.61,-39.11,[],0,0,[],[]
520300,521280,NA,SIL,0.0,22,XM,NA,NA,NA,NA,0.0,0,-49.27,-42.45,[],0,0,[],[]
521280,523000,NA,TVF,0.0,22,XM,NA,NA,NA,NA,0.0,0,-45.09,-38.57,[],0,0,[],[]
523000,524600,OCH,CXN,0.0,22,XM,EC,0,NT,FH,0.0,0,-41.89,-33.57,[],0,0,[],[]
524600,526880,NA,TVF,0.0,23,pause,NA,NA,NA,NA,0.0,0,-48.4,-39.05,[],0,0,[],[]
526880,527880,NA,TVN,0.0,23,pause,NA,NA,NA,NA,0.0,0,-47.71,-40.08,[],0,0,[],[]
527880,529240,NA,CXF,0.0,23,pause,NA,NA,NA,NA,0.0,0,-42.79,-35.51,[],0,0,[],[]
529240,530570,NA,TVF,0.0,23,pause,NA,NA,NA,NA,0.0,0,-47.13,-39.7,[],0,0,[],[]
530570,531990,NA,CXF,0.0,23,pause,NA,NA,NA,NA,0.0,0,-44.61,-35.3,[],0,0,[],[]
531990,533030,NA,NOF,0.0,23,pause,NA,NA,NA,NA,0.0,0,-18.77,-5.94,[],0,0,[],[]
533030,533850,NA,OLF,0.0,23,pause,NA,NA,NA,NA,0.0,0,-12.45,-2.04,[],0,0,[],[]
533850,539110,NA,NOF,0.0,23,pause,NA,NA,NA,NA,0.0,0,-19.19,-2.53,[],0,0,[],[]
539110,539990,NA,OLF,0.0,23,pause,NA,NA,NA,NA,0.0,0,-15.43,-1.86,[],0,0,[],[]
539990,540800,NA,NOF,0.0,23,pause,NA,NA,NA,NA,0.0,0,-15.05,-2.88,[],0,0,[],[]
540800,541610,NA,OLF,0.0,23,pause,NA,NA,NA,NA,0.0,0,-15.31,-3.87,[],0,0,[],[]
541610,542480,NA,NOF,0.0,23,pause,NA,NA,NA,NA,0.0,0,-17.95,-2.22,[],0,0,[],[]
542480,545890,NA,OLF,0.0,23,pause,NA,NA,NA,NA,0.0,0,-18.42,-2.19,[],0,0,[],[]
545890,547070,NA,SIL,0.0,23,pause,NA,NA,NA,NA,0.0,0,-44.61,-41.19,[],0,0,[],[]
547070,548840,OCH,CXN,0.0,23,XM,BC,0,NT,FI,0.0,0,-42.37,-33.12,[],0,0,[],[]
548840,549840,NA,TVN,0.0,23,XM,NA,NA,NA,NA,0.0,0,-35.4,-30.35,[],0,0,[],[]
549840,551630,OCH,CXN,0.0,23,XM,EC,0,NT,FH,0.0,0,-42.48,-31.67,[],0,0,[],[]
551630,555850,NA,TVN,0.0,24,pause,NA,NA,NA,NA,0.0,0,-41.13,-34.42,[],0,0,[],[]
555850,556720,NA,SIL,0.0,24,pause,NA,NA,NA,NA,0.0,0,-49.45,-33.39,[],0,0,[],[]
556720,559320,OCH,CXN,0.0,24,XM,EC,0,NT,FI,0.0,0,-38.86,-22.91,[],0,0,[],[]
559320,560440,NA,SIL,0.0,25,pause,NA,NA,NA,NA,0.0,0,-54.57,-46.03,[],0,0,[],[]
560440,564170,NA,CXF,0.0,25,pause,NA,NA,NA,NA,0.0,0,-40.21,-29.15,[],0,0,[],[]
564170,565030,NA,SIL,0.0,25,pause,NA,NA,NA,NA,0.0,0,-52.9,-44.78,[],0,0,[],[]
565030,570130,OCH,CXN,0.0,25,XM,BC,0,NT,FI,0.0,0,-38.95,-25.83,[],0,0,[],[]
570130,570730,NA,CXF,0.0,25,XM,NA,NA,NA,NA,0.0,0,-46.02,-34.62,[],0,0,[],[]
570730,572620,OCH,CXN,0.0,25,XM,RC,0,NT,FH,0.0,0,-40.64,-29.38,[],0,0,[],[]
572620,573420,NA,SIL,0.0,25,XM,NA,NA,NA,NA,0.0,0,-40.57,-29.23,[],0,0,[],[]
573420,574320,OCH,CXN,0.0,25,XM,RC,0,NT,FH,0.0,0,-38.13,-21.63,[],0,0,[],[]
574320,575990,NA,SIL,0.0,25,XM,NA,NA,NA,NA,0.0,0,-49.96,-34.83,[],0,0,[],[]
575990,576990,OCH,CXN,0.0,25,XM,RC,0,NT,FH,0.0,0,-41.57,-33.02,[],0,0,[],[]
576990,577790,NA,SIL,0.0,25,XM,NA,NA,NA,NA,0.0,0,-52.4,-45.23,[],0,0,[],[]
577790,578640,NA,CXF,0.0,25,XM,NA,NA,NA,NA,0.0,0,-44.39,-34.52,[],0,0,[],[]
578640,579910,NA,FAF,0.0,25,XM,NA,NA,NA,NA,0.0,0,-43.09,-30.67,[],0,0,[],[]
579910,581740,OCH,CXN,0.0,25,XM,RC,0,NT,FH,0.0,0,-39.27,-29.21,[],0,0,[],[]
581740,582540,NA,OLN,0.0,25,XM,NA,NA,NA,NA,0.0,0,-38.79,-31.12,[],0,0,[],[]
582540,584730,OCH,CXN,0.0,25,XM,RC,0,NT,FH,0.0,0,-39.7,-25.99,[],0,0,[],[]
584730,585530,NA,SIL,0.0,25,XM,NA,NA,NA,NA,0.0,0,-51.17,-38.82,[],0,0,[],[]
585530,588080,OCH,CXN,0.0,25,XM,EC,0,NT,FH,0.0,0,-39.71,-29.48,[],0,0,[],[]
588080,590840,NA,OLF,0.0,26,pause,NA,NA,NA,NA,0.0,0,-17.79,-4.93,[],0,0,[],[]
590840,592080,NA,NOF,0.0,26,pause,NA,NA,NA,NA,0.0,0,-18.27,-8.13,[],0,0,[],[]
592080,593720,NA,OLF,0.0,26,pause,NA,NA,NA,NA,0.0,0,-22.61,-8.13,[],0,0,[],[]
593720,595260,NA,NOF,0.0,26,pause,NA,NA,NA,NA,0.0,0,-16.03,-1.82,[],0,0,[],[]
595260,596390,NA,OLN,0.0,26,pause,NA,NA,NA,NA,0.0,0,-17.14,-2.67,[],0,0,[],[]
596390,598500,NA,NOF,0.0,26,pause,NA,NA,NA,NA,0.0,0,-14.48,-1.62,[],0,0,[],[]
598500,599690,NA,OLF,0.0,26,pause,NA,NA,NA,NA,0.0,0,-26.51,-10.0,[],0,0,[],[]
599690,600790,NA,NOF,0.0,26,pause,NA,NA,NA,NA,0.0,0,-20.14,-6.21,[],0,0,[],[]
600790,602640,NA,OLF,0.0,26,pause,NA,NA,NA,NA,0.0,0,-19.96,-6.61,[],0,0,[],[]
602640,603440,NA,NOF,0.0,26,pause,NA,NA,NA,NA,0.0,0,-37.15,-23.15,[],0,0,[],[]
603440,605470,NA,OLF,0.0,26,pause,NA,NA,NA,NA,0.0,0,-28.51,-11.02,[],0,0,[],[]
605470,606340,OCH,CXN,0.0,26,XM,BC,0,NT,FI,0.0,0,-37.93,-31.11,[],0,0,[],[]
606340,607860,NA,OLF,0.0,26,XM,NA,NA,NA,NA,0.0,0,-41.02,-34.3,[],0,0,[],[]
607860,609450,OCH,CXN,0.0,26,XM,RC,0,NT,FH,0.0,0,-39.02,-28.65,[],0,0,[],[]
609450,610310,NA,SIL,0.0,26,XM,NA,NA,NA,NA,0.0,0,-50.61,-40.95,[],0,0,[],[]
610310,611600,OCH,CXN,0.0,26,XM,RC,0,NT,FH,0.0,0,-40.82,-28.91,[],0,0,[],[]
611600,612570,NA,SIL,0.0,26,XM,NA,NA,NA,NA,0.0,0,-49.5,-36.92,[],0,0,[],[]
612570,613370,OCH,CXN,0.0,26,XM,RC,0,NT,FH,0.0,0,-41.33,-30.31,[],0,0,[],[]
613370,613970,NA,SIL,0.0,26,XM,NA,NA,NA,NA,0.0,0,-51.93,-46.06,[],0,0,[],[]
613970,615790,OCH,CXN,0.0,26,XM,RC,0,NT,FH,0.0,0,-39.91,-30.99,[],0,0,[],[]
615790,619060,NA,SIL,0.0,26,XM,NA,NA,NA,NA,0.0,0,-53.09,-42.53,[],0,0,[],[]
619060,619950,OCH,CXN,0.0,26,XM,RC,0,NT,FH,0.0,0,-43.47,-32.83,[],0,0,[],[]
619950,620950,OCH,CXN,0.0,26,XM,RC,0,NT,FH,0.0,0,-42.11,-33.77,[],0,0,[],[]
620950,622010,NA,SIL,0.0,26,XM,NA,NA,NA,NA,0.0,0,-53.92,-45.11,[],0,0,[],[]
622010,623110,OCH,CXN,0.0,26,XM,RC,0,NT,FH,0.0,0,-43.66,-36.3,[],0,0,[],[]
623110,624120,NA,TVN,0.0,26,XM,NA,NA,NA,NA,0.0,0,-42.95,-37.49,[],0,0,[],[]
624120,625460,NA,SIL,0.0,26,XM,NA,NA,NA,NA,0.0,0,-56.57,-50.37,[],0,0,[],[]
625460,626370,NA,CXF,0.0,26,XM,NA,NA,NA,NA,0.0,0,-45.34,-38.61,[],0,0,[],[]
626370,631350,OCH,CXN,0.0,26,XM,RC,0,NT,FH,0.0,0,-42.95,-36.24,[],0,0,[],[]
631350,632240,NA,SIL,0.0,26,XM,NA,NA,NA,NA,0.0,0,-47.06,-35.74,[],0,0,[],[]
632240,639010,OCH,CXN,0.0,26,XM,EC,0,NT,FH,0.0,0,-43.14,-32.57,[],0,0,[],[]
639010,640180,NA,TVF,0.0,27,pause,NA,NA,NA,NA,0.0,0,-43.25,-34.95,[],0,0,[],[]
640180,641660,NA,OLF,0.0,27,pause,NA,NA,NA,NA,0.0,0,-45.4,-40.26,[],0,0,[],[]
641660,645840,NA,TVN,0.0,27,pause,NA,NA,NA,NA,0.0,0,-44.73,-35.57,[],0,0,[],[]
645840,647460,NA,CXF,0.0,27,pause,NA,NA,NA,NA,0.0,0,-44.09,-35.88,[],0,0,[],[]
647460,648510,NA,TVN,0.0,27,pause,NA,NA,NA,NA,0.0,0,-43.07,-35.77,[],0,0,[],[]
648510,649310,NA,SIL,0.0,27,pause,NA,NA,NA,NA,0.0,0,-47.34,-41.44,[],0,0,[],[]
649310,653210,NA,TVN,0.0,27,pause,NA,NA,NA,NA,0.0,0,-46.39,-34.68,[],0,0,[],[]
653210,654360,OCH,CXN,0.0,27,XM,BC,0,NT,FI,0.0,0,-45.24,-38.92,[],0,0,[],[]
654360,655360,NA,TVN,0.0,27,XM,NA,NA,NA,NA,0.0,0,-50.49,-43.3,[],0,0,[],[]
655360,656170,NA,OLF,0.0,27,XM,NA,NA,NA,NA,0.0,0,-43.49,-35.27,[],0,0,[],[]
656170,657270,NA,SIL,0.0,27,XM,NA,NA,NA,NA,0.0,0,-48.97,-40.2,[],0,0,[],[]
657270,658630,NA,MAF,0.0,27,XM,NA,NA,NA,NA,0.0,0,-44.48,-34.45,[],0,0,[],[]
658630,659460,OCH,CXN,0.0,27,XM,RC,0,NT,FH,0.0,0,-42.27,-35.31,[],0,0,[],[]
659460,660460,NA,TVF,0.0,27,XM,NA,NA,NA,NA,0.0,0,-47.35,-35.45,[],0,0,[],[]
660460,661460,OCH,CXN,0.0,27,XM,EC,0,NT,FH,0.0,0,-42.25,-35.18,[],0,0,[],[]
661460,662260,NA,OLF,0.0,28,pause,NA,NA,NA,NA,0.0,0,-43.3,-37.52,[],0,0,[],[]
662260,663490,NA,CXF,0.0,28,pause,NA,NA,NA,NA,0.0,0,-43.58,-35.14,[],0,0,[],[]
663490,665510,NA,NOF,0.0,28,pause,NA,NA,NA,NA,0.0,0,-18.57,-4.53,[],0,0,[],[]
665510,666330,NA,OLF,0.0,28,pause,NA,NA,NA,NA,0.0,0,-33.56,-25.88,[],0,0,[],[]
666330,668140,NA,NOF,0.0,28,pause,NA,NA,NA,NA,0.0,0,-19.86,-3.47,[],0,0,[],[]
668140,672030,NA,OLF,0.0,28,pause,NA,NA,NA,NA,0.0,0,-18.03,-1.07,[],0,0,[],[]
672030,673000,NA,NOF,0.0,28,pause,NA,NA,NA,NA,0.0,0,-15.12,-3.02,[],0,0,[],[]
673000,673830,NA,OLF,0.0,28,pause,NA,NA,NA,NA,0.0,0,-19.45,-7.92,[],0,0,[],[]
673830,674650,NA,NOF,0.0,28,pause,NA,NA,NA,NA,0.0,0,-22.02,-6.32,[],0,0,[],[]
674650,675480,NA,OLN,0.0,28,pause,NA,NA,NA,NA,0.0,0,-19.69,-6.79,[],0,0,[],[]
675480,677340,NA,CXF,0.0,28,pause,NA,NA,NA,NA,0.0,0,-36.16,-21.46,[],0,0,[],[]
677340,679650,OCH,CXN,0.0,28,XM,BC,0,NT,FI,0.0,0,-44.49,-35.9,[],0,0,[],[]
679650,680450,NA,SIL,0.0,28,XM,NA,NA,NA,NA,0.0,0,-48.03,-34.81,[],0,0,[],[]
680450,681490,NA,FAF,0.0,28,XM,NA,NA,NA,NA,0.0,0,-44.23,-29.26,[],0,0,[],[]
681490,684240,OCH,CXN,0.0,28,XM,EC,0,NT,FH,0.0,0,-40.94,-25.77,[],0,0,[],[]
684240,685160,NA,SIL,0.0,29,pause,NA,NA,NA,NA,0.0,0,-51.67,-43.66,[],0,0,[],[]
685160,686690,NA,CXF,0.0,29,pause,NA,NA,NA,NA,0.0,0,-41.72,-25.15,[],0,0,[],[]
686690,687630,NA,OLF,0.0,29,pause,NA,NA,NA,NA,0.0,0,-45.18,-38.18,[],0,0,[],[]
687630,688680,NA,TVF,0.0,29,pause,NA,NA,NA,NA,0.0,0,-42.75,-34.68,[],0,0,[],[]
688680,690480,NA,CXF,0.0,29,pause,NA,NA,NA,NA,0.0,0,-44.71,-36.66,[],0,0,[],[]
690480,692480,NA,TVN,0.0,29,pause,NA,NA,NA,NA,0.0,0,-40.69,-32.6,[],0,0,[],[]
692480,693900,NA,MAF,0.0,29,pause,NA,NA,NA,NA,0.0,0,-42.81,-29.92,[],0,0,[],[]
693900,694880,NA,OLF,0.0,29,pause,NA,NA,NA,NA,0.0,0,-41.96,-30.23,[],0,0,[],[]
694880,695950,NA,TVF,0.0,29,pause,NA,NA,NA,NA,0.0,0,-46.15,-40.63,[],0,0,[],[]
695950,698580,OCH,CXN,0.0,29,XM,BC,0,NT,FI,0.0,0,-41.85,-32.17,[],0,0,[],[]
698580,700900,NA,TVN,0.0,29,XM,NA,NA,NA,NA,0.0,0,-46.41,-38.29,[],0,0,[],[]
700900,703280,OCH,CXN,0.0,29,XM,RC,0,NT,FH,0.0,0,-41.72,-33.47,[],0,0,[],[]
703280,704680,NA,TVN,0.0,29,XM,NA,NA,NA,NA,0.0,0,-45.82,-39.54,[],0,0,[],[]
704680,707720,OCH,CXN,0.0,29,XM,RC,0,NT,FH,0.0,0,-42.7,-33.08,[],0,0,[],[]
707720,709110,NA,TVN,0.0,29,XM,NA,NA,NA,NA,0.0,0,-47.2,-42.38,[],0,0,[],[]
709110,712060,OCH,CXN,0.0,29,XM,RC,0,NT,FH,0.0,0,-41.92,-30.22,[],0,0,[],[]
712060,713480,NA,SIL,0.0,29,XM,NA,NA,NA,NA,0.0,0,-46.99,-36.47,[],0,0,[],[]
713480,714480,NA,TVN,0.0,29,XM,NA,NA,NA,NA,0.0,0,-44.61,-37.58,[],0,0,[],[]
714480,717610,OCH,CXN,0.0,29,XM,EC,0,NT,FH,0.0,0,-42.33,-33.83,[],0,0,[],[]
717610,719270,NA,TVN,0.0,30,pause,NA,NA,NA,NA,0.0,0,-43.83,-36.4,[],0,0,[],[]
719270,720270,NA,CXF,0.0,30,pause,NA,NA,NA,NA,0.0,0,-38.81,-32.92,[],0,0,[],[]
720270,721640,NA,TVN,0.0,30,pause,NA,NA,NA,NA,0.0,0,-37.64,-31.73,[],0,0,[],[]
721640,722440,NA,OLF,0.0,30,pause,NA,NA,NA,NA,0.0,0,-36.49,-30.67,[],0,0,[],[]
722440,723990,NA,SIL,0.0,30,pause,NA,NA,NA,NA,0.0,0,-48.02,-37.24,[],0,0,[],[]
723990,725100,NA,FAF,0.0,30,pause,NA,NA,NA,NA,0.0,0,-46.17,-34.85,[],0,0,[],[]
725100,726690,OCH,CXN,0.0,30,XIOCA,BC,0,NT,FI,0.0,0,-36.78,-26.61,[],0,0,[],[]
726690,727490,NA,OLF,0.0,30,XIOCA,NA,NA,NA,NA,0.0,0,-39.46,-33.08,[],0,0,[],[]
727490,729190,NA,TVF,0.0,30,XIOCA,NA,NA,NA,NA,0.0,0,-41.13,-31.04,[],0,0,[],[]
729190,730190,NA,CXF,0.0,30,XIOCA,NA,NA,NA,NA,0.0,0,-46.83,-38.49,[],0,0,[],[]
730190,733920,OCH,CXN,0.0,30,XIOCA,RC,0,NT,FH,0.0,0,-40.65,-29.33,[],0,0,[],[]
733920,734720,NA,CXF,0.0,30,XIOCA,NA,NA,NA,NA,0.0,0,-47.46,-38.85,[],0,0,[],[]
734720,735790,OCH,CXN,0.0,30,XIOCA,RC,0,NT,FH,0.0,0,-35.18,-22.76,[],0,0,[],[]
735790,736790,FEM,FAN,1.21,30,XIOCA,RC,0,NT,FI,0.0,0,-34.3,-22.44,[],0,0,[],[]
736790,737590,NA,CXF,0.0,30,XIOCA,NA,NA,NA,NA,0.0,0,-39.42,-30.87,[],0,0,[],[]
737590,738390,NA,SIL,0.0,30,XIOCA,NA,NA,NA,NA,0.0,0,-54.95,-47.11,[],0,0,[],[]
738390,740050,OCH,CXN,0.0,30,XIOCA,EC,0,NT,FI,0.0,0,-40.46,-34.57,[],0,0,[],[]
740050,741330,NA,OLF,0.0,31,pause,NA,NA,NA,NA,0.0,0,-41.02,-34.35,[],0,0,[],[]
741330,743820,NA,TVN,0.0,31,pause,NA,NA,NA,NA,0.0,0,-43.93,-37.02,[],0,0,[],[]
743820,744940,NA,OLF,0.0,31,pause,NA,NA,NA,NA,0.0,0,-42.26,-36.18,[],0,0,[],[]
744940,745760,NA,NOF,0.0,31,pause,NA,NA,NA,NA,0.0,0,-43.71,-36.85,[],0,0,[],[]
745760,746980,NA,CXF,0.0,31,pause,NA,NA,NA,NA,0.0,0,-43.77,-36.94,[],0,0,[],[]
746980,751070,NA,OLF,0.0,31,pause,NA,NA,NA,NA,0.0,0,-15.1,-1.11,[],0,0,[],[]
751070,751990,CHI,CHN,0.0,31,pause,NA,NA,NA,NA,0.0,0,-17.4,-14.64,[],0,920,"[{'start': 751.07, 'end': 751.99}]",[]
751990,752800,NA,OLN,0.0,31,pause,NA,NA,NA,NA,0.0,0,-26.79,-19.48,[],0,0,[],[]
752800,753620,OCH,CXN,0.0,31,XIOCA,BC,0,NT,FI,0.0,0,-30.08,-24.34,[],0,0,[],[]
753620,754220,FEM,FAN,1.2,31,XIOCA,RC,0,NT,FI,0.0,0,-28.51,-12.79,[],0,0,[],[]
754220,755240,NA,TVF,0.0,31,XIOCA,NA,NA,NA,NA,0.0,0,-39.35,-21.18,[],0,0,[],[]
755240,757130,NA,CXF,0.0,31,XIOCA,NA,NA,NA,NA,0.0,0,-41.55,-34.1,[],0,0,[],[]
757130,758040,NA,SIL,0.0,31,XIOCA,NA,NA,NA,NA,0.0,0,-46.23,-39.13,[],0,0,[],[]
758040,759040,FEM,FAN,3.82,31,XIOCA,EC,0,NT,FH,0.0,0,-28.91,-15.0,[],0,0,[],[]
759040,763100,NA,OLN,0.0,32,pause,NA,NA,NA,NA,0.0,0,-16.17,-1.29,[],0,0,[],[]
763100,764970,NA,NOF,0.0,32,pause,NA,NA,NA,NA,0.0,0,-19.2,-3.67,[],0,0,[],[]
764970,766610,NA,TVF,0.0,32,pause,NA,NA,NA,NA,0.0,0,-35.95,-21.17,[],0,0,[],[]
